month,customer_id,cohort_index,design_partner,active,managed_spend_cents,take_rate_bps,platform_fee_cents,revenue_cents,compute_cost_cents,telemetry_cost_cents,support_cost_cents,cogs_cents
2024-11,HX-C0001,5,0,1,7903223,285,85000,310241,68984,17246,15218,101448
2024-12,HX-C0001,5,0,1,8163030,285,85000,317646,70156,17539,15476,103171
2025-01,HX-C0001,5,0,1,8279539,285,85000,320966,70409,17602,15532,103543
2025-02,HX-C0001,5,0,1,8353287,285,85000,323068,70386,17596,15528,103510
2025-03,HX-C0001,5,0,1,8727467,285,85000,333732,72211,18052,15930,106193
2025-04,HX-C0001,5,0,1,8947563,285,85000,340005,73059,18264,16118,107441
2025-05,HX-C0001,5,0,1,9118299,285,85000,344871,73589,18397,16234,108220
2025-06,HX-C0001,5,0,1,9209727,285,85000,347477,73625,18406,16242,108273
2025-07,HX-C0001,5,0,1,9607367,285,85000,358809,75490,18872,16653,111015
2025-08,HX-C0001,5,0,1,9905320,285,85000,367301,76727,19181,16926,112834
2025-09,HX-C0001,5,0,1,10186048,285,85000,375302,77837,19459,17171,114467
2025-10,HX-C0001,5,0,1,10330216,285,85000,379411,78121,19530,17234,114885
2025-11,HX-C0001,5,0,1,10473772,285,85000,383502,78390,19597,17293,115280
2025-12,HX-C0001,5,0,1,10715596,285,85000,390394,79215,19803,17475,116493
2026-01,HX-C0001,5,0,1,11117200,285,85000,401840,80937,20234,17854,119025
2026-02,HX-C0001,5,0,1,11392746,285,85000,409693,81905,20476,18068,120449
2026-03,HX-C0001,5,0,1,11730796,285,85000,419327,83204,20801,18354,122359
2026-04,HX-C0001,5,0,1,11813891,285,85000,421695,83042,20760,18320,122122
2026-05,HX-C0001,5,0,1,12145840,285,85000,431156,84261,21065,18588,123914
2026-06,HX-C0001,5,0,1,12404126,285,85000,438517,85044,21261,18760,125065
2026-07,HX-C0001,5,0,1,12531116,285,85000,442136,85084,21271,18769,125124
2024-08,HX-C0002,4,0,1,16753556,235,85000,478708,108593,27148,23955,159696
2024-09,HX-C0002,4,0,1,17075086,235,85000,486264,109579,27394,24174,161147
2024-10,HX-C0002,4,0,1,17558876,235,85000,497633,111397,27849,24574,163820
2024-11,HX-C0002,4,0,1,18227913,235,85000,513355,114149,28537,25181,167867
2024-12,HX-C0002,4,0,1,18790626,235,85000,526579,116301,29075,25656,171032
2025-01,HX-C0002,4,0,1,19296576,235,85000,538469,118122,29530,26058,173710
2025-02,HX-C0002,4,0,1,19716199,235,85000,548330,119465,29866,26353,175684
2025-03,HX-C0002,4,0,1,19870733,235,85000,551962,119431,29857,26346,175634
2025-04,HX-C0002,4,0,1,20507353,235,85000,566922,121819,30454,26874,179147
2025-05,HX-C0002,4,0,1,20948169,235,85000,577281,123182,30795,27173,181150
2025-06,HX-C0002,4,0,1,21627941,235,85000,593256,125703,31425,27730,184858
2025-07,HX-C0002,4,0,1,22538751,235,85000,614660,129319,32329,28527,190175
2025-08,HX-C0002,4,0,1,22847776,235,85000,621922,129916,32479,28659,191054
2025-09,HX-C0002,4,0,1,23261224,235,85000,631638,131001,32750,28898,192649
2025-10,HX-C0002,4,0,1,23955595,235,85000,647956,133416,33354,29431,196201
2025-11,HX-C0002,4,0,1,24499532,235,85000,660739,135060,33765,29793,198618
2025-12,HX-C0002,4,0,1,25220155,235,85000,677673,137507,34376,30334,202217
2026-01,HX-C0002,4,0,1,26025745,235,85000,696605,140307,35076,30951,206334
2026-02,HX-C0002,4,0,1,26356245,235,85000,704371,140817,35204,31064,207085
2026-03,HX-C0002,4,0,1,26615089,235,85000,710454,140970,35242,31098,207310
2026-04,HX-C0002,4,0,1,27552946,235,85000,732494,144248,36062,31820,212130
2026-05,HX-C0002,4,0,1,28082924,235,85000,744948,145586,36396,32116,214098
2026-06,HX-C0002,4,0,1,28728600,235,85000,760122,147414,36853,32519,216786
2026-07,HX-C0002,4,0,1,29905389,235,85000,787776,151599,37899,33442,222940
2024-11,HX-C0003,5,0,1,6078072,285,85000,258225,57418,14354,12667,84439
2024-12,HX-C0003,5,0,1,6256953,285,85000,263323,58158,14539,12830,85527
2025-01,HX-C0003,5,0,1,6395286,285,85000,267265,58628,14657,12934,86219
2025-02,HX-C0003,5,0,1,6578087,285,85000,272475,59364,14841,13095,87300
2025-03,HX-C0003,5,0,1,6718404,285,85000,276474,59822,14955,13197,87974
2025-04,HX-C0003,5,0,1,6924421,285,85000,282345,60670,15167,13384,89221
2025-05,HX-C0003,5,0,1,7112567,285,85000,287708,61391,15347,13544,90282
2025-06,HX-C0003,5,0,1,7330768,285,85000,293926,62279,15569,13739,91587
2025-07,HX-C0003,5,0,1,7537584,285,85000,299821,63079,15769,13916,92764
2025-08,HX-C0003,5,0,1,7875022,285,85000,309438,64640,16160,14259,95059
2025-09,HX-C0003,5,0,1,7939231,285,85000,311268,64556,16139,14241,94936
2025-10,HX-C0003,5,0,1,8142845,285,85000,317071,65286,16321,14402,96009
2025-11,HX-C0003,5,0,1,8429688,285,85000,325246,66482,16620,14666,97768
2025-12,HX-C0003,5,0,1,8581752,285,85000,329579,66875,16718,14753,98346
2026-01,HX-C0003,5,0,1,8724945,285,85000,333660,67204,16801,14825,98830
2026-02,HX-C0003,5,0,1,8823362,285,85000,336465,67265,16816,14839,98920
2026-03,HX-C0003,5,0,1,9071445,285,85000,343536,68165,17041,15037,100243
2026-04,HX-C0003,5,0,1,9207048,285,85000,347400,68412,17103,15092,100607
2026-05,HX-C0003,5,0,1,9516782,285,85000,356228,69617,17404,15358,102379
2026-06,HX-C0003,5,0,1,9798491,285,85000,364256,70641,17660,15584,103885
2026-07,HX-C0003,5,0,1,9980616,285,85000,369447,71096,17774,15683,104553
2025-05,HX-C0004,7,0,1,11476766,285,85000,412087,87932,21983,19397,129312
2025-06,HX-C0004,7,0,1,11637680,285,85000,416673,88287,22071,19477,129835
2025-07,HX-C0004,7,0,1,11977045,285,85000,426345,89699,22424,19788,131911
2025-08,HX-C0004,7,0,1,12298878,285,85000,435518,90977,22744,20070,133791
2025-09,HX-C0004,7,0,1,12599452,285,85000,444084,92102,23025,20318,135445
2025-10,HX-C0004,7,0,1,12988247,285,85000,455165,93719,23429,20675,137823
2025-11,HX-C0004,7,0,1,13112482,285,85000,458705,93762,23440,20684,137886
2025-12,HX-C0004,7,0,1,13543095,285,85000,470978,95566,23891,21082,140539
2026-01,HX-C0004,7,0,1,14233816,285,85000,490663,98827,24706,21801,145334
2026-02,HX-C0004,7,0,1,14875346,285,85000,508947,101748,25437,22445,149630
2026-03,HX-C0004,7,0,1,15449161,285,85000,525301,104231,26057,22994,153282
2026-04,HX-C0004,7,0,1,15700999,285,85000,532478,104859,26214,23132,154205
2026-05,HX-C0004,7,0,1,16107912,285,85000,544075,106329,26582,23456,156367
2026-06,HX-C0004,7,0,1,16576632,285,85000,557434,108106,27026,23848,158980
2026-07,HX-C0004,7,0,1,17128321,285,85000,573157,110298,27574,24331,162203
2026-05,HX-C0005,11,0,1,40626976,285,85000,1242868,242896,60724,53580,357200
2026-06,HX-C0005,11,0,1,41491350,285,85000,1267503,245813,61453,54225,361491
2026-07,HX-C0005,11,0,1,41617164,285,85000,1271089,244608,61152,53958,359718
2025-11,HX-C0006,9,0,1,14723808,285,85000,504628,103149,25787,22755,151691
2025-12,HX-C0006,9,0,1,15041724,285,85000,513689,104233,26058,22993,153284
2026-01,HX-C0006,9,0,1,15406734,285,85000,524091,105559,26389,23287,155235
2026-02,HX-C0006,9,0,1,16339268,285,85000,550669,110089,27522,24285,161896
2026-03,HX-C0006,9,0,1,16792817,285,85000,563595,111830,27957,24670,164457
2026-04,HX-C0006,9,0,1,17251945,285,85000,576680,113564,28391,25051,167006
2026-05,HX-C0006,9,0,1,17915855,285,85000,595601,116399,29099,25677,171175
2026-06,HX-C0006,9,0,1,18809509,285,85000,621071,120447,30111,26571,177129
2026-07,HX-C0006,9,0,1,19100594,285,85000,629366,121114,30278,26718,178110
2024-08,HX-C0007,4,0,1,27977683,285,85000,882363,200162,50040,44154,294356
2024-09,HX-C0007,4,0,1,28049133,285,85000,884400,199301,49825,43964,293090
2024-10,HX-C0007,4,0,1,28557341,285,85000,898884,201220,50305,44387,295912
2024-11,HX-C0007,4,0,1,29096433,285,85000,914248,203292,50823,44844,298959
2024-12,HX-C0007,4,0,1,29959212,285,85000,938837,207355,51838,45741,304934
2025-01,HX-C0007,4,0,1,30808145,285,85000,963032,211258,52814,46602,310674
2025-02,HX-C0007,4,0,1,31608068,285,85000,985829,214784,53696,47379,315859
2025-03,HX-C0007,4,0,1,32265718,285,85000,1004572,217364,54341,47949,319654
2025-04,HX-C0007,4,0,1,33373606,285,85000,1036147,222646,55661,49115,327422
2025-05,HX-C0007,4,0,1,34067591,285,85000,1055926,225317,56329,49703,331349
2025-06,HX-C0007,4,0,1,34175942,285,85000,1059014,224391,56097,49500,329988
2025-07,HX-C0007,4,0,1,35167846,285,85000,1087283,228755,57188,50462,336405
2025-08,HX-C0007,4,0,1,35344177,285,85000,1092309,228178,57044,50335,335557
2025-09,HX-C0007,4,0,1,36960644,285,85000,1138378,236099,59024,52082,347205
2025-10,HX-C0007,4,0,1,37784005,285,85000,1161844,239228,59807,52771,351806
2025-11,HX-C0007,4,0,1,38117825,285,85000,1171358,239434,59858,52818,352110
2025-12,HX-C0007,4,0,1,38826186,285,85000,1191546,241778,60444,53335,355557
2026-01,HX-C0007,4,0,1,39801428,285,85000,1219340,245594,61398,54176,361168
2026-02,HX-C0007,4,0,1,40395696,285,85000,1236277,247156,61789,54520,363465
2026-03,HX-C0007,4,0,1,41031911,285,85000,1254409,248904,62226,54906,366036
2026-04,HX-C0007,4,0,1,42011490,285,85000,1282327,252525,63131,55705,371361
2026-05,HX-C0007,4,0,1,43252195,285,85000,1317687,257518,64379,56806,378703
2026-06,HX-C0007,4,0,1,44728127,285,85000,1359751,263704,65926,58170,387800
2026-07,HX-C0007,4,0,1,47253145,285,85000,1431714,275519,68879,60777,405175
2025-02,HX-C0008,6,0,1,16938273,235,85000,483049,105242,26310,23216,154768
2025-03,HX-C0008,6,0,1,17503311,235,85000,496327,107393,26848,23690,157931
2025-04,HX-C0008,6,0,1,17994114,235,85000,507861,109129,27282,24073,160484
2025-05,HX-C0008,6,0,1,18339483,235,85000,515977,110100,27525,24288,161913
2025-06,HX-C0008,6,0,1,18791194,235,85000,526593,111578,27894,24614,164086
2025-07,HX-C0008,6,0,1,18848201,235,85000,527932,111072,27768,24502,163342
2025-08,HX-C0008,6,0,1,19153811,235,85000,535114,111783,27945,24659,164387
2025-09,HX-C0008,6,0,1,19593552,235,85000,545448,113125,28281,24955,166361
2025-10,HX-C0008,6,0,1,19521171,235,85000,543747,111959,27989,24698,164646
2025-11,HX-C0008,6,0,1,19865753,235,85000,551845,112801,28200,24883,165884
2025-12,HX-C0008,6,0,1,20589284,235,85000,568848,115425,28856,25463,169744
2026-01,HX-C0008,6,0,1,20725088,235,85000,572039,115217,28804,25416,169437
2026-02,HX-C0008,6,0,1,20826257,235,85000,574417,114837,28709,25332,168878
2026-03,HX-C0008,6,0,1,21104007,235,85000,580944,115272,28818,25429,169519
2026-04,HX-C0008,6,0,1,21356561,235,85000,586879,115572,28893,25495,169960
2026-05,HX-C0008,6,0,1,21835629,235,85000,598137,116894,29223,25787,171904
2026-06,HX-C0008,6,0,1,22569531,235,85000,615383,119344,29836,26327,175507
2026-07,HX-C0008,6,0,1,23175906,235,85000,629633,121166,30291,26729,178186
2026-05,HX-C0009,11,0,1,21931248,285,85000,710040,138764,34691,30610,204065
2026-06,HX-C0009,11,0,1,22658764,285,85000,730774,141722,35430,31264,208416
2026-07,HX-C0009,11,0,1,23480711,285,85000,754200,145137,36284,32017,213438
2023-11,HX-C0010,1,1,1,22831952,235,85000,621550,149365,37341,32949,219655
2023-12,HX-C0010,1,1,1,24858722,235,85000,669179,159810,39952,35253,235015
2024-01,HX-C0010,1,1,1,26840014,235,85000,715740,169859,42464,37470,249793
2024-02,HX-C0010,1,1,1,28371597,235,85000,751732,177276,44319,39105,260700
2024-03,HX-C0010,1,1,1,30518045,235,85000,802174,187971,46992,41466,276429
2024-04,HX-C0010,1,1,1,32350229,235,85000,845230,196796,49199,43411,289406
2024-05,HX-C0010,1,1,1,34239199,235,85000,889621,205801,51450,45398,302649
2024-06,HX-C0010,1,1,1,36622373,235,85000,945625,217342,54335,47944,319621
2024-07,HX-C0010,1,1,1,39281416,235,85000,1008113,230196,57549,50779,338524
2024-08,HX-C0010,1,1,1,41997297,235,85000,1071936,243165,60791,53641,357597
2024-09,HX-C0010,1,1,1,45169876,235,85000,1146492,258363,64590,56994,379947
2024-10,HX-C0010,1,1,1,48137946,235,85000,1216241,272262,68065,60059,400386
2024-11,HX-C0010,1,1,1,52135986,235,85000,1310195,291334,72833,64266,428433
2024-12,HX-C0010,1,1,1,56147687,235,85000,1404470,310196,77549,68426,456171
2025-01,HX-C0010,1,1,1,60428183,235,85000,1505062,330162,82540,72831,485533
2025-02,HX-C0010,1,1,1,64457687,235,85000,1599755,348541,87135,76885,512561
2025-03,HX-C0010,1,1,1,68530932,235,85000,1695476,366860,91715,80925,539500
2025-04,HX-C0010,1,1,1,74209397,235,85000,1828920,392997,98249,86692,577938
2025-05,HX-C0010,1,1,1,77857649,235,85000,1914654,408556,102139,90123,600818
2025-06,HX-C0010,1,1,1,82771692,235,85000,2030134,430160,107540,94889,632589
2025-07,HX-C0010,1,1,1,90890659,235,85000,2220930,467265,116816,103074,687155
2025-08,HX-C0010,1,1,1,95580877,235,85000,2331150,486967,121741,107421,716129
2025-09,HX-C0010,1,1,1,101779763,235,85000,2476824,513693,128423,113315,755431
2025-10,HX-C0010,1,1,1,109288299,235,85000,2653275,546319,136579,120513,803411
2025-11,HX-C0010,1,1,1,118953172,235,85000,2880399,588775,147193,129879,865847
2025-12,HX-C0010,1,1,1,125560696,235,85000,3035676,615974,153993,135878,905845
2026-01,HX-C0010,1,1,1,132721006,235,85000,3203943,645324,161331,142352,949007
2026-02,HX-C0010,1,1,1,141542142,235,85000,3411240,681974,170493,150437,1002904
2026-03,HX-C0010,1,1,1,152883272,235,85000,3677756,729754,182438,160977,1073169
2026-04,HX-C0010,1,1,1,162480166,235,85000,3903283,768665,192166,169559,1130390
2026-05,HX-C0010,1,1,1,177655778,235,85000,4259910,832522,208130,183646,1224298
2026-06,HX-C0010,1,1,1,190555307,235,85000,4563049,884939,221234,195208,1301381
2026-07,HX-C0010,1,1,1,204354752,235,85000,4887336,940518,235129,207469,1383116
2024-05,HX-C0011,3,0,1,8340049,235,85000,280991,65003,16250,14340,95593
2024-06,HX-C0011,3,0,1,8639927,235,85000,288038,66202,16550,14604,97356
2024-07,HX-C0011,3,0,1,9042378,235,85000,297495,67930,16982,14986,99898
2024-08,HX-C0011,3,0,1,9204727,235,85000,301311,68351,17087,15079,100517
2024-09,HX-C0011,3,0,1,9589971,235,85000,310364,69940,17485,15429,102854
2024-10,HX-C0011,3,0,1,9986843,235,85000,319690,71563,17890,15788,105241
2024-11,HX-C0011,3,0,1,10122559,235,85000,322880,71795,17948,15838,105581
2024-12,HX-C0011,3,0,1,10301767,235,85000,327091,72242,18060,15937,106239
2025-01,HX-C0011,3,0,1,10471384,235,85000,331077,72627,18156,16022,106805
2025-02,HX-C0011,3,0,1,10783319,235,85000,338407,73729,18432,16264,108425
2025-03,HX-C0011,3,0,1,11172308,235,85000,347549,75201,18800,16589,110590
2025-04,HX-C0011,3,0,1,11534838,235,85000,356068,76511,19127,16879,112517
2025-05,HX-C0011,3,0,1,11665511,235,85000,359139,76633,19158,16906,112697
2025-06,HX-C0011,3,0,1,11760768,235,85000,361378,76571,19142,16892,112605
2025-07,HX-C0011,3,0,1,12118474,235,85000,369784,77799,19449,17163,114411
2025-08,HX-C0011,3,0,1,12622880,235,85000,381637,79721,19930,17587,117238
2025-09,HX-C0011,3,0,1,13034771,235,85000,391317,81158,20289,17904,119351
2025-10,HX-C0011,3,0,1,12939082,235,85000,389068,80110,20027,17672,117809
2025-11,HX-C0011,3,0,1,13281938,235,85000,397125,81175,20293,17907,119375
2025-12,HX-C0011,3,0,1,13549177,235,85000,403405,81855,20463,18058,120376
2026-01,HX-C0011,3,0,1,13778147,235,85000,408786,82335,20583,18164,121082
2026-02,HX-C0011,3,0,1,14269069,235,85000,420323,84030,21007,18537,123574
2026-03,HX-C0011,3,0,1,14565597,235,85000,427291,84784,21196,18703,124683
2026-04,HX-C0011,3,0,1,15175106,235,85000,441614,86965,21741,19185,127891
2026-05,HX-C0011,3,0,1,15247431,235,85000,443314,86637,21659,19112,127408
2026-06,HX-C0011,3,0,1,15746085,235,85000,455032,88247,22061,19467,129775
2026-07,HX-C0011,3,0,1,16527441,235,85000,473394,91099,22774,20097,133970
2024-08,HX-C0012,4,0,1,20377613,285,85000,665761,151025,37756,33316,222097
2024-09,HX-C0012,4,0,1,20739353,285,85000,676071,152353,38088,33608,224049
2024-10,HX-C0012,4,0,1,20877592,285,85000,680011,152224,38056,33579,223859
2024-11,HX-C0012,4,0,1,21898644,285,85000,709111,157677,39419,34783,231879
2024-12,HX-C0012,4,0,1,22042393,285,85000,713208,157521,39380,34748,231649
2025-01,HX-C0012,4,0,1,22793497,285,85000,734614,161150,40287,35549,236986
2025-02,HX-C0012,4,0,1,23736984,285,85000,761504,165909,41477,36599,243985
2025-03,HX-C0012,4,0,1,24392103,285,85000,780174,168810,42202,37239,248251
2025-04,HX-C0012,4,0,1,24890034,285,85000,794365,170692,42673,37654,251019
2025-05,HX-C0012,4,0,1,25147541,285,85000,801704,171070,42767,37737,251574
2025-06,HX-C0012,4,0,1,25829971,285,85000,821154,173992,43498,38381,255871
2025-07,HX-C0012,4,0,1,26694857,285,85000,845803,177949,44487,39255,261691
2025-08,HX-C0012,4,0,1,26893996,285,85000,851478,177870,44467,39237,261574
2025-09,HX-C0012,4,0,1,27282380,285,85000,862547,178891,44722,39463,263076
2025-10,HX-C0012,4,0,1,28543216,285,85000,898481,185000,46250,40810,272060
2025-11,HX-C0012,4,0,1,29384896,285,85000,922469,188559,47139,41596,277294
2025-12,HX-C0012,4,0,1,30005818,285,85000,940165,190770,47692,42083,280545
2026-01,HX-C0012,4,0,1,30758246,285,85000,961610,193683,48420,42725,284828
2026-02,HX-C0012,4,0,1,31753450,285,85000,989973,197915,49478,43659,291052
2026-03,HX-C0012,4,0,0,0,285,0,0,0,0,0,0
2026-04,HX-C0012,4,0,0,0,285,0,0,0,0,0,0
2026-05,HX-C0012,4,0,0,0,285,0,0,0,0,0,0
2026-06,HX-C0012,4,0,0,0,285,0,0,0,0,0,0
2026-07,HX-C0012,4,0,0,0,285,0,0,0,0,0,0
2024-08,HX-C0013,4,0,1,20048563,285,85000,656384,148898,37224,32847,218969
2024-09,HX-C0013,4,0,1,20749498,285,85000,676360,152418,38104,33623,224145
2024-10,HX-C0013,4,0,1,20980731,285,85000,682950,152882,38220,33725,224827
2024-11,HX-C0013,4,0,1,21654891,285,85000,702164,156132,39033,34442,229607
2024-12,HX-C0013,4,0,1,22153742,285,85000,716381,158222,39555,34903,232680
2025-01,HX-C0013,4,0,1,22429848,285,85000,724250,158877,39719,35047,233643
2025-02,HX-C0013,4,0,1,22593343,285,85000,728910,158808,39702,35032,233542
2025-03,HX-C0013,4,0,1,22940461,285,85000,738803,159859,39964,35264,235087
2025-04,HX-C0013,4,0,1,23657840,285,85000,759248,163146,40786,35990,239922
2025-05,HX-C0013,4,0,1,24362300,285,85000,779325,166295,41573,36684,244552
2025-06,HX-C0013,4,0,1,25116588,285,85000,800822,169684,42421,37431,249536
2025-07,HX-C0013,4,0,1,26176705,285,85000,831036,174842,43710,38570,257122
2025-08,HX-C0013,4,0,1,26702134,285,85000,846010,176727,44181,38986,259894
2025-09,HX-C0013,4,0,1,27652156,285,85000,873086,181077,45269,39945,266291
2025-10,HX-C0013,4,0,1,28064420,285,85000,884835,182191,45547,40190,267928
2025-11,HX-C0013,4,0,1,28905328,285,85000,908801,185765,46441,40979,273185
2025-12,HX-C0013,4,0,1,30117199,285,85000,943340,191414,47853,42225,281492
2026-01,HX-C0013,4,0,1,30634488,285,85000,958082,192972,48243,42568,283783
2026-02,HX-C0013,4,0,1,31574266,285,85000,984866,196894,49223,43433,289550
2026-03,HX-C0013,4,0,1,31882230,285,85000,993643,197162,49290,43493,289945
2026-04,HX-C0013,4,0,1,32252513,285,85000,1004196,197754,49438,43623,290815
2026-05,HX-C0013,4,0,1,32621369,285,85000,1014709,198306,49576,43745,291627
2026-06,HX-C0013,4,0,1,33211753,285,85000,1031534,200051,50012,44130,294193
2026-07,HX-C0013,4,0,1,34853647,285,85000,1078328,207512,51878,45776,305166
2025-02,HX-C0014,6,0,1,51345333,285,85000,1548341,337339,84334,74415,496088
2025-03,HX-C0014,6,0,1,53623968,285,85000,1613283,349075,87268,77003,513346
2025-04,HX-C0014,6,0,1,53956869,285,85000,1622770,348700,87175,76920,512795
2025-05,HX-C0014,6,0,1,55047280,285,85000,1653847,352904,88226,77847,518977
2025-06,HX-C0014,6,0,1,57158771,285,85000,1714024,363180,90795,80114,534089
2025-07,HX-C0014,6,0,1,58568803,285,85000,1754210,369071,92267,81414,542752
2025-08,HX-C0014,6,0,1,60124055,285,85000,1798535,375706,93926,82877,552509
2025-09,HX-C0014,6,0,1,62390598,285,85000,1863132,386413,96603,85239,568255
2025-10,HX-C0014,6,0,1,65881413,285,85000,1962620,404111,101027,89143,594281
2025-11,HX-C0014,6,0,1,68821453,285,85000,2046411,418302,104575,92274,615151
2025-12,HX-C0014,6,0,1,71716113,285,85000,2128909,431980,107995,95291,635266
2026-01,HX-C0014,6,0,1,72831346,285,85000,2160693,435197,108799,96001,639997
2026-02,HX-C0014,6,0,1,74186316,285,85000,2199310,439685,109921,96991,646597
2026-03,HX-C0014,6,0,1,76179327,285,85000,2256110,447665,111916,98751,658332
2026-04,HX-C0014,6,0,1,76783946,285,85000,2273342,447684,111921,98754,658359
2026-05,HX-C0014,6,0,1,78135124,285,85000,2311851,451809,112952,99664,664425
2026-06,HX-C0014,6,0,1,79389778,285,85000,2347608,455285,113821,100431,669537
2026-07,HX-C0014,6,0,1,82081471,285,85000,2424321,466535,116633,102914,686082
2024-02,HX-C0015,2,1,1,10945501,285,85000,396946,93608,23402,20650,137660
2024-03,HX-C0015,2,1,1,11638195,285,85000,416688,97641,24410,21539,143590
2024-04,HX-C0015,2,1,1,12334804,285,85000,436541,101640,25410,22421,149471
2024-05,HX-C0015,2,1,1,13531603,285,85000,470650,108878,27219,24018,160115
2024-06,HX-C0015,2,1,1,14452576,285,85000,496898,114206,28551,25194,167951
2024-07,HX-C0015,2,1,1,15427233,285,85000,524676,119806,29951,26429,176186
2024-08,HX-C0015,2,1,1,16627204,285,85000,558875,126779,31694,27967,186440
2024-09,HX-C0015,2,1,1,18072729,285,85000,600072,135226,33806,29831,198863
2024-10,HX-C0015,2,1,1,19669826,285,85000,645590,144519,36129,31880,212528
2024-11,HX-C0015,2,1,1,21302698,285,85000,692126,153901,38475,33949,226325
2024-12,HX-C0015,2,1,1,23016326,285,85000,740965,163652,40913,36100,240665
2025-01,HX-C0015,2,1,1,24957764,285,85000,796296,174681,43670,38534,256885
2025-02,HX-C0015,2,1,1,27124089,285,85000,858036,186941,46735,41238,274914
2025-03,HX-C0015,2,1,1,29182037,285,85000,916688,198349,49587,43754,291690
2025-04,HX-C0015,2,1,1,30802852,285,85000,962881,206903,51725,45642,304270
2025-05,HX-C0015,2,1,1,33033546,285,85000,1026456,219028,54757,48316,322101
2025-06,HX-C0015,2,1,1,35127924,285,85000,1086145,230140,57535,50767,338442
2025-07,HX-C0015,2,1,1,37197354,285,85000,1145124,240924,60231,53146,354301
2025-08,HX-C0015,2,1,1,39267085,285,85000,1204111,251533,62883,55486,369902
2025-09,HX-C0015,2,1,1,41944990,285,85000,1280432,265561,66390,58580,390531
2025-10,HX-C0015,2,1,1,44501742,285,85000,1353299,278649,69662,61467,409778
2025-11,HX-C0015,2,1,1,48174672,285,85000,1457978,298022,74505,65741,438268
2025-12,HX-C0015,2,1,1,52655543,285,85000,1585682,321753,80438,70976,473167
2026-01,HX-C0015,2,1,1,55088897,285,85000,1655033,333349,83337,73534,490220
2026-02,HX-C0015,2,1,1,59556471,285,85000,1782359,356328,89082,78603,524013
2026-03,HX-C0015,2,1,1,61976413,285,85000,1851327,367347,91836,81034,540217
2026-04,HX-C0015,2,1,1,66089827,285,85000,1968560,387663,96915,85516,570094
2026-05,HX-C0015,2,1,1,70296794,285,85000,2088458,408150,102037,90035,600222
2026-06,HX-C0015,2,1,1,75751855,285,85000,2243927,435177,108794,95996,639967
2026-07,HX-C0015,2,1,1,81493806,285,85000,2407573,463313,115828,102202,681343
2023-11,HX-C0016,1,1,1,26854713,285,85000,850359,204350,51087,45079,300516
2023-12,HX-C0016,1,1,1,28324691,285,85000,892253,213084,53271,47004,313359
2024-01,HX-C0016,1,1,1,30437077,285,85000,952456,226036,56509,49862,332407
2024-02,HX-C0016,1,1,1,32406034,285,85000,1008571,237844,59461,52467,349772
2024-03,HX-C0016,1,1,1,34854051,285,85000,1078340,252684,63171,55740,371595
2024-04,HX-C0016,1,1,1,36479677,285,85000,1124670,261859,65464,57764,385087
2024-05,HX-C0016,1,1,1,38851405,285,85000,1192265,275813,68953,60842,405608
2024-06,HX-C0016,1,1,1,41681553,285,85000,1272924,292568,73142,64538,430248
2024-07,HX-C0016,1,1,1,43674754,285,85000,1329730,303635,75908,66980,446523
2024-08,HX-C0016,1,1,1,46570981,285,85000,1412272,320370,80092,70671,471133
2024-09,HX-C0016,1,1,1,50396315,285,85000,1521294,342826,85706,75624,504156
2024-10,HX-C0016,1,1,1,54179379,285,85000,1629112,364686,91171,80446,536303
2024-11,HX-C0016,1,1,1,58043986,285,85000,1739253,386739,96684,85312,568735
2024-12,HX-C0016,1,1,1,63048043,285,85000,1881869,415637,103909,91685,611231
2025-01,HX-C0016,1,1,1,66417710,285,85000,1977904,433888,108472,95711,638071
2025-02,HX-C0016,1,1,1,72922482,285,85000,2163290,471320,117830,103968,693118
2025-03,HX-C0016,1,1,1,77543093,285,85000,2294978,496577,124144,109540,730261
2025-04,HX-C0016,1,1,1,83962332,285,85000,2477926,532456,133114,117454,783024
2025-05,HX-C0016,1,1,1,90757729,285,85000,2671595,570075,142518,125753,838346
2025-06,HX-C0016,1,1,1,97603191,285,85000,2866690,607416,151854,133990,893260
2025-07,HX-C0016,1,1,1,104262425,285,85000,3056479,643058,160764,141852,945674
2025-08,HX-C0016,1,1,1,110978567,285,85000,3247889,678470,169617,149664,997751
2025-09,HX-C0016,1,1,1,117596526,285,85000,3436500,712729,178182,157221,1048132
2025-10,HX-C0016,1,1,1,126263720,285,85000,3683516,758450,189612,167306,1115368
2025-11,HX-C0016,1,1,1,131987307,285,85000,3846638,786283,196570,173446,1156299
2025-12,HX-C0016,1,1,1,142250443,285,85000,4139137,839880,209970,185268,1235118
2026-01,HX-C0016,1,1,1,152359270,285,85000,4427239,891716,222929,196703,1311348
2026-02,HX-C0016,1,1,1,162447162,285,85000,4714744,942571,235642,207921,1386134
2026-03,HX-C0016,1,1,1,174987145,285,85000,5072133,1006432,251608,222008,1480048
2026-04,HX-C0016,1,1,1,186804310,285,85000,5408922,1065167,266291,234965,1566423
2026-05,HX-C0016,1,1,1,201788555,285,85000,5835973,1140535,285133,251590,1677258
2026-06,HX-C0016,1,1,1,216675923,285,85000,6260263,1214090,303522,267815,1785427
2026-07,HX-C0016,1,1,1,231980478,285,85000,6696443,1288663,322165,284265,1895093
2025-08,HX-C0017,8,0,1,7511604,285,85000,299080,62476,15619,13782,91877
2025-09,HX-C0017,8,0,1,7743759,285,85000,305697,63401,15850,13986,93237
2025-10,HX-C0017,8,0,1,7881059,285,85000,309610,63749,15937,14063,93749
2025-11,HX-C0017,8,0,1,8062256,285,85000,314774,64342,16085,14194,94621
2025-12,HX-C0017,8,0,1,8245070,285,85000,319984,64928,16232,14323,95483
2026-01,HX-C0017,8,0,1,8326557,285,85000,322306,64917,16229,14321,95467
2026-02,HX-C0017,8,0,1,8601736,285,85000,330149,66002,16500,14561,97063
2026-03,HX-C0017,8,0,1,8705599,285,85000,333109,66096,16524,14581,97201
2026-04,HX-C0017,8,0,1,8935628,285,85000,339665,66888,16722,14756,98366
2026-05,HX-C0017,8,0,1,9141469,285,85000,345531,67527,16881,14897,99305
2026-06,HX-C0017,8,0,1,9483404,285,85000,355277,68901,17225,15199,101325
2026-07,HX-C0017,8,0,1,10120077,285,85000,373422,71861,17965,15852,105678
2026-05,HX-C0018,11,0,1,13135137,285,85000,459351,89771,22442,19804,132017
2026-06,HX-C0018,11,0,1,13566199,285,85000,471636,91466,22866,20178,134510
2026-07,HX-C0018,11,0,1,13950507,285,85000,482589,92868,23217,20487,136572
2024-02,HX-C0019,2,1,1,126123741,285,85000,3679526,867720,216930,191409,1276059
2024-03,HX-C0019,2,1,1,134412550,285,85000,3915757,917570,229392,202407,1349369
2024-04,HX-C0019,2,1,1,145978232,285,85000,4245379,988459,247114,218044,1453617
2024-05,HX-C0019,2,1,1,156690743,285,85000,4550686,1052737,263184,232222,1548143
2024-06,HX-C0019,2,1,1,166956406,285,85000,4843257,1113173,278293,245554,1637020
2024-07,HX-C0019,2,1,1,180251043,285,85000,5222154,1192447,298111,263041,1753599
2024-08,HX-C0019,2,1,1,196356690,285,85000,5681165,1288760,322190,284286,1895236
2024-09,HX-C0019,2,1,1,209826635,285,85000,6065059,1366772,341693,301495,2009960
2024-10,HX-C0019,2,1,1,226643345,285,85000,6544335,1464988,366247,323160,2154395
2024-11,HX-C0019,2,1,1,241561597,285,85000,6969505,1549739,387434,341855,2279028
2024-12,HX-C0019,2,1,1,256616237,285,85000,7398562,1634075,408518,360459,2403052
2025-01,HX-C0019,2,1,1,275924672,285,85000,7948853,1743723,435930,384646,2564299
2025-02,HX-C0019,2,1,1,289354751,285,85000,8331610,1815223,453805,400419,2669447
2025-03,HX-C0019,2,1,1,312479689,285,85000,8990671,1945365,486341,429125,2860831
2025-04,HX-C0019,2,1,1,334391135,285,85000,9615147,2066102,516525,455759,3038386
2025-05,HX-C0019,2,1,1,354576597,285,85000,10190433,2174474,543618,479665,3197757
2025-06,HX-C0019,2,1,1,382587238,285,85000,10988736,2328381,582095,513614,3424090
2025-07,HX-C0019,2,1,1,421682466,285,85000,12102950,2546363,636590,561699,3744652
2025-08,HX-C0019,2,1,1,439992508,285,85000,12624786,2637267,659316,581751,3878334
2025-09,HX-C0019,2,1,1,476097219,285,85000,13653770,2831791,707947,624661,4164399
2025-10,HX-C0019,2,1,1,509057710,285,85000,14593144,3004786,751196,662822,4418804
2025-11,HX-C0019,2,1,1,538515067,285,85000,15432679,3154562,788640,695861,4639063
2025-12,HX-C0019,2,1,1,580649587,285,85000,16633513,3375139,843784,744517,4963440
2026-01,HX-C0019,2,1,1,620305330,285,85000,17763701,3577893,894473,789242,5261608
2026-02,HX-C0019,2,1,1,645852775,285,85000,18491804,3696881,924220,815489,5436590
2026-03,HX-C0019,2,1,1,681613408,285,85000,19510982,3871446,967861,853997,5693304
2026-04,HX-C0019,2,1,1,736454017,285,85000,21073939,4150048,1037512,915452,6103012
2026-05,HX-C0019,2,1,1,780538870,285,85000,22330357,4364065,1091016,962663,6417744
2026-06,HX-C0019,2,1,1,833871418,285,85000,23850335,4625438,1156359,1020318,6802115
2026-07,HX-C0019,2,1,1,891215726,285,85000,25484648,4904265,1226066,1081824,7212155
2025-11,HX-C0020,9,0,1,63459739,285,85000,1893602,387066,96766,85384,569216
2025-12,HX-C0020,9,0,1,63665576,285,85000,1899468,385424,96356,85021,566801
2026-01,HX-C0020,9,0,1,65627595,285,85000,1955386,393845,98461,86879,579185
2026-02,HX-C0020,9,0,1,67940006,285,85000,2021290,404096,101024,89139,594259
2026-03,HX-C0020,9,0,1,70642755,285,85000,2098318,416356,104089,91844,612289
2026-04,HX-C0020,9,0,1,73073884,285,85000,2167605,426861,106715,94162,627738
2026-05,HX-C0020,9,0,1,74248138,285,85000,2201071,430159,107539,94889,632587
2026-06,HX-C0020,9,0,1,77338821,285,85000,2289156,443949,110987,97931,652867
2026-07,HX-C0020,9,0,1,80540360,285,85000,2380400,458084,114521,101048,673653
2023-08,HX-C0021,0,1,1,25064429,285,85000,799336,195676,48919,43165,287760
2023-09,HX-C0021,0,1,1,26481886,285,85000,839733,204310,51077,45069,300456
2023-10,HX-C0021,0,1,1,28256828,285,85000,890319,215285,53821,47491,316597
2023-11,HX-C0021,0,1,1,30267687,285,85000,947629,227726,56931,50235,334892
2023-12,HX-C0021,0,1,1,32501414,285,85000,1011290,241512,60378,53275,355165
2024-01,HX-C0021,0,1,1,34729518,285,85000,1074791,255069,63767,56266,375102
2024-02,HX-C0021,0,1,1,37351182,285,85000,1149508,271081,67770,59798,398649
2024-03,HX-C0021,0,1,1,39773715,285,85000,1218550,285540,71385,62987,419912
2024-04,HX-C0021,0,1,1,42074975,285,85000,1284136,298987,74746,65955,439688
2024-05,HX-C0021,0,1,1,44886598,285,85000,1364268,315603,78900,69620,464123
2024-06,HX-C0021,0,1,1,47738970,285,85000,1445560,332247,83061,73291,488599
2024-07,HX-C0021,0,1,1,50494170,285,85000,1524083,348015,87003,76769,511787
2024-08,HX-C0021,0,1,1,52987156,285,85000,1595133,361852,90463,79821,532136
2024-09,HX-C0021,0,1,1,56595421,285,85000,1697969,382640,95660,84406,562706
2024-10,HX-C0021,0,1,1,61564218,285,85000,1839580,411800,102950,90839,605589
2024-11,HX-C0021,0,1,1,66101077,285,85000,1968880,437799,109449,96575,643823
2024-12,HX-C0021,0,1,1,70700409,285,85000,2099961,463805,115951,102311,682067
2025-01,HX-C0021,0,1,1,75205599,285,85000,2228359,488830,122207,107831,718868
2025-02,HX-C0021,0,1,1,79743697,285,85000,2357695,513675,128418,113312,755405
2025-03,HX-C0021,0,1,1,83601716,285,85000,2467648,533939,133484,117782,785205
2025-04,HX-C0021,0,1,1,89938262,285,85000,2648240,569053,142263,125527,836843
2025-05,HX-C0021,0,1,1,96132033,285,85000,2824762,602758,150689,132963,886410
2025-06,HX-C0021,0,1,1,103467822,285,85000,3033832,642832,160708,141802,945342
2025-07,HX-C0021,0,1,1,109743815,285,85000,3212698,675925,168981,149102,994008
2025-08,HX-C0021,0,1,1,116253629,285,85000,3398228,709875,177468,156592,1043935
2025-09,HX-C0021,0,1,1,124686445,285,85000,3638563,754637,188659,166465,1109761
2025-10,HX-C0021,0,1,1,133472159,285,85000,3888956,800751,200187,176637,1177575
2025-11,HX-C0021,0,1,1,141171507,285,85000,4108387,839787,209946,185248,1234981
2025-12,HX-C0021,0,1,1,152481783,285,85000,4430730,899047,224761,198321,1322129
2026-01,HX-C0021,0,1,1,163963007,285,85000,4757945,958326,239581,211396,1409303
2026-02,HX-C0021,0,1,1,173936749,285,85000,5042197,1008035,252008,222362,1482405
2026-03,HX-C0021,0,1,1,185897036,285,85000,5383065,1068129,267032,235617,1570778
2026-04,HX-C0021,0,1,1,202479583,285,85000,5855668,1153144,288286,254371,1695801
2026-05,HX-C0021,0,1,1,213035539,285,85000,6156512,1203179,300794,265408,1769381
2026-06,HX-C0021,0,1,1,229352601,285,85000,6621549,1284156,321039,283270,1888465
2026-07,HX-C0021,0,1,1,247851272,285,85000,7148761,1375707,343926,303466,2023099
2025-08,HX-C0022,8,0,1,10922808,285,85000,396300,82785,20696,18262,121743
2025-09,HX-C0022,8,0,1,11300520,285,85000,407064,84424,21106,18624,124154
2025-10,HX-C0022,8,0,1,11734291,285,85000,419427,86361,21590,19051,127002
2025-11,HX-C0022,8,0,1,12244674,285,85000,433973,88707,22176,19569,130452
2025-12,HX-C0022,8,0,1,12501902,285,85000,441304,89545,22386,19754,131685
2026-01,HX-C0022,8,0,1,12865732,285,85000,451673,90973,22743,20069,133785
2026-02,HX-C0022,8,0,1,12569154,285,85000,443220,88608,22152,19546,130306
2026-03,HX-C0022,8,0,1,13067359,285,85000,457419,90762,22690,20022,133474
2026-04,HX-C0022,8,0,1,13347556,285,85000,465405,91651,22912,20218,134781
2026-05,HX-C0022,8,0,1,13804496,285,85000,478428,93500,23375,20625,137500
2026-06,HX-C0022,8,0,1,14118679,285,85000,487382,94520,23630,20851,139001
2026-07,HX-C0022,8,0,1,14440676,285,85000,496559,95557,23889,21080,140526
2024-11,HX-C0023,5,0,1,9968247,285,85000,369095,82071,20517,18106,120694
2024-12,HX-C0023,5,0,1,10241851,285,85000,376892,83241,20810,18363,122414
2025-01,HX-C0023,5,0,1,10359897,285,85000,380257,83415,20853,18402,122670
2025-02,HX-C0023,5,0,1,10529492,285,85000,385090,83899,20974,18509,123382
2025-03,HX-C0023,5,0,1,10847773,285,85000,394161,85286,21321,18815,125422
2025-04,HX-C0023,5,0,1,11194194,285,85000,404034,86818,21704,19152,127674
2025-05,HX-C0023,5,0,1,11803554,285,85000,421401,89919,22479,19837,132235
2025-06,HX-C0023,5,0,1,12066591,285,85000,428897,90877,22719,20048,133644
2025-07,HX-C0023,5,0,1,12281250,285,85000,435015,91523,22880,20190,134593
2025-08,HX-C0023,5,0,1,12799867,285,85000,449796,93960,23490,20727,138177
2025-09,HX-C0023,5,0,1,12927147,285,85000,453423,94039,23509,20746,138294
2025-10,HX-C0023,5,0,1,13401159,285,85000,466933,96143,24035,21209,141387
2025-11,HX-C0023,5,0,1,13227169,285,85000,461974,94430,23607,20832,138869
2025-12,HX-C0023,5,0,1,13416626,285,85000,467373,94835,23708,20921,139464
2026-01,HX-C0023,5,0,1,14124178,285,85000,487539,98198,24549,21662,144409
2026-02,HX-C0023,5,0,1,14590258,285,85000,500822,100123,25030,22088,147241
2026-03,HX-C0023,5,0,1,15144606,285,85000,516621,102510,25627,22613,150750
2026-04,HX-C0023,5,0,1,15530687,285,85000,527624,103903,25975,22921,152799
2026-05,HX-C0023,5,0,1,15855996,285,85000,536895,104926,26231,23146,154303
2026-06,HX-C0023,5,0,1,16358407,285,85000,551214,106900,26725,23581,157206
2026-07,HX-C0023,5,0,1,16964317,285,85000,568483,109398,27349,24133,160880
2024-05,HX-C0024,3,0,1,2996199,285,85000,170391,39417,9854,8696,57967
2024-06,HX-C0024,3,0,1,3028864,285,85000,171322,39376,9844,8686,57906
2024-07,HX-C0024,3,0,1,3090847,285,85000,173089,39523,9880,8720,58123
2024-08,HX-C0024,3,0,1,3181206,285,85000,175664,39848,9962,8791,58601
2024-09,HX-C0024,3,0,1,3171364,285,85000,175383,39522,9880,8719,58121
2024-10,HX-C0024,3,0,1,3293535,285,85000,178865,40039,10009,8834,58882
2024-11,HX-C0024,3,0,1,3379317,285,85000,181310,40315,10078,8895,59288
2024-12,HX-C0024,3,0,1,3420987,285,85000,182498,40307,10076,8892,59275
2025-01,HX-C0024,3,0,1,3552300,285,85000,186240,40855,10213,9013,60081
2025-02,HX-C0024,3,0,1,3665205,285,85000,189458,41277,10319,9106,60702
2025-03,HX-C0024,3,0,1,3812446,285,85000,193654,41901,10475,9244,61620
2025-04,HX-C0024,3,0,1,3952869,285,85000,197656,42472,10618,9369,62459
2025-05,HX-C0024,3,0,1,4072594,285,85000,201068,42904,10726,9465,63095
2025-06,HX-C0024,3,0,1,4254710,285,85000,206259,43703,10925,9642,64270
2025-07,HX-C0024,3,0,1,4361119,285,85000,209291,44032,11008,9714,64754
2025-08,HX-C0024,3,0,1,4537486,285,85000,214318,44769,11192,9877,65838
2025-09,HX-C0024,3,0,1,4661231,285,85000,217845,45180,11295,9967,66442
2025-10,HX-C0024,3,0,1,4700926,285,85000,218976,45087,11271,9947,66305
2025-11,HX-C0024,3,0,1,4743967,285,85000,220203,45011,11252,9930,66193
2025-12,HX-C0024,3,0,1,4817113,285,85000,222287,45104,11276,9950,66330
2026-01,HX-C0024,3,0,1,4920992,285,85000,225248,45368,11342,10008,66718
2026-02,HX-C0024,3,0,1,5086740,285,85000,229972,45975,11493,10143,67611
2026-03,HX-C0024,3,0,1,5175689,285,85000,232507,46134,11533,10178,67845
2026-04,HX-C0024,3,0,1,5320621,285,85000,236637,46600,11650,10280,68530
2026-05,HX-C0024,3,0,1,5546922,285,85000,243087,47506,11876,10481,69863
2026-06,HX-C0024,3,0,1,5608996,285,85000,244856,47485,11871,10476,69832
2026-07,HX-C0024,3,0,1,5649555,285,85000,246012,47342,11835,10444,69621
2024-02,HX-C0025,2,1,1,27576471,285,85000,870929,205385,51346,45307,302038
2024-03,HX-C0025,2,1,1,29923273,285,85000,937813,219755,54938,48477,323170
2024-04,HX-C0025,2,1,1,32265463,285,85000,1004565,233894,58473,51596,343963
2024-05,HX-C0025,2,1,1,34974123,285,85000,1081762,250250,62562,55203,368015
2024-06,HX-C0025,2,1,1,37851359,285,85000,1163763,267478,66869,59004,393351
2024-07,HX-C0025,2,1,1,40642394,285,85000,1243308,283901,70975,62626,417502
2024-08,HX-C0025,2,1,1,44108607,285,85000,1342095,304450,76112,67160,447722
2024-09,HX-C0025,2,1,1,48054432,285,85000,1454551,327785,81946,72307,482038
2024-10,HX-C0025,2,1,1,51194262,285,85000,1544036,345641,86410,76245,508296
2024-11,HX-C0025,2,1,1,55377158,285,85000,1663249,369839,92459,81584,543882
2024-12,HX-C0025,2,1,1,59387955,285,85000,1777556,392598,98149,86603,577350
2025-01,HX-C0025,2,1,1,63686971,285,85000,1900078,416816,104204,91945,612965
2025-02,HX-C0025,2,1,1,68321971,285,85000,2032176,442754,110688,97667,651109
2025-03,HX-C0025,2,1,1,74017170,285,85000,2194489,474834,118708,104744,698286
2025-04,HX-C0025,2,1,1,79384644,285,85000,2347462,504421,126105,111271,741797
2025-05,HX-C0025,2,1,1,86470087,285,85000,2549397,544000,136000,120000,800000
2025-06,HX-C0025,2,1,1,93608982,285,85000,2752855,583296,145824,128669,857789
2025-07,HX-C0025,2,1,1,100412881,285,85000,2946767,619975,154993,136761,911729
2025-08,HX-C0025,2,1,1,110242375,285,85000,3226907,674087,168521,148697,991305
2025-09,HX-C0025,2,1,1,117370408,285,85000,3430056,711393,177848,156926,1046167
2025-10,HX-C0025,2,1,1,125452322,285,85000,3660391,753688,188422,166256,1108366
2025-11,HX-C0025,2,1,1,134086993,285,85000,3906479,798515,199628,176144,1174287
2025-12,HX-C0025,2,1,1,145277426,285,85000,4225406,857385,214346,189130,1260861
2026-01,HX-C0025,2,1,1,155306884,285,85000,4511246,908637,227159,200435,1336231
2026-02,HX-C0025,2,1,1,166549710,285,85000,4831666,965946,241486,213077,1420509
2026-03,HX-C0025,2,1,1,176045526,285,85000,5102297,1012418,253104,223328,1488850
2026-04,HX-C0025,2,1,1,189769241,285,85000,5493423,1081808,270452,238635,1590895
2026-05,HX-C0025,2,1,1,205207113,285,85000,5933402,1159576,289894,255789,1705259
2026-06,HX-C0025,2,1,1,220789505,285,85000,6377500,1236826,309206,272831,1818863
2026-07,HX-C0025,2,1,1,237198048,285,85000,6845144,1317279,329319,290577,1937175
2025-08,HX-C0026,8,0,1,19438780,235,85000,541811,113181,28295,24968,166444
2025-09,HX-C0026,8,0,1,20211332,235,85000,559966,116136,29034,25619,170789
2025-10,HX-C0026,8,0,1,20847867,235,85000,574924,118378,29594,26114,174086
2025-11,HX-C0026,8,0,1,21656117,235,85000,593918,121401,30350,26780,178531
2025-12,HX-C0026,8,0,1,22284297,235,85000,608680,123508,30877,27245,181630
2026-01,HX-C0026,8,0,1,22505820,235,85000,613886,123646,30911,27276,181833
2026-02,HX-C0026,8,0,1,22910191,235,85000,623389,124627,31156,27493,183276
2026-03,HX-C0026,8,0,1,23338972,235,85000,633465,125694,31423,27728,184845
2026-04,HX-C0026,8,0,1,24219164,235,85000,654150,128819,32204,28418,189441
2026-05,HX-C0026,8,0,1,24925942,235,85000,670759,131087,32771,28918,192776
2026-06,HX-C0026,8,0,1,25598466,235,85000,686563,133148,33287,29372,195807
2026-07,HX-C0026,8,0,1,25960291,235,85000,695066,133758,33439,29506,196703
2023-11,HX-C0027,1,1,1,104629595,235,85000,2543795,611304,152826,134847,898977
2023-12,HX-C0027,1,1,1,110297198,235,85000,2676984,639306,159826,141024,940156
2024-01,HX-C0027,1,1,1,119203457,235,85000,2886281,684972,171243,151097,1007312
2024-02,HX-C0027,1,1,1,128278195,235,85000,3099537,730944,182736,161239,1074919
2024-03,HX-C0027,1,1,1,140533253,235,85000,3387531,793793,198448,175102,1167343
2024-04,HX-C0027,1,1,1,150487079,235,85000,3621446,843188,210797,185998,1239983
2024-05,HX-C0027,1,1,1,159867521,235,85000,3841886,888766,222191,196052,1307009
2024-06,HX-C0027,1,1,1,169318748,235,85000,4063990,934067,233516,206045,1373628
2024-07,HX-C0027,1,1,1,178896628,235,85000,4289070,979382,244845,216042,1440269
2024-08,HX-C0027,1,1,1,191537434,235,85000,4586129,1040353,260088,229491,1529932
2024-09,HX-C0027,1,1,1,204301935,235,85000,4886095,1101090,275272,242889,1619251
2024-10,HX-C0027,1,1,1,220869351,235,85000,5275429,1180936,295234,260501,1736671
2024-11,HX-C0027,1,1,1,231452951,235,85000,5524144,1228348,307087,270960,1806395
2024-12,HX-C0027,1,1,1,253399092,235,85000,6039878,1333991,333497,294264,1961752
2025-01,HX-C0027,1,1,1,268518835,235,85000,6395192,1402899,350724,309465,2063088
2025-02,HX-C0027,1,1,1,282703849,235,85000,6728540,1465960,366490,323374,2155824
2025-03,HX-C0027,1,1,1,304289288,235,85000,7235798,1565652,391413,345365,2302430
2025-04,HX-C0027,1,1,1,325831813,235,85000,7742047,1663610,415902,366974,2446486
2025-05,HX-C0027,1,1,1,357977992,235,85000,8497482,1813226,453306,399977,2666509
2025-06,HX-C0027,1,1,1,378912386,235,85000,8989441,1904754,476188,420167,2801109
2025-07,HX-C0027,1,1,1,402690721,235,85000,9548231,2008870,502217,443135,2954222
2025-08,HX-C0027,1,1,1,444433146,235,85000,10529178,2199502,549875,485186,3234563
2025-09,HX-C0027,1,1,1,465816064,235,85000,11031677,2287969,571992,504700,3364661
2025-10,HX-C0027,1,1,1,500034151,235,85000,11835802,2437038,609259,537583,3583880
2025-11,HX-C0027,1,1,1,530655601,235,85000,12555406,2566425,641606,566124,3774155
2025-12,HX-C0027,1,1,1,554366978,235,85000,13112623,2660708,665177,586921,3912806
2026-01,HX-C0027,1,1,1,591476934,235,85000,13984707,2816743,704185,621342,4142270
2026-02,HX-C0027,1,1,1,622690452,235,85000,14718225,2942467,735616,649075,4327158
2026-03,HX-C0027,1,1,1,673667311,235,85000,15916181,3158151,789537,696653,4644341
2026-04,HX-C0027,1,1,1,713172352,235,85000,16844550,3317163,829290,731728,4878181
2026-05,HX-C0027,1,1,1,764859226,235,85000,18059191,3529343,882335,778533,5190211
2026-06,HX-C0027,1,1,1,815902951,235,85000,19258719,3734958,933739,823889,5492586
2026-07,HX-C0027,1,1,1,851593892,235,85000,20097456,3867554,966888,853138,5687580
2025-05,HX-C0028,7,0,1,9108039,285,85000,344579,73527,18381,16220,108128
2025-06,HX-C0028,7,0,1,9350224,285,85000,351481,74474,18618,16429,109521
2025-07,HX-C0028,7,0,1,9478681,285,85000,355142,74718,18679,16483,109880
2025-08,HX-C0028,7,0,1,9948526,285,85000,368532,76984,19246,16983,113213
2025-09,HX-C0028,7,0,1,10067750,285,85000,371930,77137,19284,17017,113438
2025-10,HX-C0028,7,0,1,10330158,285,85000,379409,78121,19530,17234,114885
2025-11,HX-C0028,7,0,1,10566355,285,85000,386141,78929,19732,17412,116073
2025-12,HX-C0028,7,0,1,10898098,285,85000,395595,80270,20067,17708,118045
2026-01,HX-C0028,7,0,1,10869976,285,85000,394794,79517,19879,17541,116937
2026-02,HX-C0028,7,0,1,11046964,285,85000,399838,79935,19983,17634,117552
2026-03,HX-C0028,7,0,1,11179218,285,85000,403607,80084,20021,17667,117772
2026-04,HX-C0028,7,0,1,11447450,285,85000,411252,80986,20246,17866,119098
2026-05,HX-C0028,7,0,1,11723163,285,85000,419110,81907,20476,18069,120452
2026-06,HX-C0028,7,0,1,11963194,285,85000,425951,82607,20651,18223,121481
2026-07,HX-C0028,7,0,1,12320369,285,85000,436130,83928,20982,18514,123424
2026-05,HX-C0029,11,0,1,23338049,285,85000,750134,146599,36649,32340,215588
2026-06,HX-C0029,11,0,1,23852085,285,85000,764784,148318,37079,32719,218116
2026-07,HX-C0029,11,0,1,24681754,285,85000,788429,151725,37931,33469,223125
2025-02,HX-C0030,6,0,1,9606313,285,85000,358779,78167,19541,17244,114952
2025-03,HX-C0030,6,0,1,9886733,285,85000,366771,79360,19840,17506,116706
2025-04,HX-C0030,6,0,1,10194039,285,85000,375530,80693,20173,17801,118667
2025-05,HX-C0030,6,0,1,10409827,285,85000,381680,81444,20361,17966,119771
2025-06,HX-C0030,6,0,1,10688269,285,85000,389615,82554,20638,18212,121404
2025-07,HX-C0030,6,0,1,11088218,285,85000,401014,84369,21092,18612,124073
2025-08,HX-C0030,6,0,1,11417312,285,85000,410393,85728,21432,18912,126072
2025-09,HX-C0030,6,0,1,11458295,285,85000,411561,85357,21339,18830,125526
2025-10,HX-C0030,6,0,1,11555955,285,85000,414344,85314,21328,18821,125463
2025-11,HX-C0030,6,0,1,11799292,285,85000,421279,86112,21528,18996,126636
2025-12,HX-C0030,6,0,1,12022516,285,85000,427641,86773,21693,19142,127608
2026-01,HX-C0030,6,0,1,12321650,285,85000,436167,87850,21962,19380,129192
2026-02,HX-C0030,6,0,1,12736087,285,85000,447978,89559,22389,19757,131705
2026-03,HX-C0030,6,0,1,13128602,285,85000,459165,91109,22777,20098,133984
2026-04,HX-C0030,6,0,1,13401117,285,85000,466931,91951,22987,20285,135223
2026-05,HX-C0030,6,0,1,13974049,285,85000,483260,94443,23610,20835,138888
2026-06,HX-C0030,6,0,1,14383932,285,85000,494942,95986,23996,21175,141157
2026-07,HX-C0030,6,0,1,14697810,285,85000,503887,96968,24242,21390,142600
2025-05,HX-C0031,7,0,1,37280439,285,85000,1147492,244855,61213,54014,360082
2025-06,HX-C0031,7,0,1,37940612,285,85000,1166307,247126,61781,54514,363421
2025-07,HX-C0031,7,0,1,38991720,285,85000,1196264,251684,62921,55519,370124
2025-08,HX-C0031,7,0,1,40316721,285,85000,1234026,257782,64445,56865,379092
2025-09,HX-C0031,7,0,1,40757845,285,85000,1246598,258544,64636,57032,380212
2025-10,HX-C0031,7,0,1,41672904,285,85000,1272677,262048,65512,57806,385366
2025-11,HX-C0031,7,0,1,43204045,285,85000,1316315,269065,67266,59353,395684
2025-12,HX-C0031,7,0,1,44397308,285,85000,1350323,273996,68499,60441,402936
2026-01,HX-C0031,7,0,1,45831240,285,85000,1391190,280207,70051,61812,412070
2026-02,HX-C0031,7,0,1,47401085,285,85000,1435930,287070,71767,63326,422163
2026-03,HX-C0031,7,0,1,49451182,285,85000,1494358,296516,74129,65408,436053
2026-04,HX-C0031,7,0,1,50076649,285,85000,1512184,297791,74447,65690,437928
2026-05,HX-C0031,7,0,1,51723577,285,85000,1559121,304701,76175,67215,448091
2026-06,HX-C0031,7,0,1,54943372,285,85000,1650886,320165,80041,70626,470832
2026-07,HX-C0031,7,0,1,57640089,285,85000,1727742,332486,83121,73343,488950
2026-02,HX-C0032,10,0,1,18997966,285,85000,626442,125237,31309,27627,184173
2026-03,HX-C0032,10,0,1,19108095,285,85000,629580,124923,31230,27558,183711
2026-04,HX-C0032,10,0,1,19700663,285,85000,646468,127307,31826,28084,187217
2026-05,HX-C0032,10,0,1,19880319,285,85000,651589,127340,31835,28091,187266
2026-06,HX-C0032,10,0,1,20466719,285,85000,668301,129607,32401,28591,190599
2026-07,HX-C0032,10,0,1,20861905,285,85000,679564,130774,32693,28849,192316
2023-11,HX-C0033,1,1,1,4735870,285,85000,219972,52861,13215,11662,77738
2023-12,HX-C0033,1,1,1,5048770,285,85000,228889,54661,13665,12059,80385
2024-01,HX-C0033,1,1,1,5481659,285,85000,241227,57247,14311,12630,84188
2024-02,HX-C0033,1,1,1,5922227,285,85000,253783,59847,14961,13203,88011
2024-03,HX-C0033,1,1,1,6309021,285,85000,264807,62051,15512,13689,91252
2024-04,HX-C0033,1,1,1,6787039,285,85000,278430,64827,16206,14301,95334
2024-05,HX-C0033,1,1,1,7144067,285,85000,288605,66764,16691,14728,98183
2024-06,HX-C0033,1,1,1,7654580,285,85000,303155,69676,17419,15371,102466
2024-07,HX-C0033,1,1,1,8292675,285,85000,321341,73376,18344,16186,107906
2024-08,HX-C0033,1,1,1,8715577,285,85000,333393,75628,18907,16684,111219
2024-09,HX-C0033,1,1,1,9357667,285,85000,351693,79254,19813,17484,116551
2024-10,HX-C0033,1,1,1,9858008,285,85000,365953,81920,20480,18071,120471
2024-11,HX-C0033,1,1,1,10469636,285,85000,383384,85248,21312,18806,125366
2024-12,HX-C0033,1,1,1,11346282,285,85000,408369,90193,22548,19897,132638
2025-01,HX-C0033,1,1,1,12281788,285,85000,435030,95431,23857,21052,140340
2025-02,HX-C0033,1,1,1,13238806,285,85000,462305,100722,25180,22220,148122
2025-03,HX-C0033,1,1,1,14185707,285,85000,489292,105870,26467,23355,155692
2025-04,HX-C0033,1,1,1,15003482,285,85000,512599,110147,27536,24298,161981
2025-05,HX-C0033,1,1,1,16230619,285,85000,547572,116843,29210,25775,171828
2025-06,HX-C0033,1,1,1,17400026,285,85000,580900,123085,30771,27152,181008
2025-07,HX-C0033,1,1,1,18651976,285,85000,616581,129723,32430,28617,190770
2025-08,HX-C0033,1,1,1,19944558,285,85000,653419,136496,34124,30110,200730
2025-09,HX-C0033,1,1,1,21315579,285,85000,692494,143622,35905,31683,211210
2025-10,HX-C0033,1,1,1,22546432,285,85000,727573,149810,37452,33047,220309
2025-11,HX-C0033,1,1,1,23773661,285,85000,762549,155870,38967,34385,229222
2025-12,HX-C0033,1,1,1,25452159,285,85000,810386,164436,41109,36274,241819
2026-01,HX-C0033,1,1,1,27274145,285,85000,862313,173683,43420,38314,255417
2026-02,HX-C0033,1,1,1,29771487,285,85000,933487,186622,46655,41168,274445
2026-03,HX-C0033,1,1,1,32322910,285,85000,1006202,199654,49913,44042,293609
2026-04,HX-C0033,1,1,1,34472068,285,85000,1067453,210211,52552,46371,309134
2026-05,HX-C0033,1,1,1,36906112,285,85000,1136824,222171,55542,49010,326723
2026-06,HX-C0033,1,1,1,40180607,285,85000,1230147,238569,59642,52626,350837
2026-07,HX-C0033,1,1,1,42460699,285,85000,1295129,249234,62308,54979,366521
2026-05,HX-C0034,11,0,1,17436286,285,85000,581934,113727,28431,25089,167247
2026-06,HX-C0034,11,0,1,17718620,285,85000,589980,114418,28604,25240,168262
2026-07,HX-C0034,11,0,1,17885050,285,85000,594723,114448,28612,25246,168306
2025-11,HX-C0035,9,0,1,18423501,235,85000,517952,105873,26468,23355,155696
2025-12,HX-C0035,9,0,1,18242611,235,85000,513701,104235,26058,22995,153288
2026-01,HX-C0035,9,0,1,18978341,235,85000,530991,106949,26737,23593,157279
2026-02,HX-C0035,9,0,1,19168764,235,85000,535465,107049,26762,23615,157426
2026-03,HX-C0035,9,0,1,19546737,235,85000,544348,108011,27002,23827,158840
2026-04,HX-C0035,9,0,1,19892780,235,85000,552480,108798,27199,24001,159998
2026-05,HX-C0035,9,0,1,20538374,235,85000,567651,110936,27734,24472,163142
2026-06,HX-C0035,9,0,1,20950336,235,85000,577332,111965,27991,24699,164655
2026-07,HX-C0035,9,0,1,21500512,235,85000,590262,113589,28397,25058,167044
2024-02,HX-C0036,2,1,1,14461028,285,85000,497139,117236,29309,25862,172407
2024-03,HX-C0036,2,1,1,15758812,285,85000,534126,125160,31290,27609,184059
2024-04,HX-C0036,2,1,1,16680264,285,85000,560387,130475,32618,28783,191876
2024-05,HX-C0036,2,1,1,17693453,285,85000,589263,136317,34079,30071,200467
2024-06,HX-C0036,2,1,1,18884500,285,85000,623208,143237,35809,31598,210644
2024-07,HX-C0036,2,1,1,20119492,285,85000,658405,150342,37585,33165,221092
2024-08,HX-C0036,2,1,1,21812704,285,85000,706662,160304,40076,35362,235742
2024-09,HX-C0036,2,1,1,23257000,285,85000,747824,168523,42130,37175,247828
2024-10,HX-C0036,2,1,1,24826129,285,85000,792544,177415,44353,39137,260905
2024-11,HX-C0036,2,1,1,26358534,285,85000,836218,185941,46485,41017,273443
2024-12,HX-C0036,2,1,1,28673925,285,85000,902206,199264,49816,43956,293036
2025-01,HX-C0036,2,1,1,30725023,285,85000,960663,210738,52684,46487,309909
2025-02,HX-C0036,2,1,1,32224673,285,85000,1003403,218613,54653,48224,321490
2025-03,HX-C0036,2,1,1,34487751,285,85000,1067900,231067,57766,50972,339805
2025-04,HX-C0036,2,1,1,37312924,285,85000,1148418,246772,61693,54435,362900
2025-05,HX-C0036,2,1,1,40458840,285,85000,1238076,264185,66046,58277,388508
2025-06,HX-C0036,2,1,1,42736360,285,85000,1302986,276086,69021,60903,406010
2025-07,HX-C0036,2,1,1,45498643,285,85000,1381711,290700,72675,64126,427501
2025-08,HX-C0036,2,1,1,47618448,285,85000,1442125,301253,75313,66454,443020
2025-09,HX-C0036,2,1,1,50904699,285,85000,1535783,318520,79630,70263,468413
2025-10,HX-C0036,2,1,1,55147317,285,85000,1656698,341120,85280,75248,501648
2025-11,HX-C0036,2,1,1,60458542,285,85000,1808068,369583,92395,81527,543505
2025-12,HX-C0036,2,1,1,65288621,285,85000,1945725,394810,98702,87092,580604
2026-01,HX-C0036,2,1,1,69239051,285,85000,2058312,414576,103644,91452,609672
2026-02,HX-C0036,2,1,1,73776644,285,85000,2187634,437351,109337,96476,643164
2026-03,HX-C0036,2,1,1,78275956,285,85000,2315864,459522,114880,101367,675769
2026-04,HX-C0036,2,1,1,84231463,285,85000,2485596,489483,122370,107975,719828
2026-05,HX-C0036,2,1,1,90042466,285,85000,2651210,518130,129532,114295,761957
2026-06,HX-C0036,2,1,1,96741306,285,85000,2842127,551190,137797,121587,810574
2026-07,HX-C0036,2,1,1,103353066,285,85000,3030562,583201,145800,128648,857649
2025-05,HX-C0037,7,0,1,19139664,285,85000,630480,134533,33633,29678,197844
2025-06,HX-C0037,7,0,1,19734632,285,85000,647437,137183,34295,30263,201741
2025-07,HX-C0037,7,0,1,20629211,285,85000,672932,141579,35394,31232,208205
2025-08,HX-C0037,7,0,1,21126236,285,85000,687097,143531,35882,31663,211076
2025-09,HX-C0037,7,0,1,21745167,285,85000,704737,146161,36540,32243,214944
2025-10,HX-C0037,7,0,1,22536446,285,85000,727288,149750,37437,33035,220222
2025-11,HX-C0037,7,0,1,22571489,285,85000,728287,148867,37216,32840,218923
2025-12,HX-C0037,7,0,1,23134725,285,85000,744339,151034,37758,33318,222110
2026-01,HX-C0037,7,0,0,0,285,0,0,0,0,0,0
2026-02,HX-C0037,7,0,0,0,285,0,0,0,0,0,0
2026-03,HX-C0037,7,0,0,0,285,0,0,0,0,0,0
2026-04,HX-C0037,7,0,0,0,285,0,0,0,0,0,0
2026-05,HX-C0037,7,0,0,0,285,0,0,0,0,0,0
2026-06,HX-C0037,7,0,0,0,285,0,0,0,0,0,0
2026-07,HX-C0037,7,0,0,0,285,0,0,0,0,0,0
2023-11,HX-C0038,1,1,1,2175802,235,85000,136131,32713,8178,7217,48108
2023-12,HX-C0038,1,1,1,2365625,235,85000,140592,33575,8393,7407,49375
2024-01,HX-C0038,1,1,1,2584623,235,85000,145738,34586,8646,7630,50862
2024-02,HX-C0038,1,1,1,2704122,235,85000,148546,35030,8757,7728,51515
2024-03,HX-C0038,1,1,1,2898936,235,85000,153124,35880,8970,7916,52766
2024-04,HX-C0038,1,1,1,3142445,235,85000,158847,36984,9246,8159,54389
2024-05,HX-C0038,1,1,1,3362185,235,85000,164011,37941,9485,8370,55796
2024-06,HX-C0038,1,1,1,3567934,235,85000,168846,38806,9701,8562,57069
2024-07,HX-C0038,1,1,1,3812367,235,85000,174590,39866,9966,8795,58627
2024-08,HX-C0038,1,1,1,4032617,235,85000,179766,40778,10194,8997,59969
2024-09,HX-C0038,1,1,1,4378751,235,85000,187900,42343,10585,9342,62270
2024-10,HX-C0038,1,1,1,4646715,235,85000,194197,43471,10867,9591,63929
2024-11,HX-C0038,1,1,1,5018470,235,85000,202934,45124,11281,9954,66359
2024-12,HX-C0038,1,1,1,5318330,235,85000,209980,46376,11594,10231,68201
2025-01,HX-C0038,1,1,1,5680510,235,85000,218491,47929,11982,10574,70485
2025-02,HX-C0038,1,1,1,6078724,235,85000,227850,49642,12410,10951,73003
2025-03,HX-C0038,1,1,1,6589443,235,85000,239851,51897,12974,11449,76320
2025-04,HX-C0038,1,1,1,7073275,235,85000,251221,53981,13495,11909,79385
2025-05,HX-C0038,1,1,1,7597839,235,85000,263549,56236,14059,12406,82701
2025-06,HX-C0038,1,1,1,7931506,235,85000,271390,57504,14376,12685,84565
2025-07,HX-C0038,1,1,1,8502927,235,85000,284818,59922,14980,13220,88122
2025-08,HX-C0038,1,1,1,9188203,235,85000,300922,62861,15715,13867,92443
2025-09,HX-C0038,1,1,1,9726464,235,85000,313571,65034,16258,14347,95639
2025-10,HX-C0038,1,1,1,10304991,235,85000,327167,67364,16841,14861,99066
2025-11,HX-C0038,1,1,0,0,235,0,0,0,0,0,0
2025-12,HX-C0038,1,1,0,0,235,0,0,0,0,0,0
2026-01,HX-C0038,1,1,0,0,235,0,0,0,0,0,0
2026-02,HX-C0038,1,1,0,0,235,0,0,0,0,0,0
2026-03,HX-C0038,1,1,0,0,235,0,0,0,0,0,0
2026-04,HX-C0038,1,1,0,0,235,0,0,0,0,0,0
2026-05,HX-C0038,1,1,0,0,235,0,0,0,0,0,0
2026-06,HX-C0038,1,1,0,0,235,0,0,0,0,0,0
2026-07,HX-C0038,1,1,0,0,235,0,0,0,0,0,0
2025-11,HX-C0039,9,0,1,14663365,235,85000,429589,87811,21952,19371,129134
2025-12,HX-C0039,9,0,1,15198189,235,85000,442157,89718,22429,19792,131939
2026-01,HX-C0039,9,0,1,15595845,235,85000,451502,90939,22734,20061,133734
2026-02,HX-C0039,9,0,1,15788169,235,85000,456021,91167,22791,20112,134070
2026-03,HX-C0039,9,0,1,16107576,235,85000,463528,91974,22993,20290,135257
2026-04,HX-C0039,9,0,1,16753750,235,85000,478713,94271,23567,20797,138635
2026-05,HX-C0039,9,0,1,17194835,235,85000,489078,95581,23895,21085,140561
2026-06,HX-C0039,9,0,1,17538970,235,85000,497165,96417,24104,21270,141791
2026-07,HX-C0039,9,0,1,17810167,235,85000,503538,96900,24225,21376,142501
2025-02,HX-C0040,6,0,1,11210081,285,85000,404487,88125,22031,19441,129597
2025-03,HX-C0040,6,0,1,11369615,285,85000,409034,88504,22126,19524,130154
2025-04,HX-C0040,6,0,1,11644274,285,85000,416861,89575,22393,19760,131728
2025-05,HX-C0040,6,0,1,12015191,285,85000,427432,91207,22801,20120,134128
2025-06,HX-C0040,6,0,1,12232331,285,85000,433621,91878,22969,20269,135116
2025-07,HX-C0040,6,0,1,12676403,285,85000,446277,93893,23473,20712,138078
2025-08,HX-C0040,6,0,1,12776898,285,85000,449141,93823,23455,20698,137976
2025-09,HX-C0040,6,0,1,13169836,285,85000,460340,95474,23868,21061,140403
2025-10,HX-C0040,6,0,1,13455854,285,85000,468491,96464,24116,21279,141859
2025-11,HX-C0040,6,0,1,13874722,285,85000,480429,98202,24550,21664,144416
2025-12,HX-C0040,6,0,1,14384264,285,85000,494951,100431,25107,22155,147693
2026-01,HX-C0040,6,0,1,14851811,285,85000,508276,102374,25593,22584,150551
2026-02,HX-C0040,6,0,1,15509326,285,85000,527015,105360,26340,23242,154942
2026-03,HX-C0040,6,0,1,15975297,285,85000,540295,107207,26801,23650,157658
2026-04,HX-C0040,6,0,1,16431635,285,85000,553301,108959,27239,24037,160235
2026-05,HX-C0040,6,0,1,17123404,285,85000,573017,111985,27996,24704,164685
2026-06,HX-C0040,6,0,1,17259347,285,85000,576891,111879,27969,24681,164529
2026-07,HX-C0040,6,0,1,17651699,285,85000,588073,113168,28292,24964,166424
2025-11,HX-C0041,9,0,1,34042768,285,85000,1055218,215694,53923,47581,317198
2025-12,HX-C0041,9,0,1,34961654,285,85000,1081407,219429,54857,48405,322691
2026-01,HX-C0041,9,0,1,34894506,285,85000,1079493,217426,54356,47963,319745
2026-02,HX-C0041,9,0,1,35880328,285,85000,1107589,221429,55357,48845,325631
2026-03,HX-C0041,9,0,1,36697774,285,85000,1130886,224394,56098,49500,329992
2026-04,HX-C0041,9,0,1,37115754,285,85000,1142798,225048,56262,49644,330954
2026-05,HX-C0041,9,0,1,37268311,285,85000,1147146,224188,56047,49454,329689
2026-06,HX-C0041,9,0,1,38516568,285,85000,1182722,229372,57343,50597,337312
2026-07,HX-C0041,9,0,1,39655770,285,85000,1215189,233850,58462,51586,343898
2024-05,HX-C0042,3,0,1,4138001,285,85000,202933,46945,11736,10356,69037
2024-06,HX-C0042,3,0,1,4282132,285,85000,207040,47585,11896,10498,69979
2024-07,HX-C0042,3,0,1,4464880,285,85000,212249,48465,12116,10692,71273
2024-08,HX-C0042,3,0,1,4554051,285,85000,214790,48724,12181,10748,71653
2024-09,HX-C0042,3,0,1,4623296,285,85000,216763,48847,12211,10777,71835
2024-10,HX-C0042,3,0,1,4832526,285,85000,222726,49858,12464,10999,73321
2024-11,HX-C0042,3,0,1,4983959,285,85000,227042,50484,12621,11137,74242
2024-12,HX-C0042,3,0,1,5076278,285,85000,229673,50725,12681,11191,74597
2025-01,HX-C0042,3,0,1,5224664,285,85000,233902,51310,12827,11319,75456
2025-02,HX-C0042,3,0,1,5333142,285,85000,236994,51633,12908,11391,75932
2025-03,HX-C0042,3,0,1,5441506,285,85000,240082,51947,12986,11461,76394
2025-04,HX-C0042,3,0,1,5660519,285,85000,246324,52929,13232,11677,77838
2025-05,HX-C0042,3,0,1,5913227,285,85000,253526,54098,13524,11934,79556
2025-06,HX-C0042,3,0,1,6123625,285,85000,259523,54989,13747,12131,80867
2025-07,HX-C0042,3,0,1,6250983,285,85000,263153,55364,13841,12214,81419
2025-08,HX-C0042,3,0,1,6345647,285,85000,265850,55534,13883,12252,81669
2025-09,HX-C0042,3,0,1,6540423,285,85000,271402,56288,14072,12417,82777
2025-10,HX-C0042,3,0,1,6690996,285,85000,275693,56765,14191,12523,83479
2025-11,HX-C0042,3,0,1,6609355,285,85000,273366,55877,13969,12327,82173
2025-12,HX-C0042,3,0,1,6687918,285,85000,275605,55923,13980,12337,82240
2026-01,HX-C0042,3,0,1,6876432,285,85000,280978,56593,14148,12484,83225
2026-02,HX-C0042,3,0,1,7090130,285,85000,287068,57389,14347,12661,84397
2026-03,HX-C0042,3,0,1,7135588,285,85000,288364,57217,14304,12623,84144
2026-04,HX-C0042,3,0,1,7549645,285,85000,300164,59110,14777,13040,86927
2026-05,HX-C0042,3,0,1,7678668,285,85000,303842,59380,14845,13099,87324
2026-06,HX-C0042,3,0,1,7693232,285,85000,304257,59006,14751,13017,86774
2026-07,HX-C0042,3,0,1,7948269,285,85000,311525,59949,14987,13225,88161
2026-02,HX-C0043,10,0,1,9981465,285,85000,369471,73864,18466,16294,108624
2026-03,HX-C0043,10,0,1,10260344,285,85000,377419,74888,18722,16520,110130
2026-04,HX-C0043,10,0,1,10489366,285,85000,383946,75609,18902,16679,111190
2026-05,HX-C0043,10,0,1,10775192,285,85000,392092,76627,19156,16904,112687
2026-06,HX-C0043,10,0,1,10981950,285,85000,397985,77183,19295,17027,113505
2026-07,HX-C0043,10,0,1,11381602,285,85000,409375,78780,19695,17378,115853
2025-08,HX-C0044,8,0,1,8939977,285,85000,339789,70980,17745,15658,104383
2025-09,HX-C0044,8,0,1,9132036,285,85000,345263,71607,17901,15797,105305
2025-10,HX-C0044,8,0,1,9160674,285,85000,346079,71258,17814,15720,104792
2025-11,HX-C0044,8,0,1,9241236,285,85000,348375,71210,17802,15709,104721
2025-12,HX-C0044,8,0,1,9452311,285,85000,354390,71909,17977,15863,105749
2026-01,HX-C0044,8,0,1,9738286,285,85000,362541,73021,18255,16108,107384
2026-02,HX-C0044,8,0,1,9849298,285,85000,365704,73110,18277,16129,107516
2026-03,HX-C0044,8,0,1,9825770,285,85000,365034,72430,18107,15979,106516
2026-04,HX-C0044,8,0,1,10158312,285,85000,374511,73751,18437,16270,108458
2026-05,HX-C0044,8,0,1,10238431,285,85000,376795,73637,18409,16244,108290
2026-06,HX-C0044,8,0,1,10640063,285,85000,388241,75293,18823,16610,110726
2026-07,HX-C0044,8,0,1,10641541,285,85000,388283,74721,18680,16483,109884
2025-02,HX-C0045,6,0,1,15489030,285,85000,526437,114695,28673,25302,168670
2025-03,HX-C0045,6,0,1,16043826,285,85000,542249,117329,29332,25882,172543
2025-04,HX-C0045,6,0,1,16399410,285,85000,552383,118696,29674,26183,174553
2025-05,HX-C0045,6,0,1,16565454,285,85000,557115,118878,29719,26225,174822
2025-06,HX-C0045,6,0,1,17044760,285,85000,570775,120940,30235,26678,177853
2025-07,HX-C0045,6,0,1,17750875,285,85000,590899,124320,31080,27424,182824
2025-08,HX-C0045,6,0,1,17986794,285,85000,597623,124840,31210,27539,183589
2025-09,HX-C0045,6,0,1,18494949,285,85000,612106,126950,31737,28005,186692
2025-10,HX-C0045,6,0,1,18951800,285,85000,625126,128715,32178,28395,189288
2025-11,HX-C0045,6,0,1,19226512,285,85000,632955,129380,32345,28541,190266
2025-12,HX-C0045,6,0,1,19511383,285,85000,641074,130081,32520,28695,191296
2026-01,HX-C0045,6,0,1,20011434,285,85000,655325,131992,32998,29117,194107
2026-02,HX-C0045,6,0,1,20881203,285,85000,680114,135968,33992,29993,199953
2026-03,HX-C0045,6,0,1,21650495,285,85000,702039,139300,34825,30729,204854
2026-04,HX-C0045,6,0,1,22306288,285,85000,720729,141931,35482,31310,208723
2026-05,HX-C0045,6,0,1,22697837,285,85000,731888,143033,35758,31553,210344
2026-06,HX-C0045,6,0,1,23634034,285,85000,758569,147113,36778,32452,216343
2026-07,HX-C0045,6,0,1,24493818,285,85000,783073,150694,37673,33242,221609
2023-11,HX-C0046,1,1,1,54500906,235,85000,1365771,328210,82052,72401,482663
2023-12,HX-C0046,1,1,1,58405116,235,85000,1457520,348079,87019,76783,511881
2024-01,HX-C0046,1,1,1,62573872,235,85000,1555485,369147,92286,81431,542864
2024-02,HX-C0046,1,1,1,66592907,235,85000,1649933,389093,97273,85830,572196
2024-03,HX-C0046,1,1,1,71125076,235,85000,1756439,411582,102895,90791,605268
2024-04,HX-C0046,1,1,1,75429244,235,85000,1857587,432505,108126,95406,636037
2024-05,HX-C0046,1,1,1,79594944,235,85000,1955481,452372,113093,99789,665254
2024-06,HX-C0046,1,1,1,85350949,235,85000,2090747,480536,120134,106002,706672
2024-07,HX-C0046,1,1,1,91966885,235,85000,2246221,512911,128227,113143,754281
2024-08,HX-C0046,1,1,1,99095270,235,85000,2413738,547550,136887,120785,805222
2024-09,HX-C0046,1,1,1,106544788,235,85000,2588802,583391,145847,128690,857928
2024-10,HX-C0046,1,1,1,111662757,235,85000,2709074,606442,151610,133775,891827
2024-11,HX-C0046,1,1,1,118885688,235,85000,2878813,640132,160033,141206,941371
2024-12,HX-C0046,1,1,1,128190973,235,85000,3097487,684122,171030,150911,1006063
2025-01,HX-C0046,1,1,1,136599910,235,85000,3295097,722838,180709,159451,1062998
2025-02,HX-C0046,1,1,1,147005858,235,85000,3539637,771187,192796,170116,1134099
2025-03,HX-C0046,1,1,1,160053543,235,85000,3846258,832237,208059,183583,1223879
2025-04,HX-C0046,1,1,1,173941117,235,85000,4172616,896611,224152,197783,1318546
2025-05,HX-C0046,1,1,1,183858783,235,85000,4405681,940101,235025,207376,1382502
2025-06,HX-C0046,1,1,1,196852734,235,85000,4711039,998212,249553,220194,1467959
2025-07,HX-C0046,1,1,1,211511557,235,85000,5055521,1063641,265910,234627,1564178
2025-08,HX-C0046,1,1,1,227545830,235,85000,5432327,1134790,283697,250323,1668810
2025-09,HX-C0046,1,1,1,243187709,235,85000,5799911,1202900,300725,265347,1768972
2025-10,HX-C0046,1,1,1,258643622,235,85000,6163125,1269011,317252,279931,1866194
2025-11,HX-C0046,1,1,1,273693659,235,85000,6516800,1332086,333021,293843,1958950
2025-12,HX-C0046,1,1,1,291052997,235,85000,6924745,1405113,351278,309952,2066343
2026-01,HX-C0046,1,1,1,312399018,235,85000,7426376,1495790,373947,329955,2199692
2026-02,HX-C0046,1,1,1,334909998,235,85000,7955384,1590439,397609,350834,2338882
2026-03,HX-C0046,1,1,1,362426702,235,85000,8602027,1706848,426712,376511,2510071
2026-04,HX-C0046,1,1,1,390266945,235,85000,9256273,1822818,455704,402094,2680616
2026-05,HX-C0046,1,1,1,414803060,235,85000,9832871,1921657,480414,423896,2825967
2026-06,HX-C0046,1,1,1,439459227,235,85000,10412291,2019317,504829,445439,2969585
2026-07,HX-C0046,1,1,1,474315336,235,85000,11231410,2161372,540343,476774,3178489
2026-05,HX-C0047,11,0,1,22498491,285,85000,726206,141923,35480,31308,208711
2026-06,HX-C0047,11,0,1,22662475,285,85000,730880,141743,35435,31268,208446
2026-07,HX-C0047,11,0,1,23171310,285,85000,745382,143441,35860,31642,210943
2024-11,HX-C0048,5,0,1,18812885,285,85000,621167,138122,34530,30469,203121
2024-12,HX-C0048,5,0,1,19348404,285,85000,636429,140564,35141,31007,206712
2025-01,HX-C0048,5,0,1,19637920,285,85000,644680,141421,35355,31197,207973
2025-02,HX-C0048,5,0,1,20182020,285,85000,660187,143835,35958,31730,211523
2025-03,HX-C0048,5,0,1,20726458,285,85000,675704,146206,36551,32252,215009
2025-04,HX-C0048,5,0,1,20893773,285,85000,680472,146219,36554,32256,215029
2025-05,HX-C0048,5,0,1,21403452,285,85000,694998,148301,37075,32714,218090
2025-06,HX-C0048,5,0,1,21498031,285,85000,697693,147832,36958,32611,217401
2025-07,HX-C0048,5,0,1,21810557,285,85000,706600,148662,37165,32795,218622
2025-08,HX-C0048,5,0,1,22388430,285,85000,723070,151046,37761,33320,222127
2025-09,HX-C0048,5,0,1,23095170,285,85000,743212,154141,38535,34003,226679
2025-10,HX-C0048,5,0,1,24140815,285,85000,773013,159166,39791,35111,234068
2025-11,HX-C0048,5,0,1,25010490,285,85000,797798,163076,40769,35973,239818
2025-12,HX-C0048,5,0,1,25718178,285,85000,817968,165975,41493,36613,244081
2026-01,HX-C0048,5,0,1,26485293,285,85000,839830,169154,42288,37315,248757
2026-02,HX-C0048,5,0,1,27229529,285,85000,861041,172139,43034,37973,253146
2026-03,HX-C0048,5,0,1,28401407,285,85000,894440,177477,44369,39151,260997
2026-04,HX-C0048,5,0,1,29630601,285,85000,929472,183039,45759,40377,269175
2026-05,HX-C0048,5,0,1,30856129,285,85000,964399,188474,47118,41576,277168
2026-06,HX-C0048,5,0,1,32563183,285,85000,1013050,196466,49116,43339,288921
2026-07,HX-C0048,5,0,1,33259550,285,85000,1032897,198770,49692,43847,292309
2025-11,HX-C0049,9,0,1,14866717,285,85000,508701,103982,25995,22938,152915
2025-12,HX-C0049,9,0,1,15234808,285,85000,519192,105349,26337,23240,154926
2026-01,HX-C0049,9,0,1,15436876,285,85000,524950,105733,26433,23324,155490
2026-02,HX-C0049,9,0,1,15541469,285,85000,527931,105543,26385,23283,155211
2026-03,HX-C0049,9,0,1,15961861,285,85000,539913,107131,26782,23633,157546
2026-04,HX-C0049,9,0,1,16446239,285,85000,553717,109042,27260,24054,160356
2026-05,HX-C0049,9,0,1,17137873,285,85000,573429,112066,28016,24721,164803
2026-06,HX-C0049,9,0,1,17096260,285,85000,572243,110978,27744,24481,163203
2026-07,HX-C0049,9,0,1,17459879,285,85000,582606,112116,28029,24732,164877
2024-11,HX-C0050,5,0,1,12217289,285,85000,433192,96324,24081,21248,141653
2024-12,HX-C0050,5,0,1,12394407,285,85000,438240,96791,24197,21352,142340
2025-01,HX-C0050,5,0,1,12678877,285,85000,446347,97913,24478,21600,143991
2025-02,HX-C0050,5,0,1,13104434,285,85000,458476,99888,24972,22035,146895
2025-03,HX-C0050,5,0,1,13575458,285,85000,471900,102107,25526,22525,150158
2025-04,HX-C0050,5,0,1,14060308,285,85000,485718,104370,26092,23024,153486
2025-05,HX-C0050,5,0,1,14257202,285,85000,491330,104841,26210,23128,154179
2025-06,HX-C0050,5,0,1,14737958,285,85000,505031,107009,26752,23606,157367
2025-07,HX-C0050,5,0,1,15035821,285,85000,513520,108040,27010,23833,158883
2025-08,HX-C0050,5,0,1,15241746,285,85000,519389,108498,27124,23934,159556
2025-09,HX-C0050,5,0,1,15584983,285,85000,529172,109749,27437,24211,161397
2025-10,HX-C0050,5,0,1,16199178,285,85000,546676,112562,28140,24831,165533
2025-11,HX-C0050,5,0,1,16784139,285,85000,563347,115152,28788,25402,169342
2025-12,HX-C0050,5,0,1,17164884,285,85000,574199,116511,29127,25702,171340
2026-01,HX-C0050,5,0,1,17374444,285,85000,580171,116855,29213,25778,171846
2026-02,HX-C0050,5,0,1,17365830,285,85000,579926,115938,28984,25576,170498
2026-03,HX-C0050,5,0,1,18119767,285,85000,601413,119334,29833,26325,175492
2026-04,HX-C0050,5,0,1,18563108,285,85000,614048,120923,30230,26675,177828
2026-05,HX-C0050,5,0,1,18991896,285,85000,626269,122392,30598,26999,179989
2026-06,HX-C0050,5,0,1,19743855,285,85000,647699,125611,31402,27710,184723
2026-07,HX-C0050,5,0,1,19910607,285,85000,652452,125557,31389,27697,184643
2025-02,HX-C0051,6,0,1,65801241,235,85000,1631329,355420,88855,78402,522677
2025-03,HX-C0051,6,0,1,67709634,235,85000,1676176,362684,90671,80004,533359
2025-04,HX-C0051,6,0,1,68740097,235,85000,1700392,365379,91344,80600,537323
2025-05,HX-C0051,6,0,1,70876581,235,85000,1750599,373549,93387,82401,549337
2025-06,HX-C0051,6,0,1,71489874,235,85000,1765012,373984,93496,82497,549977
2025-07,HX-C0051,6,0,1,72710185,235,85000,1793689,377377,94344,83246,554967
2025-08,HX-C0051,6,0,1,75466289,235,85000,1858457,388223,97055,85639,570917
2025-09,HX-C0051,6,0,1,78183281,235,85000,1922307,398686,99671,87946,586303
2025-10,HX-C0051,6,0,1,80640163,235,85000,1980043,407698,101924,89935,599557
2025-11,HX-C0051,6,0,1,83736565,235,85000,2052809,419610,104902,92562,617074
2025-12,HX-C0051,6,0,1,87528844,235,85000,2141927,434622,108655,95874,639151
2026-01,HX-C0051,6,0,1,92385260,235,85000,2256053,454404,113601,100237,668242
2026-02,HX-C0051,6,0,1,95110802,235,85000,2320103,463834,115958,102318,682110
2026-03,HX-C0051,6,0,1,98209044,235,85000,2392912,474810,118702,104739,698251
2026-04,HX-C0051,6,0,1,99601654,235,85000,2425638,477675,119418,105371,702464
2026-05,HX-C0051,6,0,1,100389840,235,85000,2444161,477666,119416,105369,702451
2026-06,HX-C0051,6,0,1,102789833,235,85000,2500561,484948,121237,106974,713159
2026-07,HX-C0051,6,0,1,106881193,235,85000,2596708,499710,124927,110231,734868
2026-05,HX-C0052,11,0,1,13244101,285,85000,462456,90378,22594,19937,132909
2026-06,HX-C0052,11,0,1,13559497,285,85000,471445,91430,22857,20169,134456
2026-07,HX-C0052,11,0,1,13800493,285,85000,478314,92046,23011,20305,135362
2025-08,HX-C0053,8,0,1,24686466,235,85000,665131,138943,34735,30650,204328
2025-09,HX-C0053,8,0,1,25473702,235,85000,683631,141784,35446,31277,208507
2025-10,HX-C0053,8,0,1,26361436,235,85000,704493,145057,36264,31999,213320
2025-11,HX-C0053,8,0,1,26740242,235,85000,713395,145823,36455,32168,214446
2025-12,HX-C0053,8,0,1,27422898,235,85000,729438,148011,37002,32651,217664
2026-01,HX-C0053,8,0,1,28351669,235,85000,751264,151316,37829,33379,222524
2026-02,HX-C0053,8,0,1,29320105,235,85000,774022,154742,38685,34135,227562
2026-03,HX-C0053,8,0,1,30211743,235,85000,794975,157741,39435,34797,231973
2026-04,HX-C0053,8,0,1,30942240,235,85000,812142,159933,39983,35280,235196
2026-05,HX-C0053,8,0,1,31740649,235,85000,830905,162385,40596,35821,238802
2026-06,HX-C0053,8,0,1,32526074,235,85000,849362,164721,41180,36337,242238
2026-07,HX-C0053,8,0,1,32835998,235,85000,856645,164852,41213,36365,242430
2024-11,HX-C0054,5,0,1,11092919,285,85000,401148,89199,22299,19677,131175
2024-12,HX-C0054,5,0,1,11403018,285,85000,409986,90550,22637,19976,133163
2025-01,HX-C0054,5,0,1,11618645,285,85000,416131,91285,22821,20137,134243
2025-02,HX-C0054,5,0,1,11687343,285,85000,418089,91089,22772,20094,133955
2025-03,HX-C0054,5,0,1,12086049,285,85000,429452,92922,23230,20499,136651
2025-04,HX-C0054,5,0,1,12266756,285,85000,434602,93387,23346,20601,137334
2025-05,HX-C0054,5,0,1,12635718,285,85000,445117,94980,23745,20952,139677
2025-06,HX-C0054,5,0,1,12874802,285,85000,451931,95758,23939,21124,140821
2025-07,HX-C0054,5,0,1,13416630,285,85000,467373,98331,24582,21692,144605
2025-08,HX-C0054,5,0,1,14038379,285,85000,485093,101333,25333,22354,149020
2025-09,HX-C0054,5,0,1,14365858,285,85000,494426,102543,25635,22621,150799
2025-10,HX-C0054,5,0,1,14772667,285,85000,506021,104191,26047,22985,153223
2025-11,HX-C0054,5,0,1,15163381,285,85000,517156,105710,26427,23320,155457
2025-12,HX-C0054,5,0,1,15725429,285,85000,533174,108187,27046,23866,159099
2026-01,HX-C0054,5,0,0,0,285,0,0,0,0,0,0
2026-02,HX-C0054,5,0,0,0,285,0,0,0,0,0,0
2026-03,HX-C0054,5,0,0,0,285,0,0,0,0,0,0
2026-04,HX-C0054,5,0,0,0,285,0,0,0,0,0,0
2026-05,HX-C0054,5,0,0,0,285,0,0,0,0,0,0
2026-06,HX-C0054,5,0,0,0,285,0,0,0,0,0,0
2026-07,HX-C0054,5,0,0,0,285,0,0,0,0,0,0
2024-08,HX-C0055,4,0,1,13729450,285,85000,476289,108045,27011,23834,158890
2024-09,HX-C0055,4,0,1,13966522,285,85000,483045,108855,27213,24013,160081
2024-10,HX-C0055,4,0,1,14558869,285,85000,499927,111911,27977,24687,164575
2024-11,HX-C0055,4,0,1,14718607,285,85000,504480,112175,28043,24746,164964
2024-12,HX-C0055,4,0,1,15127932,285,85000,516146,113997,28499,25148,167644
2025-01,HX-C0055,4,0,1,15227788,285,85000,518991,113849,28462,25115,167426
2025-02,HX-C0055,4,0,1,15470190,285,85000,525900,114578,28644,25276,168498
2025-03,HX-C0055,4,0,1,15754347,285,85000,533998,115544,28886,25488,169918
2025-04,HX-C0055,4,0,1,16094754,285,85000,543700,116830,29207,25772,171809
2025-05,HX-C0055,4,0,1,16453318,285,85000,553919,118196,29549,26074,173819
2025-06,HX-C0055,4,0,1,17118997,285,85000,572891,121388,30347,26777,178512
2025-07,HX-C0055,4,0,1,17888857,285,85000,594832,125147,31286,27608,184041
2025-08,HX-C0055,4,0,1,18039071,285,85000,599113,125151,31287,27609,184047
2025-09,HX-C0055,4,0,1,18327576,285,85000,607335,125961,31490,27786,185237
2025-10,HX-C0055,4,0,1,19059372,285,85000,628192,129346,32336,28534,190216
2025-11,HX-C0055,4,0,1,19833250,285,85000,650247,132915,33228,29321,195464
2025-12,HX-C0055,4,0,1,20170096,285,85000,659847,133890,33472,29536,196898
2026-01,HX-C0055,4,0,1,20713466,285,85000,675333,136022,34005,30006,200033
2026-02,HX-C0055,4,0,1,21441765,285,85000,696090,139162,34790,30698,204650
2026-03,HX-C0055,4,0,1,21655816,285,85000,702190,139331,34832,30736,204899
2026-04,HX-C0055,4,0,1,22320543,285,85000,721135,142011,35502,31327,208840
2026-05,HX-C0055,4,0,0,0,285,0,0,0,0,0,0
2026-06,HX-C0055,4,0,0,0,285,0,0,0,0,0,0
2026-07,HX-C0055,4,0,0,0,285,0,0,0,0,0,0
2025-02,HX-C0056,6,0,1,8986144,235,85000,296174,64527,16131,14236,94894
2025-03,HX-C0056,6,0,1,9217743,235,85000,301616,65262,16315,14397,95974
2025-04,HX-C0056,6,0,1,9486330,235,85000,307928,66167,16541,14597,97305
2025-05,HX-C0056,6,0,1,9678999,235,85000,312456,66672,16668,14708,98048
2025-06,HX-C0056,6,0,1,9990080,235,85000,319766,67754,16938,14947,99639
2025-07,HX-C0056,6,0,1,9946083,235,85000,318732,67058,16764,14793,98615
2025-08,HX-C0056,6,0,1,10350183,235,85000,328229,68565,17141,15125,100831
2025-09,HX-C0056,6,0,1,10640876,235,85000,335060,69491,17372,15330,102193
2025-10,HX-C0056,6,0,1,11053645,235,85000,344760,70987,17746,15660,104393
2025-11,HX-C0056,6,0,1,11377114,235,85000,352362,72025,18006,15889,105920
2025-12,HX-C0056,6,0,1,11595420,235,85000,357492,72539,18134,16002,106675
2026-01,HX-C0056,6,0,1,11930161,235,85000,365358,73588,18397,16234,108219
2026-02,HX-C0056,6,0,1,12310925,235,85000,374306,74830,18707,16508,110045
2026-03,HX-C0056,6,0,1,12649069,235,85000,382253,75847,18961,16733,111541
2026-04,HX-C0056,6,0,0,0,235,0,0,0,0,0,0
2026-05,HX-C0056,6,0,0,0,235,0,0,0,0,0,0
2026-06,HX-C0056,6,0,0,0,235,0,0,0,0,0,0
2026-07,HX-C0056,6,0,0,0,235,0,0,0,0,0,0
2025-08,HX-C0057,8,0,1,66913726,285,85000,1992041,416128,104032,91794,611954
2025-09,HX-C0057,8,0,1,69537558,285,85000,2066820,428658,107164,94558,630380
2025-10,HX-C0057,8,0,1,70104337,285,85000,2082973,428892,107223,94609,630724
2025-11,HX-C0057,8,0,1,72511098,285,85000,2151566,439796,109949,97015,646760
2025-12,HX-C0057,8,0,1,74568260,285,85000,2210195,448474,112118,98930,659522
2026-01,HX-C0057,8,0,1,75281198,285,85000,2230514,449261,112315,99102,660678
2026-02,HX-C0057,8,0,1,77078041,285,85000,2281724,456161,114040,100625,670826
2026-03,HX-C0057,8,0,1,79563248,285,85000,2352552,466802,116700,102972,686474
2026-04,HX-C0057,8,0,1,80201114,285,85000,2370731,466862,116715,102986,686563
2026-05,HX-C0057,8,0,1,83814731,285,85000,2473719,483443,120860,106643,710946
2026-06,HX-C0057,8,0,1,86637437,285,85000,2554166,495344,123836,109268,728448
2026-07,HX-C0057,8,0,1,89112046,285,85000,2624693,505095,126273,111420,742788
2024-05,HX-C0058,3,0,1,54660061,285,85000,1642811,380041,95010,83833,558884
2024-06,HX-C0058,3,0,1,55027644,285,85000,1653287,379991,94997,83823,558811
2024-07,HX-C0058,3,0,1,55135081,285,85000,1656349,378216,94554,83431,556201
2024-08,HX-C0058,3,0,1,56044573,285,85000,1682270,381619,95404,84182,561205
2024-09,HX-C0058,3,0,1,58460584,285,85000,1751126,394619,98654,87050,580323
2024-10,HX-C0058,3,0,1,60186890,285,85000,1800326,403013,100753,88901,592667
2024-11,HX-C0058,3,0,1,60906752,285,85000,1820842,404882,101220,89313,595415
2024-12,HX-C0058,3,0,1,62016180,285,85000,1852461,409141,102285,90253,601679
2025-01,HX-C0058,3,0,1,63185234,285,85000,1885779,413679,103419,91254,608352
2025-02,HX-C0058,3,0,1,65563005,285,85000,1953545,425622,106405,93888,625915
2025-03,HX-C0058,3,0,1,67847994,285,85000,2018667,436790,109197,96352,642339
2025-04,HX-C0058,3,0,1,70189641,285,85000,2085404,448111,112027,98849,658987
2025-05,HX-C0058,3,0,1,71015019,285,85000,2108928,450011,112502,99268,661781
2025-06,HX-C0058,3,0,1,71300053,285,85000,2117051,448577,112144,98952,659673
2025-07,HX-C0058,3,0,1,73772675,285,85000,2187521,460236,115059,101523,676818
2025-08,HX-C0058,3,0,1,75987856,285,85000,2250653,470152,117538,103710,691400
2025-09,HX-C0058,3,0,1,78458684,285,85000,2321072,481389,120347,106190,707926
2025-10,HX-C0058,3,0,1,81080965,285,85000,2395807,493306,123326,108818,725450
2025-11,HX-C0058,3,0,1,84250762,285,85000,2486146,508187,127046,112102,747335
2025-12,HX-C0058,3,0,1,87997161,285,85000,2592919,526134,131533,116060,773727
2026-01,HX-C0058,3,0,1,90572012,285,85000,2666302,537035,134258,118465,789758
2026-02,HX-C0058,3,0,1,95376345,285,85000,2803225,560420,140105,123623,824148
2026-03,HX-C0058,3,0,1,97548220,285,85000,2865124,568509,142127,125407,836043
2026-04,HX-C0058,3,0,1,101201730,285,85000,2969249,584727,146181,128986,859894
2026-05,HX-C0058,3,0,1,102467120,285,85000,3005312,587333,146833,129560,863726
2026-06,HX-C0058,3,0,1,103638037,285,85000,3038684,589309,147327,129996,866632
2026-07,HX-C0058,3,0,1,106542985,285,85000,3121475,600696,150174,132507,883377
2023-08,HX-C0059,0,1,1,52394312,285,85000,1578237,386352,96588,85225,568165
2023-09,HX-C0059,0,1,1,56105498,285,85000,1684006,409725,102431,90381,602537
2023-10,HX-C0059,0,1,1,60334028,285,85000,1804519,436346,109086,96254,641686
2023-11,HX-C0059,0,1,1,65575237,285,85000,1953894,469544,117386,103576,690506
2023-12,HX-C0059,0,1,1,69874329,285,85000,2076418,495881,123970,109387,729238
2024-01,HX-C0059,0,1,1,74638222,285,85000,2212189,524996,131249,115808,772053
2024-02,HX-C0059,0,1,1,79065228,285,85000,2338358,551440,137860,121642,810942
2024-03,HX-C0059,0,1,1,85762948,285,85000,2529244,592672,148168,130737,871577
2024-04,HX-C0059,0,1,1,92548502,285,85000,2722632,633915,158478,139836,932229
2024-05,HX-C0059,0,1,1,99350844,285,85000,2916499,674690,168672,148830,992192
2024-06,HX-C0059,0,1,1,108901531,285,85000,3188693,732889,183222,161667,1077778
2024-07,HX-C0059,0,1,1,116656544,285,85000,3409711,778586,194646,171748,1144980
2024-08,HX-C0059,0,1,1,123622369,285,85000,3608237,818520,204630,180557,1203707
2024-09,HX-C0059,0,1,1,133424269,285,85000,3887591,876075,219018,193254,1288347
2024-10,HX-C0059,0,1,1,143640177,285,85000,4178745,935436,233859,206347,1375642
2024-11,HX-C0059,0,1,1,154682377,285,85000,4493447,999162,249790,220405,1469357
2024-12,HX-C0059,0,1,1,168136758,285,85000,4876897,1077130,269282,237604,1584016
2025-01,HX-C0059,0,1,1,182802483,285,85000,5294870,1161525,290381,256219,1708125
2025-02,HX-C0059,0,1,1,196987545,285,85000,5699145,1241684,310421,273901,1826006
2025-03,HX-C0059,0,1,1,210014782,285,85000,6070421,1313492,328373,289742,1931607
2025-04,HX-C0059,0,1,1,222300456,285,85000,6420562,1379649,344912,304336,2028897
2025-05,HX-C0059,0,1,1,236493939,285,85000,6825077,1456362,364090,321257,2141709
2025-06,HX-C0059,0,1,1,257191727,285,85000,7414964,1571141,392785,346576,2310502
2025-07,HX-C0059,0,1,1,275704132,285,85000,7942567,1671052,417763,368615,2457430
2025-08,HX-C0059,0,1,1,297608669,285,85000,8566847,1789579,447394,394762,2631735
2025-09,HX-C0059,0,1,1,325846952,285,85000,9371638,1943677,485919,428753,2858349
2025-10,HX-C0059,0,1,1,348172274,285,85000,10007909,2060667,515166,454561,3030394
2025-11,HX-C0059,0,1,1,371020999,285,85000,10659098,2178804,544701,480619,3204124
2025-12,HX-C0059,0,1,1,396722609,285,85000,11391594,2311490,577872,509889,3399251
2026-01,HX-C0059,0,1,1,431651125,285,85000,12387057,2494951,623737,550358,3669046
2026-02,HX-C0059,0,1,1,463844511,285,85000,13304568,2659848,664962,586732,3911542
2026-03,HX-C0059,0,1,1,488352293,285,85000,14003040,2778539,694634,612914,4086087
2026-04,HX-C0059,0,1,1,522000069,285,85000,14962001,2946436,736609,649950,4332995
2026-05,HX-C0059,0,1,1,558437462,285,85000,16000467,3127003,781750,689781,4598534
2026-06,HX-C0059,0,1,1,599092688,285,85000,17159141,3327775,831943,734069,4893787
2026-07,HX-C0059,0,1,1,641540083,285,85000,18368892,3534909,883727,779760,5198396
2024-11,HX-C0060,5,0,1,5052623,285,85000,228999,50919,12729,11234,74882
2024-12,HX-C0060,5,0,1,5099091,285,85000,230324,50870,12717,11222,74809
2025-01,HX-C0060,5,0,1,5189501,285,85000,232900,51090,12772,11271,75133
2025-02,HX-C0060,5,0,1,5296926,285,85000,235962,51409,12852,11341,75602
2025-03,HX-C0060,5,0,1,5425431,285,85000,239624,51848,12962,11438,76248
2025-04,HX-C0060,5,0,1,5607109,285,85000,244802,52602,13150,11605,77357
2025-05,HX-C0060,5,0,1,5792803,285,85000,250094,53365,13341,11773,78479
2025-06,HX-C0060,5,0,1,5844911,285,85000,251579,53306,13326,11760,78392
2025-07,HX-C0060,5,0,1,6144698,285,85000,260123,54727,13681,12074,80482
2025-08,HX-C0060,5,0,1,6247276,285,85000,263047,54949,13737,12122,80808
2025-09,HX-C0060,5,0,1,6381337,285,85000,266868,55347,13836,12211,81394
2025-10,HX-C0060,5,0,1,6587834,285,85000,272753,56160,14040,12389,82589
2025-11,HX-C0060,5,0,1,6832355,285,85000,279722,57177,14294,12613,84084
2025-12,HX-C0060,5,0,1,7037217,285,85000,285560,57943,14485,12783,85211
2026-01,HX-C0060,5,0,1,7234956,285,85000,291196,58651,14662,12939,86252
2026-02,HX-C0060,5,0,1,7545661,285,85000,300051,59985,14996,13233,88214
2026-03,HX-C0060,5,0,1,7917381,285,85000,310645,61639,15409,13598,90646
2026-04,HX-C0060,5,0,1,8181905,285,85000,318184,62659,15664,13823,92146
2026-05,HX-C0060,5,0,1,8360025,285,85000,323260,63174,15793,13937,92904
2026-06,HX-C0060,5,0,1,8518647,285,85000,327781,63568,15892,14023,93483
2026-07,HX-C0060,5,0,1,8808754,285,85000,336049,64668,16167,14266,95101
2025-05,HX-C0061,7,0,1,56211487,285,85000,1687027,359984,89996,79409,529389
2025-06,HX-C0061,7,0,1,56719686,285,85000,1701511,360529,90132,79529,530190
2025-07,HX-C0061,7,0,1,58781277,285,85000,1760266,370345,92586,81695,544626
2025-08,HX-C0061,7,0,1,59818011,285,85000,1789813,373884,93471,82475,549830
2025-09,HX-C0061,7,0,1,63234810,285,85000,1887192,391403,97850,86340,575593
2025-10,HX-C0061,7,0,1,65786296,285,85000,1959909,403552,100888,89020,593460
2025-11,HX-C0061,7,0,1,69004292,285,85000,2051622,419367,104841,92509,616717
2025-12,HX-C0061,7,0,1,70546567,285,85000,2095577,425217,106304,93799,625320
2026-01,HX-C0061,7,0,1,72053277,285,85000,2138518,430731,107682,95016,633429
2026-02,HX-C0061,7,0,1,74710516,285,85000,2214249,442672,110668,97649,650989
2026-03,HX-C0061,7,0,1,76837849,285,85000,2274878,451390,112847,99572,663809
2026-04,HX-C0061,7,0,1,77585640,285,85000,2296190,452183,113045,99748,664976
2026-05,HX-C0061,7,0,1,78431928,285,85000,2320309,453462,113365,100029,666856
2026-06,HX-C0061,7,0,1,79565506,285,85000,2352616,456256,114064,100646,670966
2026-07,HX-C0061,7,0,1,81731987,285,85000,2414361,464619,116154,102491,683264
2025-08,HX-C0062,8,0,1,24035109,285,85000,770000,160849,40212,35482,236543
2025-09,HX-C0062,8,0,1,24801867,285,85000,791853,164230,41057,36228,241515
2025-10,HX-C0062,8,0,1,25468339,285,85000,810847,166956,41739,36829,245524
2025-11,HX-C0062,8,0,1,26063831,285,85000,827819,169212,42303,37327,248842
2025-12,HX-C0062,8,0,1,27245265,285,85000,861490,174806,43701,38561,257068
2026-01,HX-C0062,8,0,1,28107552,285,85000,886065,178467,44616,39369,262452
2026-02,HX-C0062,8,0,1,28139867,285,85000,886986,177325,44331,39117,260773
2026-03,HX-C0062,8,0,1,28700009,285,85000,902950,179166,44791,39523,263480
2026-04,HX-C0062,8,0,1,30147996,285,85000,944217,185942,46485,41018,273445
2026-05,HX-C0062,8,0,1,31098220,285,85000,971299,189822,47455,41874,279151
2026-06,HX-C0062,8,0,1,32082820,285,85000,999360,193811,48452,42754,285017
2026-07,HX-C0062,8,0,1,32719876,285,85000,1017516,195810,48952,43195,287957
2024-11,HX-C0063,5,0,1,34953427,285,85000,1081172,240409,60102,53032,353543
2024-12,HX-C0063,5,0,1,35909616,285,85000,1108424,244810,61202,54004,360016
2025-01,HX-C0063,5,0,1,37043861,285,85000,1140750,250243,62560,55202,368005
2025-02,HX-C0063,5,0,1,37735591,285,85000,1160464,252832,63208,55772,371812
2025-03,HX-C0063,5,0,1,38311480,285,85000,1176877,254647,63661,56174,374482
2025-04,HX-C0063,5,0,1,39676257,285,85000,1215773,261245,65311,57628,384184
2025-05,HX-C0063,5,0,1,40638490,285,85000,1243196,265277,66319,58518,390114
2025-06,HX-C0063,5,0,1,41354927,285,85000,1263615,267744,66936,59062,393742
2025-07,HX-C0063,5,0,1,43006768,285,85000,1310692,275759,68939,60830,405528
2025-08,HX-C0063,5,0,1,43861291,285,85000,1335046,278885,69721,61520,410126
2025-09,HX-C0063,5,0,1,44285916,285,85000,1347148,279398,69849,61633,410880
2025-10,HX-C0063,5,0,1,44499989,285,85000,1353249,278638,69659,61466,409763
2025-11,HX-C0063,5,0,1,44936116,285,85000,1365679,279155,69788,61580,410523
2025-12,HX-C0063,5,0,1,45815842,285,85000,1390751,282200,70550,62250,415000
2026-01,HX-C0063,5,0,1,46252587,285,85000,1403198,282626,70656,62345,415627
2026-02,HX-C0063,5,0,1,47363243,285,85000,1434852,286855,71713,63278,421846
2026-03,HX-C0063,5,0,1,48148831,285,85000,1457241,289150,72287,63785,425222
2026-04,HX-C0063,5,0,1,49708483,285,85000,1501691,295724,73931,65234,434889
2026-05,HX-C0063,5,0,1,50174257,285,85000,1514966,296072,74018,65311,435401
2026-06,HX-C0063,5,0,1,51036543,285,85000,1539541,298572,74643,65862,439077
2026-07,HX-C0063,5,0,1,52152928,285,85000,1571358,302391,75597,66706,444694
2024-05,HX-C0064,3,0,1,19892772,285,85000,651944,150817,37704,33270,221791
2024-06,HX-C0064,3,0,1,20469294,285,85000,668374,153618,38404,33888,225910
2024-07,HX-C0064,3,0,1,21096006,285,85000,686236,156697,39174,34567,230438
2024-08,HX-C0064,3,0,1,21464455,285,85000,696736,158053,39513,34865,232431
2024-09,HX-C0064,3,0,1,22198684,285,85000,717662,161726,40431,35676,237833
2024-10,HX-C0064,3,0,1,22637464,285,85000,730167,163451,40862,36057,240370
2024-11,HX-C0064,3,0,1,23715047,285,85000,760878,169188,42297,37322,248807
2024-12,HX-C0064,3,0,1,24278669,285,85000,776942,171598,42899,37853,252350
2025-01,HX-C0064,3,0,1,25546380,285,85000,813071,178361,44590,39345,262296
2025-02,HX-C0064,3,0,1,26329723,285,85000,835397,182009,45502,40150,267661
2025-03,HX-C0064,3,0,1,27239726,285,85000,861332,186371,46592,41112,274075
2025-04,HX-C0064,3,0,1,28004615,285,85000,883131,189766,47441,41862,279069
2025-05,HX-C0064,3,0,1,29133867,285,85000,915315,195313,48828,43084,287225
2025-06,HX-C0064,3,0,1,30136210,285,85000,943881,199996,49999,44118,294113
2025-07,HX-C0064,3,0,1,31304516,285,85000,977178,205589,51397,45352,302338
2025-08,HX-C0064,3,0,1,31195784,285,85000,974079,203481,50870,44886,299237
2025-09,HX-C0064,3,0,1,32144526,285,85000,1001118,207631,51907,45802,305340
2025-10,HX-C0064,3,0,1,32822622,285,85000,1020444,210113,52528,46349,308990
2025-11,HX-C0064,3,0,1,34526670,285,85000,1069010,218513,54628,48203,321344
2025-12,HX-C0064,3,0,1,35488613,285,85000,1096425,222477,55619,49077,327173
2026-01,HX-C0064,3,0,1,37264971,285,85000,1147051,231034,57758,50964,339756
2026-02,HX-C0064,3,0,1,37829666,285,85000,1163145,232535,58133,51296,341964
2026-03,HX-C0064,3,0,1,38505518,285,85000,1182407,234617,58654,51755,345026
2026-04,HX-C0064,3,0,1,40134081,285,85000,1228821,241988,60497,53381,355866
2026-05,HX-C0064,3,0,1,40839435,285,85000,1248923,244079,61019,53842,358940
2026-06,HX-C0064,3,0,1,41484141,285,85000,1267298,245774,61443,54216,361433
2026-07,HX-C0064,3,0,1,42177464,285,85000,1287057,247681,61920,54636,364237
2024-02,HX-C0065,2,1,1,23372814,285,85000,751125,177133,44283,39074,260490
2024-03,HX-C0065,2,1,1,25320460,285,85000,806633,189016,47254,41695,277965
2024-04,HX-C0065,2,1,1,27427711,285,85000,866689,201792,50448,44514,296754
2024-05,HX-C0065,2,1,1,29217560,285,85000,917700,212296,53074,46831,312201
2024-06,HX-C0065,2,1,1,31164567,285,85000,973190,223677,55919,49342,328938
2024-07,HX-C0065,2,1,1,33414053,285,85000,1037300,236861,59215,52249,348325
2024-08,HX-C0065,2,1,1,35480973,285,85000,1096207,248671,62167,54856,365694
2024-09,HX-C0065,2,1,1,38381028,285,85000,1178859,265657,66414,58602,390673
2024-10,HX-C0065,2,1,1,42288479,285,85000,1290221,288823,72205,63712,424740
2024-11,HX-C0065,2,1,1,45535705,285,85000,1382767,307471,76867,67826,452164
2024-12,HX-C0065,2,1,1,49018934,285,85000,1482039,327328,81832,72206,481366
2025-01,HX-C0065,2,1,1,52511534,285,85000,1581578,346947,86736,76534,510217
2025-02,HX-C0065,2,1,1,55451899,285,85000,1665379,362839,90709,80039,533587
2025-03,HX-C0065,2,1,1,60132469,285,85000,1798775,389211,97302,85857,572370
2025-04,HX-C0065,2,1,1,63084166,285,85000,1882898,404596,101149,89250,594995
2025-05,HX-C0065,2,1,1,68195842,285,85000,2028581,432866,108216,95486,636568
2025-06,HX-C0065,2,1,1,72764519,285,85000,2158788,457421,114355,100902,672678
2025-07,HX-C0065,2,1,1,76458405,285,85000,2264064,476340,119085,105076,700501
2025-08,HX-C0065,2,1,1,82845658,285,85000,2446101,510980,127745,112717,751442
2025-09,HX-C0065,2,1,1,90473206,285,85000,2663486,552406,138101,121856,812363
2025-10,HX-C0065,2,1,1,97828239,285,85000,2873104,591583,147895,130497,869975
2025-11,HX-C0065,2,1,1,105105516,285,85000,3080507,629680,157420,138900,926000
2025-12,HX-C0065,2,1,1,112803948,285,85000,3299912,669591,167397,147705,984693
2026-01,HX-C0065,2,1,1,120028819,285,85000,3505821,706128,176532,155764,1038424
2026-02,HX-C0065,2,1,1,126887708,285,85000,3701299,739963,184990,163228,1088181
2026-03,HX-C0065,2,1,1,138461256,285,85000,4031145,799875,199968,176445,1176288
2026-04,HX-C0065,2,1,1,148090839,285,85000,4305588,847890,211972,187036,1246898
2026-05,HX-C0065,2,1,1,158995223,285,85000,4616363,902184,225546,199012,1326742
2026-06,HX-C0065,2,1,1,170564161,285,85000,4946078,959222,239805,211594,1410621
2026-07,HX-C0065,2,1,1,181886450,285,85000,5268763,1013920,253480,223659,1491059
2024-08,HX-C0066,4,0,1,8903255,285,85000,338742,76842,19210,16952,113004
2024-09,HX-C0066,4,0,1,9267153,285,85000,349113,78673,19668,17355,115696
2024-10,HX-C0066,4,0,1,9418753,285,85000,353434,79118,19779,17453,116350
2024-11,HX-C0066,4,0,1,9730095,285,85000,362307,80562,20140,17772,118474
2024-12,HX-C0066,4,0,1,10053849,285,85000,371534,82058,20514,18102,120674
2025-01,HX-C0066,4,0,1,10371381,285,85000,380584,83487,20871,18418,122776
2025-02,HX-C0066,4,0,1,10709203,285,85000,390212,85015,21253,18755,125023
2025-03,HX-C0066,4,0,1,10691082,285,85000,389695,84320,21080,18600,124000
2025-04,HX-C0066,4,0,1,11023789,285,85000,399177,85774,21443,18922,126139
2025-05,HX-C0066,4,0,1,11096265,285,85000,401243,85618,21404,18888,125910
2025-06,HX-C0066,4,0,1,11200674,285,85000,404219,85648,21412,18894,125954
2025-07,HX-C0066,4,0,1,11647507,285,85000,416953,87723,21930,19352,129005
2025-08,HX-C0066,4,0,1,12019212,285,85000,427547,89312,22328,19702,131342
2025-09,HX-C0066,4,0,1,12365954,285,85000,437429,90722,22680,20013,133415
2025-10,HX-C0066,4,0,1,12607534,285,85000,444314,91485,22871,20182,134538
2025-11,HX-C0066,4,0,1,13161383,285,85000,460099,94047,23511,20747,138305
2025-12,HX-C0066,4,0,1,13120019,285,85000,458920,93119,23279,20543,136941
2026-01,HX-C0066,4,0,1,13403529,285,85000,467000,94061,23515,20749,138325
2026-02,HX-C0066,4,0,1,13773915,285,85000,477556,95472,23868,21061,140401
2026-03,HX-C0066,4,0,1,14200987,285,85000,489728,97173,24293,21436,142902
2026-04,HX-C0066,4,0,1,14659732,285,85000,502802,99015,24753,21843,145611
2026-05,HX-C0066,4,0,1,15224213,285,85000,518890,101407,25351,22370,149128
2026-06,HX-C0066,4,0,1,15464490,285,85000,525737,101959,25489,22492,149940
2026-07,HX-C0066,4,0,1,15725173,285,85000,533167,102602,25650,22634,150886
2025-02,HX-C0067,6,0,1,11239256,285,85000,405318,88306,22076,19481,129863
2025-03,HX-C0067,6,0,1,11655381,285,85000,417178,90267,22566,19913,132746
2025-04,HX-C0067,6,0,1,12346956,285,85000,436888,93878,23469,20709,138056
2025-05,HX-C0067,6,0,1,12814881,285,85000,450224,96070,24017,21193,141280
2025-06,HX-C0067,6,0,1,13149686,285,85000,459766,97418,24354,21491,143263
2025-07,HX-C0067,6,0,1,13953141,285,85000,482664,101548,25387,22401,149336
2025-08,HX-C0067,6,0,1,14359465,285,85000,494244,103245,25811,22775,151831
2025-09,HX-C0067,6,0,1,14728117,285,85000,504751,104685,26171,23093,153949
2025-10,HX-C0067,6,0,1,15202729,285,85000,518277,106715,26678,23541,156934
2025-11,HX-C0067,6,0,1,15459371,285,85000,525592,107434,26858,23700,157992
2025-12,HX-C0067,6,0,1,15687173,285,85000,532084,107965,26991,23817,158773
2026-01,HX-C0067,6,0,1,15851197,285,85000,536759,108111,27027,23850,158988
2026-02,HX-C0067,6,0,1,16491969,285,85000,555021,110959,27739,24478,163176
2026-03,HX-C0067,6,0,1,17053571,285,85000,571026,113305,28326,24994,166625
2026-04,HX-C0067,6,0,1,17426791,285,85000,581663,114545,28636,25268,168449
2026-05,HX-C0067,6,0,1,17758196,285,85000,591108,115521,28880,25483,169884
2026-06,HX-C0067,6,0,1,18202569,285,85000,603773,117093,29273,25830,172196
2026-07,HX-C0067,6,0,1,18667069,285,85000,617011,118737,29684,26193,174614
2024-05,HX-C0068,3,0,1,10736397,285,85000,390987,90448,22612,19953,133013
2024-06,HX-C0068,3,0,1,11096427,285,85000,401248,92222,23055,20344,135621
2024-07,HX-C0068,3,0,1,11378619,285,85000,409290,93458,23364,20617,137439
2024-08,HX-C0068,3,0,1,11797748,285,85000,421235,95555,23888,21080,140523
2024-09,HX-C0068,3,0,1,12290374,285,85000,435275,98090,24522,21638,144250
2024-10,HX-C0068,3,0,1,12243526,285,85000,433940,97140,24285,21428,142853
2024-11,HX-C0068,3,0,1,12356334,285,85000,437155,97205,24301,21443,142949
2024-12,HX-C0068,3,0,1,12706048,285,85000,447122,98753,24688,21784,145225
2025-01,HX-C0068,3,0,1,12884384,285,85000,452204,99199,24799,21883,145881
2025-02,HX-C0068,3,0,1,13157381,285,85000,459985,100217,25054,22108,147379
2025-03,HX-C0068,3,0,1,13198707,285,85000,461163,99784,24946,22012,146742
2025-04,HX-C0068,3,0,1,13658113,285,85000,474256,101907,25476,22481,149864
2025-05,HX-C0068,3,0,1,14119324,285,85000,487400,104003,26000,22943,152946
2025-06,HX-C0068,3,0,1,14429650,285,85000,496245,105147,26286,23196,154629
2025-07,HX-C0068,3,0,1,14664170,285,85000,502928,105811,26452,23342,155605
2025-08,HX-C0068,3,0,1,14955598,285,85000,511234,106794,26698,23559,157051
2025-09,HX-C0068,3,0,1,15100072,285,85000,515352,106883,26720,23579,157182
2025-10,HX-C0068,3,0,1,15331268,285,85000,521941,107469,26867,23707,158043
2025-11,HX-C0068,3,0,1,15696160,285,85000,532340,108814,27203,24004,160021
2025-12,HX-C0068,3,0,1,16091003,285,85000,543593,110301,27575,24332,162208
2026-01,HX-C0068,3,0,1,16518950,285,85000,555790,111944,27986,24694,164624
2026-02,HX-C0068,3,0,1,16714331,285,85000,561358,112226,28056,24757,165039
2026-03,HX-C0068,3,0,1,17321108,285,85000,578651,114818,28704,25328,168850
2026-04,HX-C0068,3,0,1,17571383,285,85000,585784,115357,28839,25447,169643
2026-05,HX-C0068,3,0,1,18022286,285,85000,598635,116991,29247,25809,172047
2026-06,HX-C0068,3,0,1,18555720,285,85000,613838,119044,29761,26261,175066
2026-07,HX-C0068,3,0,1,18682919,285,85000,617463,118824,29706,26212,174742
2026-05,HX-C0069,11,0,1,23333797,285,85000,750013,146576,36644,32333,215553
2026-06,HX-C0069,11,0,1,23738259,285,85000,761540,147689,36922,32580,217191
2026-07,HX-C0069,11,0,1,24075353,285,85000,771147,148399,37099,32736,218234
2023-11,HX-C0070,1,1,1,8158781,285,85000,317525,76304,19076,16833,112213
2023-12,HX-C0070,1,1,1,8606218,285,85000,330277,78875,19718,17400,115993
2024-01,HX-C0070,1,1,1,9148769,285,85000,345739,82050,20512,18100,120662
2024-02,HX-C0070,1,1,1,9619751,285,85000,359162,84698,21174,18685,124557
2024-03,HX-C0070,1,1,1,10310581,285,85000,378851,88775,22193,19584,130552
2024-04,HX-C0070,1,1,1,11010244,285,85000,398791,92851,23212,20483,136546
2024-05,HX-C0070,1,1,1,11887382,285,85000,423790,98037,24509,21627,144173
2024-06,HX-C0070,1,1,1,12963435,285,85000,454457,104452,26113,23041,153606
2024-07,HX-C0070,1,1,1,13930959,285,85000,482032,110068,27517,24281,161866
2024-08,HX-C0070,1,1,1,14991606,285,85000,512260,116204,29051,25634,170889
2024-09,HX-C0070,1,1,1,15878176,285,85000,537528,121132,30283,26721,178136
2024-10,HX-C0070,1,1,1,16883966,285,85000,566193,126745,31686,27959,186390
2024-11,HX-C0070,1,1,1,17895009,285,85000,595007,132305,33076,29186,194567
2024-12,HX-C0070,1,1,1,19337501,285,85000,636118,140495,35123,30993,206611
2025-01,HX-C0070,1,1,1,21082760,285,85000,685858,150454,37613,33190,221257
2025-02,HX-C0070,1,1,1,22655958,285,85000,730694,159197,39799,35118,234114
2025-03,HX-C0070,1,1,1,23965664,285,85000,768021,166181,41545,36658,244384
2025-04,HX-C0070,1,1,1,25415659,285,85000,809346,173912,43478,38363,255753
2025-05,HX-C0070,1,1,1,27222613,285,85000,860844,183689,45922,40521,270132
2025-06,HX-C0070,1,1,1,29392295,285,85000,922680,195504,48876,43127,287507
2025-07,HX-C0070,1,1,1,31569502,285,85000,984730,207179,51794,45702,304675
2025-08,HX-C0070,1,1,1,33657915,285,85000,1044250,218139,54534,48120,320793
2025-09,HX-C0070,1,1,1,35440278,285,85000,1095047,227112,56778,50099,333989
2025-10,HX-C0070,1,1,1,38308503,285,85000,1176792,242305,60576,53451,356332
2025-11,HX-C0070,1,1,0,0,285,0,0,0,0,0,0
2025-12,HX-C0070,1,1,0,0,285,0,0,0,0,0,0
2026-01,HX-C0070,1,1,0,0,285,0,0,0,0,0,0
2026-02,HX-C0070,1,1,0,0,285,0,0,0,0,0,0
2026-03,HX-C0070,1,1,0,0,285,0,0,0,0,0,0
2026-04,HX-C0070,1,1,0,0,285,0,0,0,0,0,0
2026-05,HX-C0070,1,1,0,0,285,0,0,0,0,0,0
2026-06,HX-C0070,1,1,0,0,285,0,0,0,0,0,0
2026-07,HX-C0070,1,1,0,0,285,0,0,0,0,0,0
2023-08,HX-C0071,0,1,1,28741054,235,85000,760414,186149,46537,41063,273749
2023-09,HX-C0071,0,1,1,30283883,235,85000,796671,193832,48458,42758,285048
2023-10,HX-C0071,0,1,1,32557833,235,85000,850109,205562,51390,45346,302298
2023-11,HX-C0071,0,1,1,34818378,235,85000,903231,217056,54264,47881,319201
2023-12,HX-C0071,0,1,1,36765942,235,85000,948999,226635,56658,49995,333288
2024-01,HX-C0071,0,1,1,39899648,235,85000,1022641,242692,60673,53536,356901
2024-02,HX-C0071,0,1,1,42169486,235,85000,1075982,253742,63435,55973,373150
2024-03,HX-C0071,0,1,1,46469874,235,85000,1177042,275813,68953,60842,405608
2024-04,HX-C0071,0,1,1,49172047,235,85000,1240543,288837,72209,63715,424761
2024-05,HX-C0071,0,1,1,52735852,235,85000,1324292,306356,76589,67579,450524
2024-06,HX-C0071,0,1,1,55788475,235,85000,1396029,320862,80215,70780,471857
2024-07,HX-C0071,0,1,1,58715654,235,85000,1464817,334481,83620,73784,491885
2024-08,HX-C0071,0,1,1,62711763,235,85000,1558726,353593,88398,77999,519990
2024-09,HX-C0071,0,1,1,66761456,235,85000,1653894,372708,93177,82215,548100
2024-10,HX-C0071,0,1,1,70804083,235,85000,1748895,391500,97875,86361,575736
2024-11,HX-C0071,0,1,1,74295306,235,85000,1830939,407127,101781,89809,598717
2024-12,HX-C0071,0,1,1,80647030,235,85000,1980205,437355,109338,96477,643170
2025-01,HX-C0071,0,1,1,87136790,235,85000,2132714,467848,116962,103203,688013
2025-02,HX-C0071,0,1,1,94281621,235,85000,2300618,501240,125310,110568,737118
2025-03,HX-C0071,0,1,1,101212706,235,85000,2463498,533041,133260,117584,783885
2025-04,HX-C0071,0,1,1,111213070,235,85000,2698507,579855,144963,127910,852728
2025-05,HX-C0071,0,1,1,120672069,235,85000,2920793,623249,155812,137483,916544
2025-06,HX-C0071,0,1,1,129350174,235,85000,3124729,662092,165523,146050,973665
2025-07,HX-C0071,0,1,1,137896612,235,85000,3325570,699673,174918,154340,1028931
2025-08,HX-C0071,0,1,1,148738504,235,85000,3580354,747921,186980,164983,1099884
2025-09,HX-C0071,0,1,1,160705312,235,85000,3861574,800890,200222,176668,1177780
2025-10,HX-C0071,0,1,1,171228873,235,85000,4108878,846034,211508,186626,1244168
2025-11,HX-C0071,0,1,1,181764886,235,85000,4356474,890498,222624,196434,1309556
2025-12,HX-C0071,0,1,1,193713723,235,85000,4637272,940957,235239,207565,1383761
2026-01,HX-C0071,0,1,1,205625260,235,85000,4917193,990400,247600,218472,1456472
2026-02,HX-C0071,0,1,1,217389897,235,85000,5193662,1038316,259579,229041,1526936
2026-03,HX-C0071,0,1,1,227556352,235,85000,5432574,1077953,269488,237784,1585225
2026-04,HX-C0071,0,1,1,239548634,235,85000,5714392,1125323,281330,248234,1654887
2026-05,HX-C0071,0,1,1,254501131,235,85000,6065776,1185446,296361,261497,1743304
2026-06,HX-C0071,0,1,1,277896112,235,85000,6615558,1282994,320748,283015,1886757
2026-07,HX-C0071,0,1,1,292996186,235,85000,6970410,1341385,335346,295895,1972626
2026-05,HX-C0072,11,0,1,12214006,285,85000,433099,84640,21160,18672,124472
2026-06,HX-C0072,11,0,1,12522455,285,85000,441889,85697,21424,18905,126026
2026-07,HX-C0072,11,0,1,12897528,285,85000,452579,87093,21773,19213,128079
2024-11,HX-C0073,5,0,1,75797153,235,85000,1866233,414975,103743,91540,610258
2024-12,HX-C0073,5,0,1,76565639,235,85000,1884292,416172,104043,91803,612018
2025-01,HX-C0073,5,0,1,77038914,235,85000,1895414,415792,103948,91720,611460
2025-02,HX-C0073,5,0,1,78673508,235,85000,1933827,421326,105331,92941,619598
2025-03,HX-C0073,5,0,1,81909627,235,85000,2009876,434888,108722,95932,639542
2025-04,HX-C0073,5,0,1,82922168,235,85000,2033670,436994,109248,96397,642639
2025-05,HX-C0073,5,0,1,84877920,235,85000,2079631,443759,110939,97890,652588
2025-06,HX-C0073,5,0,1,87325477,235,85000,2137148,452835,113208,99892,665935
2025-07,HX-C0073,5,0,1,90554960,235,85000,2213041,465605,116401,102708,684714
2025-08,HX-C0073,5,0,1,92390677,235,85000,2256180,471306,117826,103966,693098
2025-09,HX-C0073,5,0,1,96249774,235,85000,2346869,486740,121685,107370,715795
2025-10,HX-C0073,5,0,1,98640739,235,85000,2403057,494798,123699,109148,727645
2025-11,HX-C0073,5,0,1,100319884,235,85000,2442517,499269,124817,110134,734220
2025-12,HX-C0073,5,0,1,100824365,235,85000,2454372,498021,124505,109858,732384
2026-01,HX-C0073,5,0,1,105324562,235,85000,2560127,515650,128912,113747,758309
2026-02,HX-C0073,5,0,1,108384731,235,85000,2632041,526197,131549,116074,773820
2026-03,HX-C0073,5,0,1,108464025,235,85000,2633904,522629,130657,115287,768573
2026-04,HX-C0073,5,0,1,113008945,235,85000,2740710,539722,134930,119057,793709
2026-05,HX-C0073,5,0,1,113999477,235,85000,2763987,540170,135042,119157,794369
2026-06,HX-C0073,5,0,1,117988692,235,85000,2857734,554217,138554,122254,815025
2026-07,HX-C0073,5,0,1,120962237,235,85000,2927612,563389,140847,124278,828514
2025-05,HX-C0074,7,0,1,63878944,235,85000,1586155,338459,84614,74662,497735
2025-06,HX-C0074,7,0,1,66574813,235,85000,1649508,349510,87377,77099,513986
2025-07,HX-C0074,7,0,1,68627305,235,85000,1697741,357191,89297,78793,525281
2025-08,HX-C0074,7,0,1,69059974,235,85000,1707909,356774,89193,78702,524669
2025-09,HX-C0074,7,0,1,70030499,235,85000,1730716,358950,89737,79181,527868
2025-10,HX-C0074,7,0,1,71793896,235,85000,1772156,364893,91223,80492,536608
2025-11,HX-C0074,7,0,1,73502470,235,85000,1812308,370449,92612,81718,544779
2025-12,HX-C0074,7,0,1,74917289,235,85000,1845556,374484,93621,82608,550713
2026-01,HX-C0074,7,0,1,76730157,235,85000,1888158,380304,95076,83892,559272
2026-02,HX-C0074,7,0,1,78566847,235,85000,1931320,386109,96527,85172,567808
2026-03,HX-C0074,7,0,1,80916094,235,85000,1986528,394174,98543,86951,579668
2026-04,HX-C0074,7,0,1,83143116,235,85000,2038863,401508,100377,88569,590454
2026-05,HX-C0074,7,0,1,83140970,235,85000,2038812,398448,99612,87894,585954
2026-06,HX-C0074,7,0,1,84853921,235,85000,2079067,403205,100801,88943,592949
2026-07,HX-C0074,7,0,1,86408415,235,85000,2115597,407124,101781,89808,598713
2023-08,HX-C0075,0,1,1,13005035,285,85000,455643,111541,27885,24605,164031
2023-09,HX-C0075,0,1,1,13949269,285,85000,482554,117406,29351,25900,172657
2023-10,HX-C0075,0,1,1,14990568,285,85000,512231,123861,30965,27323,182149
2023-11,HX-C0075,0,1,1,15907659,285,85000,538368,129376,32344,28539,190259
2023-12,HX-C0075,0,1,1,17227765,285,85000,575991,137555,34388,30345,202288
2024-01,HX-C0075,0,1,1,18298772,285,85000,606515,143937,35984,31752,211673
2024-02,HX-C0075,0,1,1,19299751,285,85000,635042,149757,37439,33036,220232
2024-03,HX-C0075,0,1,1,20862985,285,85000,679595,159247,39811,35130,234188
2024-04,HX-C0075,0,1,1,22587545,285,85000,728745,169674,42418,37430,249522
2024-05,HX-C0075,0,1,1,24159961,285,85000,773558,178951,44737,39476,263164
2024-06,HX-C0075,0,1,1,25672466,285,85000,816665,187701,46925,41406,276032
2024-07,HX-C0075,0,1,1,27041255,285,85000,855675,195387,48846,43102,287335
2024-08,HX-C0075,0,1,1,29702393,285,85000,931518,211312,52828,46614,310754
2024-09,HX-C0075,0,1,1,31713394,285,85000,988831,222834,55708,49156,327698
2024-10,HX-C0075,0,1,1,33919873,285,85000,1051716,235432,58858,51934,346224
2024-11,HX-C0075,0,1,1,36737624,285,85000,1132022,251716,62929,55526,370171
2024-12,HX-C0075,0,1,1,38596630,285,85000,1185003,261723,65430,57735,384888
2025-01,HX-C0075,0,1,1,40080913,285,85000,1227306,269231,67307,59390,395928
2025-02,HX-C0075,0,1,1,42812255,285,85000,1305149,284354,71088,62727,418169
2025-03,HX-C0075,0,1,1,45364546,285,85000,1377889,298141,74535,65768,438444
2025-04,HX-C0075,0,1,1,49004266,285,85000,1481621,318370,79592,70230,468192
2025-05,HX-C0075,0,1,1,53089133,285,85000,1598040,340995,85248,75221,501464
2025-06,HX-C0075,0,1,1,56286753,285,85000,1689172,357914,89478,78953,526345
2025-07,HX-C0075,0,1,1,60618330,285,85000,1812622,381361,95340,84124,560825
2025-08,HX-C0075,0,1,1,64851768,285,85000,1933275,403853,100963,89086,593902
2025-09,HX-C0075,0,1,1,69728310,285,85000,2072256,429785,107446,94807,632038
2025-10,HX-C0075,0,1,1,74299796,285,85000,2202544,453512,113378,100040,666930
2025-11,HX-C0075,0,1,1,79335801,285,85000,2346070,479555,119888,105785,705228
2025-12,HX-C0075,0,1,1,85882083,285,85000,2532639,513902,128475,113362,755739
2026-01,HX-C0075,0,1,1,91436894,285,85000,2690951,542000,135500,119559,797059
2026-02,HX-C0075,0,1,1,99127037,285,85000,2910120,581791,145447,128337,855575
2026-03,HX-C0075,0,1,1,105339235,285,85000,3087168,612567,153141,135127,900835
2026-04,HX-C0075,0,1,1,113778757,285,85000,3327694,655316,163829,144555,963700
2026-05,HX-C0075,0,1,1,121789446,285,85000,3555999,694955,173738,153301,1021994
2026-06,HX-C0075,0,1,1,131675805,285,85000,3837760,744279,186069,164181,1094529
2026-07,HX-C0075,0,1,1,140051456,285,85000,4076466,784474,196118,173047,1153639
2023-11,HX-C0076,1,1,1,13562959,235,85000,403729,97020,24255,21402,142677
2023-12,HX-C0076,1,1,1,14298076,235,85000,421004,100542,25135,22179,147856
2024-01,HX-C0076,1,1,1,15467100,235,85000,448476,106432,26608,23478,156518
2024-02,HX-C0076,1,1,1,16141401,235,85000,464322,109497,27374,24155,161026
2024-03,HX-C0076,1,1,1,17306182,235,85000,491695,115217,28804,25417,169438
2024-04,HX-C0076,1,1,1,18748228,235,85000,525583,122372,30593,26994,179959
2024-05,HX-C0076,1,1,1,20210332,235,85000,559942,129534,32383,28575,190492
2024-06,HX-C0076,1,1,1,21316786,235,85000,585944,134673,33668,29708,198049
2024-07,HX-C0076,1,1,1,22970648,235,85000,624810,142671,35667,31473,209811
2024-08,HX-C0076,1,1,1,25076840,235,85000,674305,152964,38241,33743,224948
2024-09,HX-C0076,1,1,1,27301367,235,85000,726582,163736,40934,36119,240789
2024-10,HX-C0076,1,1,1,29154187,235,85000,770123,172396,43099,38029,253524
2024-11,HX-C0076,1,1,1,30858647,235,85000,810178,180151,45037,39740,264928
2024-12,HX-C0076,1,1,1,33018887,235,85000,860943,190151,47537,41946,279634
2025-01,HX-C0076,1,1,1,35539389,235,85000,920175,201856,50464,44528,296848
2025-02,HX-C0076,1,1,1,37782597,235,85000,972891,211965,52991,46758,311714
2025-03,HX-C0076,1,1,1,40290472,235,85000,1031826,223262,55815,49250,328327
2025-04,HX-C0076,1,1,1,42425102,235,85000,1081989,232497,58124,51287,341908
2025-05,HX-C0076,1,1,1,45857213,235,85000,1162644,248089,62022,54726,364837
2025-06,HX-C0076,1,1,1,49476748,235,85000,1247703,264373,66093,58318,388784
2025-07,HX-C0076,1,1,1,52468531,235,85000,1318010,277298,69324,61170,407792
2025-08,HX-C0076,1,1,1,56881941,235,85000,1421725,296992,74248,65513,436753
2025-09,HX-C0076,1,1,1,61254006,235,85000,1524469,316174,79043,69746,464963
2025-10,HX-C0076,1,1,1,65329847,235,85000,1620251,333616,83404,73592,490612
2025-11,HX-C0076,1,1,1,69696622,235,85000,1722870,352167,88041,77686,517894
2025-12,HX-C0076,1,1,1,73666356,235,85000,1816159,368519,92129,81293,541941
2026-01,HX-C0076,1,1,1,78781858,235,85000,1936373,390016,97504,86033,573553
2026-02,HX-C0076,1,1,1,85356886,235,85000,2090886,418009,104502,92209,614720
2026-03,HX-C0076,1,1,1,93602384,235,85000,2284656,453330,113332,100000,666662
2026-04,HX-C0076,1,1,1,100459953,235,85000,2445808,481647,120411,106247,708305
2026-05,HX-C0076,1,1,1,105554669,235,85000,2565534,501387,125346,110601,737334
2026-06,HX-C0076,1,1,1,113222744,235,85000,2745734,532496,133124,117463,783083
2026-07,HX-C0076,1,1,1,122827652,235,85000,2971449,571825,142956,126139,840920
2025-02,HX-C0077,6,0,1,38188871,285,85000,1173382,255646,63911,56394,375951
2025-03,HX-C0077,6,0,1,38841552,285,85000,1191984,257916,64479,56894,379289
2025-04,HX-C0077,6,0,1,40512394,285,85000,1239603,266365,66591,58758,391714
2025-05,HX-C0077,6,0,1,41500398,285,85000,1267761,270519,67629,59675,397823
2025-06,HX-C0077,6,0,1,42345033,285,85000,1291833,273723,68430,60382,402535
2025-07,HX-C0077,6,0,1,42732973,285,85000,1302889,274116,68529,60468,403113
2025-08,HX-C0077,6,0,1,43104802,285,85000,1313486,274381,68595,60526,403502
2025-09,HX-C0077,6,0,1,43896187,285,85000,1336041,277094,69273,61125,407492
2025-10,HX-C0077,6,0,1,44578447,285,85000,1355485,279099,69774,61567,410440
2025-11,HX-C0077,6,0,1,45537929,285,85000,1382830,282661,70665,62352,415678
2025-12,HX-C0077,6,0,1,46936311,285,85000,1422684,288679,72169,63680,424528
2026-01,HX-C0077,6,0,1,48741634,285,85000,1474136,296914,74228,65497,436639
2026-02,HX-C0077,6,0,1,48658453,285,85000,1471765,294234,73558,64906,432698
2026-03,HX-C0077,6,0,1,49172796,285,85000,1486424,294941,73735,65062,433738
2026-04,HX-C0077,6,0,1,50870404,285,85000,1534806,302245,75561,66673,444479
2026-05,HX-C0077,6,0,1,53207964,285,85000,1601426,312969,78242,69038,460249
2026-06,HX-C0077,6,0,0,0,285,0,0,0,0,0,0
2026-07,HX-C0077,6,0,0,0,285,0,0,0,0,0,0
2025-05,HX-C0078,7,0,1,23814681,285,85000,763718,162964,40741,35949,239654
2025-06,HX-C0078,7,0,1,24210161,285,85000,774989,164210,41052,36224,241486
2025-07,HX-C0078,7,0,1,25006564,285,85000,797687,167826,41956,37022,246804
2025-08,HX-C0078,7,0,1,25476675,285,85000,811085,169432,42358,37375,249165
2025-09,HX-C0078,7,0,1,26428727,285,85000,838218,173846,43461,38349,255656
2025-10,HX-C0078,7,0,1,26924988,285,85000,852362,175504,43876,38715,258095
2025-11,HX-C0078,7,0,1,28152086,285,85000,887334,181377,45344,40011,266732
2025-12,HX-C0078,7,0,1,28431379,285,85000,895294,181665,45416,40074,267155
2026-01,HX-C0078,7,0,1,28676136,285,85000,902269,181731,45432,40089,267252
2026-02,HX-C0078,7,0,1,29359115,285,85000,921734,184272,46068,40649,270989
2026-03,HX-C0078,7,0,1,29666644,285,85000,930499,184632,46158,40729,271519
2026-04,HX-C0078,7,0,1,30784099,285,85000,962346,189512,47378,41805,278695
2026-05,HX-C0078,7,0,1,31860640,285,85000,993028,194069,48517,42810,285396
2026-06,HX-C0078,7,0,1,33006877,285,85000,1025695,198919,49729,43880,292528
2026-07,HX-C0078,7,0,1,33721941,285,85000,1046075,201306,50326,44407,296039
2024-11,HX-C0079,5,0,1,4720650,285,85000,219538,48815,12203,10770,71788
2024-12,HX-C0079,5,0,1,4889831,285,85000,224360,49552,12388,10932,72872
2025-01,HX-C0079,5,0,1,4982720,285,85000,227007,49797,12449,10986,73232
2025-02,HX-C0079,5,0,1,5056937,285,85000,229122,49918,12479,11013,73410
2025-03,HX-C0079,5,0,1,5249491,285,85000,234610,50763,12690,11199,74652
2025-04,HX-C0079,5,0,1,5382365,285,85000,238397,51226,12806,11301,75333
2025-05,HX-C0079,5,0,1,5535141,285,85000,242751,51799,12949,11427,76175
2025-06,HX-C0079,5,0,1,5718592,285,85000,247979,52543,13135,11592,77270
2025-07,HX-C0079,5,0,1,5846862,285,85000,251635,52941,13235,11679,77855
2025-08,HX-C0079,5,0,1,6017007,285,85000,256484,53577,13394,11820,78791
2025-09,HX-C0079,5,0,0,0,285,0,0,0,0,0,0
2025-10,HX-C0079,5,0,0,0,285,0,0,0,0,0,0
2025-11,HX-C0079,5,0,0,0,285,0,0,0,0,0,0
2025-12,HX-C0079,5,0,0,0,285,0,0,0,0,0,0
2026-01,HX-C0079,5,0,0,0,285,0,0,0,0,0,0
2026-02,HX-C0079,5,0,0,0,285,0,0,0,0,0,0
2026-03,HX-C0079,5,0,0,0,285,0,0,0,0,0,0
2026-04,HX-C0079,5,0,0,0,285,0,0,0,0,0,0
2026-05,HX-C0079,5,0,0,0,285,0,0,0,0,0,0
2026-06,HX-C0079,5,0,0,0,285,0,0,0,0,0,0
2026-07,HX-C0079,5,0,0,0,285,0,0,0,0,0,0
2026-05,HX-C0080,11,0,1,22380451,285,85000,722842,141265,35316,31163,207744
2026-06,HX-C0080,11,0,1,22550988,285,85000,727703,141127,35281,31132,207540
2026-07,HX-C0080,11,0,1,22859317,285,85000,736490,141729,35432,31265,208426
2024-11,HX-C0081,5,0,1,14031619,235,85000,414743,92221,23055,20344,135620
2024-12,HX-C0081,5,0,1,14292426,235,85000,420872,92955,23238,20506,136699
2025-01,HX-C0081,5,0,1,14429625,235,85000,424096,93032,23258,20523,136813
2025-02,HX-C0081,5,0,1,14789540,235,85000,432554,94241,23560,20789,138590
2025-03,HX-C0081,5,0,1,15173257,235,85000,441571,95544,23886,21077,140507
2025-04,HX-C0081,5,0,1,15207076,235,85000,442366,95055,23763,20969,139787
2025-05,HX-C0081,5,0,1,15511662,235,85000,449524,95920,23980,21160,141060
2025-06,HX-C0081,5,0,1,15646515,235,85000,452693,95920,23980,21159,141059
2025-07,HX-C0081,5,0,1,15876823,235,85000,458105,96381,24095,21261,141737
2025-08,HX-C0081,5,0,1,15959972,235,85000,460059,96104,24026,21200,141330
2025-09,HX-C0081,5,0,1,16526054,235,85000,473362,98175,24543,21657,144375
2025-10,HX-C0081,5,0,1,17164435,235,85000,488364,100555,25138,22183,147876
2025-11,HX-C0081,5,0,1,17488928,235,85000,495989,101383,25345,22366,149094
2025-12,HX-C0081,5,0,1,18270800,235,85000,514363,104369,26092,23024,153485
2026-01,HX-C0081,5,0,1,18691606,235,85000,524252,105592,26398,23293,155283
2026-02,HX-C0081,5,0,1,19319493,235,85000,539008,107758,26939,23771,158468
2026-03,HX-C0081,5,0,1,19755054,235,85000,549243,108982,27245,24042,160269
2026-04,HX-C0081,5,0,1,20480096,235,85000,566282,111516,27879,24600,163995
2026-05,HX-C0081,5,0,1,21094998,235,85000,580732,113493,28373,25036,166902
2026-06,HX-C0081,5,0,1,21219145,235,85000,583649,113190,28297,24969,166456
2026-07,HX-C0081,5,0,1,21822168,235,85000,597820,115044,28761,25378,169183
2024-11,HX-C0082,5,0,1,11934440,235,85000,365459,81263,20315,17927,119505
2024-12,HX-C0082,5,0,1,12065967,235,85000,368550,81399,20349,17957,119705
2025-01,HX-C0082,5,0,1,12290305,235,85000,373822,82003,20500,18091,120594
2025-02,HX-C0082,5,0,1,12880274,235,85000,387686,84465,21116,18633,124214
2025-03,HX-C0082,5,0,1,13338538,235,85000,398455,86215,21553,19020,126788
2025-04,HX-C0082,5,0,1,13590947,235,85000,404387,86894,21723,19169,127786
2025-05,HX-C0082,5,0,1,13889532,235,85000,411404,87786,21946,19366,129098
2025-06,HX-C0082,5,0,1,14452164,235,85000,424625,89972,22493,19848,132313
2025-07,HX-C0082,5,0,1,14831044,235,85000,433529,91210,22802,20121,134133
2025-08,HX-C0082,5,0,1,14979756,235,85000,437024,91292,22823,20138,134253
2025-09,HX-C0082,5,0,1,15372345,235,85000,446250,92552,23138,20416,136106
2025-10,HX-C0082,5,0,1,15531028,235,85000,449979,92652,23163,20438,136253
2025-11,HX-C0082,5,0,1,15934282,235,85000,459455,93916,23479,20717,138112
2025-12,HX-C0082,5,0,1,16521600,235,85000,473257,96028,24007,21184,141219
2026-01,HX-C0082,5,0,1,16886581,235,85000,481834,97048,24262,21409,142719
2026-02,HX-C0082,5,0,1,17275636,235,85000,490977,98155,24538,21654,144347
2026-03,HX-C0082,5,0,1,17332558,235,85000,492315,97686,24421,21550,143657
2026-04,HX-C0082,5,0,1,17876065,235,85000,505087,99465,24866,21942,146273
2026-05,HX-C0082,5,0,1,18344368,235,85000,516092,100860,25215,22249,148324
2026-06,HX-C0082,5,0,1,18484855,235,85000,519394,100729,25182,22220,148131
2026-07,HX-C0082,5,0,1,18999137,235,85000,531479,102277,25569,22562,150408
2026-05,HX-C0083,11,0,1,23905526,285,85000,766307,149760,37440,33036,220236
2026-06,HX-C0083,11,0,1,24286836,285,85000,777174,150722,37680,33248,221650
2026-07,HX-C0083,11,0,1,25202655,285,85000,803275,154581,38645,34100,227326
2023-11,HX-C0084,1,1,1,33563522,285,85000,1041560,250299,62574,55214,368087
2023-12,HX-C0084,1,1,1,35767601,285,85000,1104376,263742,65935,58179,387856
2024-01,HX-C0084,1,1,1,38841362,285,85000,1191978,282880,70720,62400,416000
2024-02,HX-C0084,1,1,1,41397214,285,85000,1264820,298274,74568,65797,438639
2024-03,HX-C0084,1,1,1,43176714,285,85000,1315536,308266,77066,68001,453333
2024-04,HX-C0084,1,1,1,46422963,285,85000,1408054,327839,81959,72319,482117
2024-05,HX-C0084,1,1,1,49620049,285,85000,1499171,346811,86702,76504,510017
2024-06,HX-C0084,1,1,1,51316326,285,85000,1547515,355680,88920,78460,523060
2024-07,HX-C0084,1,1,1,55036067,285,85000,1653527,377572,94393,83289,555254
2024-08,HX-C0084,1,1,1,59337987,285,85000,1776132,402911,100727,88879,592517
2024-09,HX-C0084,1,1,1,64007612,285,85000,1909216,430245,107561,94908,632714
2024-10,HX-C0084,1,1,1,69519182,285,85000,2066296,462552,115638,102034,680224
2024-11,HX-C0084,1,1,1,72412642,285,85000,2148760,477797,119449,105398,702644
2024-12,HX-C0084,1,1,1,77838863,285,85000,2303407,508739,127184,112223,748146
2025-01,HX-C0084,1,1,1,81221631,285,85000,2399816,526442,131610,116128,774180
2025-02,HX-C0084,1,1,1,86065267,285,85000,2537860,552928,138232,121970,813130
2025-03,HX-C0084,1,1,1,90527114,285,85000,2665022,576646,144161,127203,848010
2025-04,HX-C0084,1,1,1,95220268,285,85000,2798777,601400,150350,132663,884413
2025-05,HX-C0084,1,1,1,100830365,285,85000,2958665,631331,157832,139266,928429
2025-06,HX-C0084,1,1,1,108063668,285,85000,3164814,670586,167646,147924,986156
2025-07,HX-C0084,1,1,1,116467180,285,85000,3404314,716239,179059,157996,1053294
2025-08,HX-C0084,1,1,1,125053207,285,85000,3649016,762264,190566,168147,1120977
2025-09,HX-C0084,1,1,1,133344571,285,85000,3885320,805814,201453,177755,1185022
2025-10,HX-C0084,1,1,1,141551830,285,85000,4119227,848164,212041,187096,1247301
2025-11,HX-C0084,1,1,1,151121260,285,85000,4391955,897750,224437,198034,1320221
2025-12,HX-C0084,1,1,1,163425046,285,85000,4742613,962332,240583,212280,1415195
2026-01,HX-C0084,1,1,1,174658450,285,85000,5062765,1019721,254930,224939,1499590
2026-02,HX-C0084,1,1,1,183190735,285,85000,5305935,1060761,265190,233993,1559944
2026-03,HX-C0084,1,1,1,195169874,285,85000,5647341,1120567,280141,247186,1647894
2026-04,HX-C0084,1,1,1,209084518,285,85000,6043908,1190214,297553,262548,1750315
2026-05,HX-C0084,1,1,1,225469020,285,85000,6510867,1272431,318107,280685,1871223
2026-06,HX-C0084,1,1,1,238557544,285,85000,6883890,1335033,333758,294494,1963285
2026-07,HX-C0084,1,1,1,252824537,285,85000,7290499,1402983,350745,309483,2063211
2024-11,HX-C0085,5,0,1,6904534,285,85000,281779,62655,15663,13823,92141
2024-12,HX-C0085,5,0,1,7277060,285,85000,292396,64579,16144,14247,94970
2025-01,HX-C0085,5,0,1,7472772,285,85000,297974,65365,16341,14420,96126
2025-02,HX-C0085,5,0,1,7532146,285,85000,299666,65288,16322,14402,96012
2025-03,HX-C0085,5,0,1,7648179,285,85000,302973,65556,16389,14461,96406
2025-04,HX-C0085,5,0,1,8007219,285,85000,313205,67300,16825,14847,98972
2025-05,HX-C0085,5,0,1,8211928,285,85000,319039,68077,17019,15018,100114
2025-06,HX-C0085,5,0,1,8398273,285,85000,324350,68725,17181,15161,101067
2025-07,HX-C0085,5,0,1,8483407,285,85000,326777,68750,17187,15167,101104
2025-08,HX-C0085,5,0,1,8673012,285,85000,332180,69390,17347,15308,102045
2025-09,HX-C0085,5,0,1,8969584,285,85000,340633,70647,17661,15585,103893
2025-10,HX-C0085,5,0,1,9131952,285,85000,345260,71089,17772,15683,104544
2025-11,HX-C0085,5,0,1,9232887,285,85000,348137,71161,17790,15698,104649
2025-12,HX-C0085,5,0,1,9611168,285,85000,358918,72828,18207,16066,107101
2026-01,HX-C0085,5,0,1,9693536,285,85000,361265,72764,18191,16051,107006
2026-02,HX-C0085,5,0,1,9851090,285,85000,365756,73121,18280,16131,107532
2026-03,HX-C0085,5,0,1,9944152,285,85000,368408,73100,18275,16126,107501
2026-04,HX-C0085,5,0,1,10132381,285,85000,373772,73605,18401,16238,108244
2026-05,HX-C0085,5,0,1,10370279,285,85000,380552,74371,18592,16407,109370
2026-06,HX-C0085,5,0,1,10850384,285,85000,394235,76455,19113,16867,112435
2026-07,HX-C0085,5,0,1,11120118,285,85000,401923,77345,19336,17063,113744
2025-05,HX-C0086,7,0,1,73707640,285,85000,2185667,466386,116596,102880,685862
2025-06,HX-C0086,7,0,1,76978325,285,85000,2278882,482867,120716,106516,710099
2025-07,HX-C0086,7,0,1,78752349,285,85000,2329441,490095,122523,108111,720729
2025-08,HX-C0086,7,0,1,81143764,285,85000,2397597,500847,125211,110483,736541
2025-09,HX-C0086,7,0,1,82658892,285,85000,2440778,506217,126554,111666,744437
2025-10,HX-C0086,7,0,1,84605060,285,85000,2496244,513986,128496,113380,755862
2025-11,HX-C0086,7,0,1,84938403,285,85000,2505744,512193,128048,112985,753226
2025-12,HX-C0086,7,0,1,85456178,285,85000,2520501,511439,127859,112819,752117
2026-01,HX-C0086,7,0,1,87387258,285,85000,2575536,518753,129688,114432,762873
2026-02,HX-C0086,7,0,1,89708492,285,85000,2641692,528126,132031,116500,776657
2026-03,HX-C0086,7,0,1,92615259,285,85000,2724534,540612,135153,119254,795019
2026-04,HX-C0086,7,0,1,95461840,285,85000,2805662,552512,138128,121879,812519
2026-05,HX-C0086,7,0,1,97008985,285,85000,2849756,556932,139233,122854,819019
2026-06,HX-C0086,7,0,0,0,285,0,0,0,0,0,0
2026-07,HX-C0086,7,0,0,0,285,0,0,0,0,0,0
2026-05,HX-C0087,11,0,1,8867299,285,85000,337718,66000,16500,14560,97060
2026-06,HX-C0087,11,0,1,9048340,285,85000,342877,66495,16623,14670,97788
2026-07,HX-C0087,11,0,1,9303023,285,85000,350136,67379,16844,14865,99088
2025-11,HX-C0088,9,0,1,45858501,285,85000,1391967,284529,71132,62764,418425
2025-12,HX-C0088,9,0,1,46902051,285,85000,1421708,288481,72120,63636,424237
2026-01,HX-C0088,9,0,1,49236498,285,85000,1488240,299754,74938,66124,440816
2026-02,HX-C0088,9,0,1,51033182,285,85000,1539445,307765,76941,67890,452596
2026-03,HX-C0088,9,0,1,53210087,285,85000,1601487,317772,79443,70098,467313
2026-04,HX-C0088,9,0,1,54131581,285,85000,1627750,320549,80137,70710,471396
2026-05,HX-C0088,9,0,1,55563519,285,85000,1668560,326089,81522,71933,479544
2026-06,HX-C0088,9,0,1,56552718,285,85000,1696752,329060,82265,72588,483913
2026-07,HX-C0088,9,0,1,57837685,285,85000,1733374,333569,83392,73583,490544
2026-02,HX-C0089,10,0,1,2912206,235,85000,153436,30674,7668,6768,45110
2026-03,HX-C0089,10,0,1,3005926,235,85000,155639,30882,7720,6813,45415
2026-04,HX-C0089,10,0,1,3098652,235,85000,157818,31078,7769,6857,45704
2026-05,HX-C0089,10,0,1,3193554,235,85000,160048,31277,7819,6901,45997
2026-06,HX-C0089,10,0,1,3359796,235,85000,163955,31796,7949,7014,46759
2026-07,HX-C0089,10,0,1,3434352,235,85000,165707,31888,7972,7035,46895
2024-08,HX-C0090,4,0,1,5817475,285,85000,250798,56892,14223,12551,83666
2024-09,HX-C0090,4,0,1,5988741,285,85000,255679,57617,14404,12711,84732
2024-10,HX-C0090,4,0,1,6149605,285,85000,260263,58261,14565,12852,85678
2024-11,HX-C0090,4,0,1,6323562,285,85000,265221,58974,14743,13010,86727
2024-12,HX-C0090,4,0,1,6566049,285,85000,272132,60103,15025,13260,88388
2025-01,HX-C0090,4,0,1,6825916,285,85000,279538,61321,15330,13527,90178
2025-02,HX-C0090,4,0,1,6964362,285,85000,283484,61763,15440,13625,90828
2025-03,HX-C0090,4,0,1,7188030,285,85000,289858,62717,15679,13836,92232
2025-04,HX-C0090,4,0,1,7128865,285,85000,288172,61922,15480,13660,91062
2025-05,HX-C0090,4,0,1,7390958,285,85000,295642,63084,15771,13917,92772
2025-06,HX-C0090,4,0,1,7536617,285,85000,299793,63522,15880,14013,93415
2025-07,HX-C0090,4,0,1,7608111,285,85000,301831,63502,15875,14009,93386
2025-08,HX-C0090,4,0,1,7754596,285,85000,306005,63922,15980,14102,94004
2025-09,HX-C0090,4,0,1,8063766,285,85000,314817,65292,16323,14404,96019
2025-10,HX-C0090,4,0,1,8290162,285,85000,321269,66150,16537,14593,97280
2025-11,HX-C0090,4,0,1,8414702,285,85000,324819,66395,16598,14647,97640
2025-12,HX-C0090,4,0,1,8944081,285,85000,339906,68970,17242,15215,101427
2026-01,HX-C0090,4,0,1,9090986,285,85000,344093,69305,17326,15289,101920
2026-02,HX-C0090,4,0,1,9234118,285,85000,348172,69606,17401,15355,102362
2026-03,HX-C0090,4,0,1,9560719,285,85000,357480,70932,17733,15647,104312
2026-04,HX-C0090,4,0,1,9592617,285,85000,358389,70576,17644,15569,103789
2026-05,HX-C0090,4,0,1,9879723,285,85000,366572,71639,17909,15804,105352
2026-06,HX-C0090,4,0,1,10065401,285,85000,371863,72117,18029,15909,106055
2026-07,HX-C0090,4,0,1,10282919,285,85000,378063,72753,18188,16050,106991
2023-08,HX-C0091,0,0,1,16142613,285,85000,545064,133431,33357,29435,196223
2023-09,HX-C0091,0,0,0,0,285,0,0,0,0,0,0
2023-10,HX-C0091,0,0,0,0,285,0,0,0,0,0,0
2023-11,HX-C0091,0,0,0,0,285,0,0,0,0,0,0
2023-12,HX-C0091,0,0,0,0,285,0,0,0,0,0,0
2024-01,HX-C0091,0,0,0,0,285,0,0,0,0,0,0
2024-02,HX-C0091,0,0,0,0,285,0,0,0,0,0,0
2024-03,HX-C0091,0,0,0,0,285,0,0,0,0,0,0
2024-04,HX-C0091,0,0,0,0,285,0,0,0,0,0,0
2024-05,HX-C0091,0,0,0,0,285,0,0,0,0,0,0
2024-06,HX-C0091,0,0,0,0,285,0,0,0,0,0,0
2024-07,HX-C0091,0,0,0,0,285,0,0,0,0,0,0
2024-08,HX-C0091,0,0,0,0,285,0,0,0,0,0,0
2024-09,HX-C0091,0,0,0,0,285,0,0,0,0,0,0
2024-10,HX-C0091,0,0,0,0,285,0,0,0,0,0,0
2024-11,HX-C0091,0,0,0,0,285,0,0,0,0,0,0
2024-12,HX-C0091,0,0,0,0,285,0,0,0,0,0,0
2025-01,HX-C0091,0,0,0,0,285,0,0,0,0,0,0
2025-02,HX-C0091,0,0,0,0,285,0,0,0,0,0,0
2025-03,HX-C0091,0,0,0,0,285,0,0,0,0,0,0
2025-04,HX-C0091,0,0,0,0,285,0,0,0,0,0,0
2025-05,HX-C0091,0,0,0,0,285,0,0,0,0,0,0
2025-06,HX-C0091,0,0,0,0,285,0,0,0,0,0,0
2025-07,HX-C0091,0,0,0,0,285,0,0,0,0,0,0
2025-08,HX-C0091,0,0,0,0,285,0,0,0,0,0,0
2025-09,HX-C0091,0,0,0,0,285,0,0,0,0,0,0
2025-10,HX-C0091,0,0,0,0,285,0,0,0,0,0,0
2025-11,HX-C0091,0,0,0,0,285,0,0,0,0,0,0
2025-12,HX-C0091,0,0,0,0,285,0,0,0,0,0,0
2026-01,HX-C0091,0,0,0,0,285,0,0,0,0,0,0
2026-02,HX-C0091,0,0,0,0,285,0,0,0,0,0,0
2026-03,HX-C0091,0,0,0,0,285,0,0,0,0,0,0
2026-04,HX-C0091,0,0,0,0,285,0,0,0,0,0,0
2026-05,HX-C0091,0,0,0,0,285,0,0,0,0,0,0
2026-06,HX-C0091,0,0,0,0,285,0,0,0,0,0,0
2026-07,HX-C0091,0,0,0,0,285,0,0,0,0,0,0
2025-05,HX-C0092,7,0,1,14508435,285,85000,498490,106369,26592,23465,156426
2025-06,HX-C0092,7,0,1,14899735,285,85000,509642,107986,26996,23822,158804
2025-07,HX-C0092,7,0,1,15234354,285,85000,519179,109230,27307,24096,160633
2025-08,HX-C0092,7,0,1,15696944,285,85000,532362,111207,27801,24533,163541
2025-09,HX-C0092,7,0,1,15909018,285,85000,538407,111665,27916,24633,164214
2025-10,HX-C0092,7,0,1,16286676,285,85000,549170,113075,28268,24945,166288
2025-11,HX-C0092,7,0,1,16639050,285,85000,559212,114307,28576,25216,168099
2025-12,HX-C0092,7,0,1,17497683,285,85000,583683,118436,29609,26126,174171
2026-01,HX-C0092,7,0,1,17754619,285,85000,591006,119037,29759,26259,175055
2026-02,HX-C0092,7,0,1,18424382,285,85000,610094,121969,30492,26906,179367
2026-03,HX-C0092,7,0,1,18970423,285,85000,625657,124144,31036,27386,182566
2026-04,HX-C0092,7,0,1,19483333,285,85000,640274,126087,31521,27815,185423
2026-05,HX-C0092,7,0,1,20209420,285,85000,660968,129174,32293,28495,189962
2026-06,HX-C0092,7,0,1,20960003,285,85000,682360,132334,33083,29192,194609
2026-07,HX-C0092,7,0,1,21381723,285,85000,694379,133626,33406,29477,196509
2025-05,HX-C0093,7,0,1,18880533,235,85000,528692,112814,28203,24886,165903
2025-06,HX-C0093,7,0,1,19570605,235,85000,544909,115459,28864,25470,169793
2025-07,HX-C0093,7,0,1,19742006,235,85000,548937,115491,28872,25478,169841
2025-08,HX-C0093,7,0,1,20366800,235,85000,563619,117737,29434,25972,173143
2025-09,HX-C0093,7,0,1,21029011,235,85000,579181,120122,30030,26498,176650
2025-10,HX-C0093,7,0,1,21597270,235,85000,592535,122004,30501,26914,179419
2025-11,HX-C0093,7,0,1,22189430,235,85000,606451,123963,30990,27346,182299
2025-12,HX-C0093,7,0,1,22673493,235,85000,617827,125364,31341,27654,184359
2026-01,HX-C0093,7,0,1,23167572,235,85000,629437,126778,31694,27967,186439
2026-02,HX-C0093,7,0,1,23622991,235,85000,640140,127976,31994,28231,188201
2026-03,HX-C0093,7,0,1,24443186,235,85000,659414,130843,32710,28864,192417
2026-04,HX-C0093,7,0,1,25163145,235,85000,676333,133188,33297,29381,195866
2026-05,HX-C0093,7,0,1,25572452,235,85000,685952,134056,33514,29572,197142
2026-06,HX-C0093,7,0,1,26747504,235,85000,713566,138386,34596,30527,203509
2026-07,HX-C0093,7,0,1,27150226,235,85000,723030,139139,34784,30694,204617
2025-11,HX-C0094,9,0,1,16314973,285,85000,549976,112418,28104,24800,165322
2025-12,HX-C0094,9,0,1,16606583,285,85000,558287,113282,28320,24990,166592
2026-01,HX-C0094,9,0,1,16963080,285,85000,568447,114494,28623,25257,168374
2026-02,HX-C0094,9,0,1,17267349,285,85000,577119,115376,28844,25452,169672
2026-03,HX-C0094,9,0,1,17616201,285,85000,587061,116486,29121,25697,171304
2026-04,HX-C0094,9,0,1,17848925,285,85000,593694,116914,29228,25791,171933
2026-05,HX-C0094,9,0,1,18295891,285,85000,606432,118515,29628,26145,174288
2026-06,HX-C0094,9,0,1,18754060,285,85000,619490,120141,30035,26502,176678
2026-07,HX-C0094,9,0,1,19417862,285,85000,638409,122854,30713,27102,180669
2026-02,HX-C0095,10,0,1,20698482,285,85000,674906,134926,33731,29765,198422
2026-03,HX-C0095,10,0,1,21120111,285,85000,686923,136301,34075,30068,200444
2026-04,HX-C0095,10,0,1,21966668,285,85000,711050,140025,35006,30889,205920
2026-05,HX-C0095,10,0,1,22120332,285,85000,715429,139817,34954,30843,205614
2026-06,HX-C0095,10,0,1,22458842,285,85000,725076,140617,35154,31020,206791
2026-07,HX-C0095,10,0,1,23166523,285,85000,745245,143414,35853,31637,210904
2023-11,HX-C0096,1,0,1,13781397,285,85000,477769,114813,28703,25327,168843
2023-12,HX-C0096,1,0,1,14175567,285,85000,489003,116781,29195,25761,171737
2024-01,HX-C0096,1,0,1,14471692,285,85000,497443,118052,29513,26042,173607
2024-02,HX-C0096,1,0,1,14517136,285,85000,498738,117614,29403,25945,172962
2024-03,HX-C0096,1,0,1,15140977,285,85000,516517,121033,30258,26700,177991
2024-04,HX-C0096,1,0,1,15462058,285,85000,525668,122391,30597,27000,179988
2024-05,HX-C0096,1,0,1,15816592,285,85000,535772,123942,30985,27342,182269
2024-06,HX-C0096,1,0,1,16273526,285,85000,548795,126134,31533,27825,185492
2024-07,HX-C0096,1,0,1,16651476,285,85000,559567,127773,31943,28186,187902
2024-08,HX-C0096,1,0,1,17017544,285,85000,570000,129303,32325,28524,190152
2024-09,HX-C0096,1,0,1,17255169,285,85000,576772,129976,32494,28672,191142
2024-10,HX-C0096,1,0,1,17523612,285,85000,584422,130825,32706,28860,192391
2024-11,HX-C0096,1,0,1,18123802,285,85000,601528,133755,33438,29506,196699
2024-12,HX-C0096,1,0,1,18516652,285,85000,612724,135328,33832,29852,199012
2025-01,HX-C0096,1,0,1,19048125,285,85000,627871,137734,34433,30384,202551
2025-02,HX-C0096,1,0,1,19531389,285,85000,641644,139795,34948,30839,205582
2025-03,HX-C0096,1,0,1,20326514,285,85000,664305,143739,35934,31708,211381
2025-04,HX-C0096,1,0,1,20667983,285,85000,674037,144836,36209,31950,212995
2025-05,HX-C0096,1,0,1,20931717,285,85000,681553,145432,36358,32081,213871
2025-06,HX-C0096,1,0,1,21159520,285,85000,688046,145788,36447,32160,214395
2025-07,HX-C0096,1,0,1,21870962,285,85000,708322,149024,37256,32874,219154
2025-08,HX-C0096,1,0,1,22113104,285,85000,715223,149406,37351,32959,219716
2025-09,HX-C0096,1,0,1,22726647,285,85000,732709,151963,37990,33523,223476
2025-10,HX-C0096,1,0,1,23893188,285,85000,765955,157713,39428,34790,231931
2025-11,HX-C0096,1,0,1,24442214,285,85000,781603,159765,39941,35243,234949
2025-12,HX-C0096,1,0,1,25255719,285,85000,804787,163300,40825,36023,240148
2026-01,HX-C0096,1,0,1,25779342,285,85000,819711,165102,41275,36421,242798
2026-02,HX-C0096,1,0,1,26576153,285,85000,842420,168416,42104,37151,247671
2026-03,HX-C0096,1,0,1,26940486,285,85000,852803,169215,42303,37329,248847
2026-04,HX-C0096,1,0,1,28072787,285,85000,885074,174295,43573,38449,256317
2026-05,HX-C0096,1,0,1,29233793,285,85000,918163,179438,44859,39583,263880
2026-06,HX-C0096,1,0,1,30193589,285,85000,945517,183369,45842,40450,269661
2026-07,HX-C0096,1,0,1,30678016,285,85000,959323,184611,46152,40725,271488
2025-05,HX-C0097,7,0,1,45700320,285,85000,1387459,296061,74015,65308,435384
2025-06,HX-C0097,7,0,1,47126916,285,85000,1428117,302600,75650,66751,445001
2025-07,HX-C0097,7,0,1,48077798,285,85000,1455217,306165,76541,67538,450244
2025-08,HX-C0097,7,0,1,50656985,285,85000,1528724,319344,79836,70444,469624
2025-09,HX-C0097,7,0,1,51907940,285,85000,1564376,324451,81112,71571,477134
2025-10,HX-C0097,7,0,1,52676493,285,85000,1586280,326621,81655,72049,480325
2025-11,HX-C0097,7,0,1,54030545,285,85000,1624870,332135,83033,73267,488435
2025-12,HX-C0097,7,0,1,56261609,285,85000,1688455,342607,85651,75576,503834
2026-01,HX-C0097,7,0,1,58061472,285,85000,1739751,350413,87603,77298,515314
2026-02,HX-C0097,7,0,1,59017245,285,85000,1766991,353256,88314,77925,519495
2026-03,HX-C0097,7,0,1,59762987,285,85000,1788245,354830,88707,78272,521809
2026-04,HX-C0097,7,0,1,61762488,285,85000,1845230,363377,90844,80157,534378
2026-05,HX-C0097,7,0,1,61912972,285,85000,1849519,361454,90363,79734,531551
2026-06,HX-C0097,7,0,1,64056137,285,85000,1910599,370533,92633,81736,544902
2026-07,HX-C0097,7,0,1,66356111,285,85000,1976149,380290,95072,83888,559250
2023-11,HX-C0098,1,0,1,74538064,285,85000,2209334,530929,132732,117117,780778
2023-12,HX-C0098,1,0,1,75944844,285,85000,2249428,537199,134299,118501,789999
2024-01,HX-C0098,1,0,1,77996223,285,85000,2307892,547708,136927,120819,805454
2024-02,HX-C0098,1,0,1,79162758,285,85000,2341138,552096,138024,121786,811906
2024-03,HX-C0098,1,0,1,82088643,285,85000,2424526,568133,142033,125325,835491
2024-04,HX-C0098,1,0,1,84111838,285,85000,2482187,577932,144483,127485,849900
2024-05,HX-C0098,1,0,1,86195025,285,85000,2541558,587953,146988,129697,864638
2024-06,HX-C0098,1,0,1,87076901,285,85000,2566691,589927,147481,130133,867541
2024-07,HX-C0098,1,0,1,88161872,285,85000,2597613,593149,148287,130842,872278
2024-08,HX-C0098,1,0,1,92193201,285,85000,2712506,615326,153831,135735,904892
2024-09,HX-C0098,1,0,1,96660840,285,85000,2839833,639961,159990,141169,941120
2024-10,HX-C0098,1,0,1,98693076,285,85000,2897752,648678,162169,143092,953939
2024-11,HX-C0098,1,0,1,100466831,285,85000,2948304,655584,163896,144615,964095
2024-12,HX-C0098,1,0,1,102351126,285,85000,3002007,663034,165758,146259,975051
2025-01,HX-C0098,1,0,1,104277865,285,85000,3056919,670590,167647,147925,986162
2025-02,HX-C0098,1,0,1,106598497,285,85000,3123057,680426,170106,150095,1000627
2025-03,HX-C0098,1,0,1,110335819,285,85000,3229570,698801,174700,154148,1027649
2025-04,HX-C0098,1,0,1,116584419,285,85000,3407655,732236,183059,161523,1076818
2025-05,HX-C0098,1,0,1,119502975,285,85000,3490834,744887,186221,164315,1095423
2025-06,HX-C0098,1,0,1,121353740,285,85000,3543581,750841,187710,165628,1104179
2025-07,HX-C0098,1,0,1,126103493,285,85000,3678949,774020,193505,170741,1138266
2025-08,HX-C0098,1,0,1,130764247,285,85000,3811781,796265,199066,175648,1170979
2025-09,HX-C0098,1,0,1,132462714,285,85000,3860187,800602,200150,176605,1177357
2025-10,HX-C0098,1,0,1,132631602,285,85000,3865000,795818,198954,175549,1170321
2025-11,HX-C0098,1,0,1,135462211,285,85000,3945673,806526,201631,177912,1186069
2025-12,HX-C0098,1,0,1,140128432,285,85000,4078660,827608,206902,182562,1217072
2026-01,HX-C0098,1,0,1,144860122,285,85000,4213513,848668,212167,187207,1248042
2026-02,HX-C0098,1,0,1,148728630,285,85000,4323765,864406,216101,190679,1271186
2026-03,HX-C0098,1,0,1,156789389,285,85000,4553497,903522,225880,199308,1328710
2026-04,HX-C0098,1,0,1,160784550,285,85000,4667359,919133,229783,202751,1351667
2026-05,HX-C0098,1,0,1,168649639,285,85000,4891514,955958,238989,210874,1405821
2026-06,HX-C0098,1,0,1,166417155,285,85000,4827888,936300,234075,206538,1376913
2026-07,HX-C0098,1,0,1,171992374,285,85000,4986782,959656,239914,211689,1411259
2024-08,HX-C0099,4,0,1,9380055,285,85000,352331,79925,19981,17631,117537
2024-09,HX-C0099,4,0,1,9752972,285,85000,362959,81793,20448,18043,120284
2024-10,HX-C0099,4,0,1,10097735,285,85000,372785,83449,20862,18409,122720
2024-11,HX-C0099,4,0,1,10576264,285,85000,386423,85924,21481,18955,126360
2024-12,HX-C0099,4,0,1,10884728,285,85000,395214,87288,21822,19255,128365
2025-01,HX-C0099,4,0,1,11463627,285,85000,411713,90316,22579,19923,132818
2025-02,HX-C0099,4,0,1,11402868,285,85000,409981,89322,22330,19705,131357
2025-03,HX-C0099,4,0,1,11980903,285,85000,426455,92273,23068,20356,135697
2025-04,HX-C0099,4,0,1,12299976,285,85000,435549,93590,23397,20646,137633
2025-05,HX-C0099,4,0,1,12604786,285,85000,444236,94792,23698,20911,139401
2025-06,HX-C0099,4,0,1,12799911,285,85000,449797,95306,23826,21024,140156
2025-07,HX-C0099,4,0,1,13070037,285,85000,457496,96253,24063,21233,141549
2025-08,HX-C0099,4,0,1,13477232,285,85000,469101,97992,24498,21617,144107
2025-09,HX-C0099,4,0,1,13595520,285,85000,472472,97990,24497,21616,144103
2025-10,HX-C0099,4,0,1,13799095,285,85000,478274,98478,24619,21724,144821
2025-11,HX-C0099,4,0,1,13937161,285,85000,482209,98567,24641,21744,144952
2025-12,HX-C0099,4,0,1,14372949,285,85000,494629,100365,25091,22141,147597
2026-01,HX-C0099,4,0,1,14565700,285,85000,500122,100732,25183,22221,148136
2026-02,HX-C0099,4,0,1,14906669,285,85000,509840,101926,25481,22485,149892
2026-03,HX-C0099,4,0,1,15225592,285,85000,518929,102967,25741,22715,151423
2026-04,HX-C0099,4,0,1,15584378,285,85000,529154,104204,26051,22987,153242
2026-05,HX-C0099,4,0,1,16312084,285,85000,549894,107466,26866,23707,158039
2026-06,HX-C0099,4,0,1,16561387,285,85000,556999,108022,27005,23829,158856
2026-07,HX-C0099,4,0,1,16685225,285,85000,560528,107867,26966,23796,158629
2024-08,HX-C0100,4,0,1,9964738,285,85000,368995,83705,20926,18465,123096
2024-09,HX-C0100,4,0,1,10237828,285,85000,376778,84907,21226,18731,124864
2024-10,HX-C0100,4,0,1,10740021,285,85000,391090,87547,21886,19313,128746
2024-11,HX-C0100,4,0,1,11056189,285,85000,400101,88966,22241,19626,130833
2024-12,HX-C0100,4,0,1,11365897,285,85000,408928,90316,22579,19924,132819
2025-01,HX-C0100,4,0,1,12080926,285,85000,429306,94175,23543,20776,138494
2025-02,HX-C0100,4,0,1,12133119,285,85000,430793,93857,23464,20705,138026
2025-03,HX-C0100,4,0,1,12237722,285,85000,433775,93858,23464,20705,138027
2025-04,HX-C0100,4,0,1,12650834,285,85000,445548,95739,23934,21120,140793
2025-05,HX-C0100,4,0,1,13049146,285,85000,456900,97495,24373,21507,143375
2025-06,HX-C0100,4,0,1,13392046,285,85000,466673,98882,24720,21813,145415
2025-07,HX-C0100,4,0,1,13615997,285,85000,473055,99526,24881,21956,146363
2025-08,HX-C0100,4,0,1,14195890,285,85000,489582,102271,25567,22561,150399
2025-09,HX-C0100,4,0,1,14407579,285,85000,495616,102790,25697,22675,151162
2025-10,HX-C0100,4,0,1,14708370,285,85000,504188,103814,25953,22901,152668
2025-11,HX-C0100,4,0,1,15043908,285,85000,513751,105014,26253,23166,154433
2025-12,HX-C0100,4,0,1,15313719,285,85000,521440,105805,26451,23341,155597
2026-01,HX-C0100,4,0,1,15657884,285,85000,531249,107001,26750,23604,157355
2026-02,HX-C0100,4,0,1,15895767,285,85000,538029,107562,26890,23728,158180
2026-03,HX-C0100,4,0,1,16068545,285,85000,542953,107734,26933,23766,158433
2026-04,HX-C0100,4,0,1,16343935,285,85000,550802,108468,27117,23927,159512
2026-05,HX-C0100,4,0,1,16698179,285,85000,560898,109617,27404,24181,161202
2026-06,HX-C0100,4,0,1,17266485,285,85000,577094,111919,27979,24689,164587
2026-07,HX-C0100,4,0,1,17849571,285,85000,593712,114253,28563,25204,168020
2024-02,HX-C0101,2,0,1,15401476,285,85000,523942,123558,30889,27256,181703
2024-03,HX-C0101,2,0,1,15826034,285,85000,536041,125608,31402,27709,184719
2024-04,HX-C0101,2,0,1,16005631,285,85000,541160,125999,31499,27795,185293
2024-05,HX-C0101,2,0,1,16274511,285,85000,548823,126962,31740,28007,186709
2024-06,HX-C0101,2,0,1,16418483,285,85000,552926,127083,31770,28035,186888
2024-07,HX-C0101,2,0,1,17175704,285,85000,574507,131184,32796,28939,192919
2024-08,HX-C0101,2,0,1,17956676,285,85000,596765,135374,33843,29863,199080
2024-09,HX-C0101,2,0,1,18398456,285,85000,609355,137319,34329,30292,201940
2024-10,HX-C0101,2,0,1,19057180,285,85000,628129,140610,35152,31018,206780
2024-11,HX-C0101,2,0,1,19487748,285,85000,640400,142398,35599,31413,209410
2024-12,HX-C0101,2,0,1,20334543,285,85000,664534,146771,36692,32377,215840
2025-01,HX-C0101,2,0,1,20695380,285,85000,674818,148033,37008,32655,217696
2025-02,HX-C0101,2,0,1,21481345,285,85000,697218,151903,37975,33510,223388
2025-03,HX-C0101,2,0,1,21902830,285,85000,709230,153459,38364,33853,225676
2025-04,HX-C0101,2,0,1,22908457,285,85000,737891,158557,39639,34977,233173
2025-05,HX-C0101,2,0,1,23774191,285,85000,762564,162718,40679,35895,239292
2025-06,HX-C0101,2,0,1,24561781,285,85000,785010,166334,41583,36692,244609
2025-07,HX-C0101,2,0,1,24975273,285,85000,796795,167639,41909,36980,246528
2025-08,HX-C0101,2,0,1,25846533,285,85000,821626,171634,42908,37861,252403
2025-09,HX-C0101,2,0,1,26422180,285,85000,838032,173807,43451,38341,255599
2025-10,HX-C0101,2,0,1,26710959,285,85000,846262,174248,43562,38438,256248
2025-11,HX-C0101,2,0,1,27354115,285,85000,864592,176729,44182,38985,259896
2025-12,HX-C0101,2,0,1,27968229,285,85000,882094,178986,44746,39484,263216
2026-01,HX-C0101,2,0,1,28547981,285,85000,898617,180995,45248,39927,266170
2026-02,HX-C0101,2,0,1,29207646,285,85000,917417,183409,45852,40459,269720
2026-03,HX-C0101,2,0,1,29743922,285,85000,932701,185070,46267,40825,272162
2026-04,HX-C0101,2,0,1,30342737,285,85000,949768,187035,46758,41259,275052
2026-05,HX-C0101,2,0,1,30755578,285,85000,961533,187913,46978,41453,276344
2026-06,HX-C0101,2,0,1,30893590,285,85000,965467,187238,46809,41304,275351
2026-07,HX-C0101,2,0,1,31440677,285,85000,981059,188794,47198,41647,277639
2026-05,HX-C0102,11,0,1,21782389,285,85000,705798,137935,34483,30428,202846
2026-06,HX-C0102,11,0,1,22277519,285,85000,719909,139616,34904,30798,205318
2026-07,HX-C0102,11,0,1,22650704,285,85000,730545,140585,35146,31013,206744
2024-11,HX-C0103,5,0,1,6048149,285,85000,257372,57228,14307,12625,84160
2024-12,HX-C0103,5,0,1,6202451,285,85000,261769,57814,14453,12755,85022
2025-01,HX-C0103,5,0,1,6332638,285,85000,265480,58237,14559,12847,85643
2025-02,HX-C0103,5,0,1,6498848,285,85000,270217,58872,14718,12987,86577
2025-03,HX-C0103,5,0,1,6648368,285,85000,274478,59389,14847,13102,87338
2025-04,HX-C0103,5,0,1,6938413,285,85000,282744,60755,15188,13404,89347
2025-05,HX-C0103,5,0,1,7147896,285,85000,288715,61606,15401,13591,90598
2025-06,HX-C0103,5,0,1,7337020,285,85000,294105,62317,15579,13747,91643
2025-07,HX-C0103,5,0,1,7605558,285,85000,301758,63486,15871,14006,93363
2025-08,HX-C0103,5,0,1,7935286,285,85000,311155,64998,16249,14339,95586
2025-09,HX-C0103,5,0,1,8220568,285,85000,319286,66219,16554,14609,97382
2025-10,HX-C0103,5,0,1,8309489,285,85000,321820,66263,16565,14619,97447
2025-11,HX-C0103,5,0,1,8643649,285,85000,331343,67728,16932,14941,99601
2025-12,HX-C0103,5,0,1,8803715,285,85000,335905,68159,17039,15036,100234
2026-01,HX-C0103,5,0,1,9046203,285,85000,342816,69048,17262,15232,101542
2026-02,HX-C0103,5,0,1,9166213,285,85000,346237,69219,17304,15270,101793
2026-03,HX-C0103,5,0,1,9412895,285,85000,353267,70096,17524,15463,103083
2026-04,HX-C0103,5,0,1,9650807,285,85000,360047,70902,17725,15642,104269
2026-05,HX-C0103,5,0,1,9962155,285,85000,368921,72098,18024,15905,106027
2026-06,HX-C0103,5,0,1,10055731,285,85000,371588,72063,18015,15898,105976
2026-07,HX-C0103,5,0,1,10421134,285,85000,382002,73512,18378,16216,108106
2024-05,HX-C0104,3,0,1,8762508,285,85000,334731,77435,19358,17082,113875
2024-06,HX-C0104,3,0,1,8859503,285,85000,337495,77569,19392,17112,114073
2024-07,HX-C0104,3,0,1,8923205,285,85000,339311,77479,19369,17092,113940
2024-08,HX-C0104,3,0,1,8897464,285,85000,338577,76805,19201,16943,112949
2024-09,HX-C0104,3,0,1,9061769,285,85000,343260,77354,19338,17064,113756
2024-10,HX-C0104,3,0,1,9375760,285,85000,352209,78843,19710,17394,115947
2024-11,HX-C0104,3,0,1,9690621,285,85000,361182,80312,20078,17716,118106
2024-12,HX-C0104,3,0,1,10092030,285,85000,372622,82298,20574,18155,121027
2025-01,HX-C0104,3,0,1,10314062,285,85000,378950,83129,20782,18338,122249
2025-02,HX-C0104,3,0,1,10463436,285,85000,383207,83489,20872,18418,122779
2025-03,HX-C0104,3,0,1,10779463,285,85000,392214,84865,21216,18721,124802
2025-04,HX-C0104,3,0,1,11126247,285,85000,402098,86402,21600,19060,127062
2025-05,HX-C0104,3,0,1,11572775,285,85000,414824,88516,22129,19526,130171
2025-06,HX-C0104,3,0,1,11732434,285,85000,419374,88859,22214,19603,130676
2025-07,HX-C0104,3,0,1,12191831,285,85000,432467,90987,22746,20072,133805
2025-08,HX-C0104,3,0,1,12613521,285,85000,444485,92850,23212,20483,136545
2025-09,HX-C0104,3,0,1,13033468,285,85000,456453,94668,23667,20883,139218
2025-10,HX-C0104,3,0,1,13489278,285,85000,469444,96659,24164,21324,142147
2025-11,HX-C0104,3,0,1,13925986,285,85000,481890,98502,24625,21729,144856
2025-12,HX-C0104,3,0,1,14509211,285,85000,498512,101153,25288,22314,148755
2026-01,HX-C0104,3,0,1,14555583,285,85000,499834,100674,25168,22208,148050
2026-02,HX-C0104,3,0,1,15227507,285,85000,518983,103755,25938,22888,152581
2026-03,HX-C0104,3,0,1,15703563,285,85000,532551,105670,26417,23311,155398
2026-04,HX-C0104,3,0,1,15931361,285,85000,539043,106152,26538,23416,156106
2026-05,HX-C0104,3,0,1,16143461,285,85000,545088,106527,26631,23500,156658
2026-06,HX-C0104,3,0,1,16719046,285,85000,561492,108893,27223,24021,160137
2026-07,HX-C0104,3,0,1,17058863,285,85000,571177,109917,27479,24247,161643
2024-11,HX-C0105,5,0,1,43240372,285,85000,1317350,292925,73231,64617,430773
2024-12,HX-C0105,5,0,1,44631844,285,85000,1357007,299713,74928,66114,440755
2025-01,HX-C0105,5,0,1,45325684,285,85000,1376781,302021,75505,66623,444149
2025-02,HX-C0105,5,0,1,46627573,285,85000,1413885,308045,77011,67952,453008
2025-03,HX-C0105,5,0,1,47191306,285,85000,1429952,309406,77351,68253,455010
2025-04,HX-C0105,5,0,1,48837971,285,85000,1476882,317351,79337,70006,466694
2025-05,HX-C0105,5,0,1,48982157,285,85000,1480991,316019,79004,69711,464734
2025-06,HX-C0105,5,0,1,49913685,285,85000,1507540,319429,79857,70463,469749
2025-07,HX-C0105,5,0,1,50882542,285,85000,1535152,322983,80745,71248,474976
2025-08,HX-C0105,5,0,1,51332176,285,85000,1547967,323363,80840,71332,475535
2025-09,HX-C0105,5,0,1,52689691,285,85000,1586656,329072,82268,72590,483930
2025-10,HX-C0105,5,0,1,53854685,285,85000,1619858,333535,83383,73575,490493
2025-11,HX-C0105,5,0,1,55269429,285,85000,1660178,339353,84838,74858,499049
2025-12,HX-C0105,5,0,1,57761780,285,85000,1731210,351283,87820,77490,516593
2026-01,HX-C0105,5,0,1,59242935,285,85000,1773423,357195,89298,78794,525287
2026-02,HX-C0105,5,0,1,60411466,285,85000,1806726,361200,90300,79677,531177
2026-03,HX-C0105,5,0,1,62760648,285,85000,1873678,371782,92945,82012,546739
2026-04,HX-C0105,5,0,1,64068987,285,85000,1910966,376322,94080,83013,553415
2026-05,HX-C0105,5,0,1,65011212,285,85000,1937819,378711,94677,83541,556929
2026-06,HX-C0105,5,0,1,66552723,285,85000,1981752,384332,96083,84780,565195
2026-07,HX-C0105,5,0,1,67458504,285,85000,2007567,386335,96583,85223,568141
2025-05,HX-C0106,7,0,1,7968404,235,85000,272257,58095,14523,12816,85434
2025-06,HX-C0106,7,0,1,8281981,235,85000,279626,59249,14812,13070,87131
2025-07,HX-C0106,7,0,1,8670399,235,85000,288754,60751,15187,13402,89340
2025-08,HX-C0106,7,0,1,8792417,235,85000,291621,60917,15229,13439,89585
2025-09,HX-C0106,7,0,1,9048061,235,85000,297629,61727,15431,13618,90776
2025-10,HX-C0106,7,0,1,9434869,235,85000,306719,63154,15788,13932,92874
2025-11,HX-C0106,7,0,1,9671853,235,85000,312288,63833,15958,14082,93873
2025-12,HX-C0106,7,0,1,10064333,235,85000,321511,65237,16309,14392,95938
2026-01,HX-C0106,7,0,1,10247288,235,85000,325811,65623,16405,14477,96505
2026-02,HX-C0106,7,0,1,10561582,235,85000,333197,66612,16653,14694,97959
2026-03,HX-C0106,7,0,1,10825040,235,85000,339388,67342,16835,14856,99033
2026-04,HX-C0106,7,0,1,11331066,235,85000,351280,69176,17294,15260,101730
2026-05,HX-C0106,7,0,1,11640849,235,85000,358559,70073,17518,15458,103049
2026-06,HX-C0106,7,0,1,11944854,235,85000,365704,70922,17730,15646,104298
2026-07,HX-C0106,7,0,1,12214392,235,85000,372038,71594,17898,15794,105286
2024-08,HX-C0107,4,0,1,19704517,235,85000,548056,124325,31081,27425,182831
2024-09,HX-C0107,4,0,1,20115033,235,85000,557703,125678,31419,27725,184822
2024-10,HX-C0107,4,0,1,20821645,235,85000,574308,128562,32140,28360,189062
2024-11,HX-C0107,4,0,1,21211985,235,85000,583481,129742,32435,28621,190798
2024-12,HX-C0107,4,0,1,21899646,235,85000,599641,132438,33109,29216,194763
2025-01,HX-C0107,4,0,1,22722592,235,85000,618980,135783,33945,29954,199682
2025-02,HX-C0107,4,0,1,23352963,235,85000,633794,138085,34521,30461,203067
2025-03,HX-C0107,4,0,1,23821031,235,85000,644794,139517,34879,30777,205173
2025-04,HX-C0107,4,0,1,24508069,235,85000,660939,142022,35505,31329,208856
2025-05,HX-C0107,4,0,1,24699903,235,85000,665447,141995,35498,31324,208817
2025-06,HX-C0107,4,0,1,25259723,235,85000,678603,143787,35946,31719,211452
2025-07,HX-C0107,4,0,1,25922118,235,85000,694169,146047,36511,32217,214775
2025-08,HX-C0107,4,0,1,26539753,235,85000,708684,148040,37010,32657,217707
2025-09,HX-C0107,4,0,1,27081463,235,85000,721414,149621,37405,33005,220031
2025-10,HX-C0107,4,0,1,28591715,235,85000,756905,155849,38962,34379,229190
2025-11,HX-C0107,4,0,1,29207814,235,85000,771383,157676,39419,34782,231877
2025-12,HX-C0107,4,0,1,30885423,235,85000,810807,164521,41130,36293,241944
2026-01,HX-C0107,4,0,1,31565093,235,85000,826779,166525,41631,36735,244891
2026-02,HX-C0107,4,0,1,32511480,235,85000,849019,169735,42433,37443,249611
2026-03,HX-C0107,4,0,1,33588582,235,85000,874331,173487,43371,38271,255129
2026-04,HX-C0107,4,0,1,34523964,235,85000,896313,176508,44127,38937,259572
2026-05,HX-C0107,4,0,1,35281546,235,85000,914116,178646,44661,39409,262716
2026-06,HX-C0107,4,0,1,36775861,235,85000,949232,184089,46022,40609,270720
2026-07,HX-C0107,4,0,1,37430520,235,85000,964617,185630,46407,40949,272986
2024-08,HX-C0108,4,0,1,9482546,235,85000,307839,69832,17458,15405,102695
2024-09,HX-C0108,4,0,1,9556269,235,85000,309572,69762,17440,15390,102592
2024-10,HX-C0108,4,0,1,9720044,235,85000,313421,70161,17540,15477,103178
2024-11,HX-C0108,4,0,1,9957586,235,85000,319003,70932,17733,15648,104313
2024-12,HX-C0108,4,0,1,10149074,235,85000,323503,71449,17862,15762,105073
2025-01,HX-C0108,4,0,1,10501514,235,85000,331785,72782,18195,16056,107033
2025-02,HX-C0108,4,0,1,10901924,235,85000,341195,74336,18584,16398,109318
2025-03,HX-C0108,4,0,1,11345015,235,85000,351607,76079,19019,16783,111881
2025-04,HX-C0108,4,0,1,11484435,235,85000,354884,76257,19064,16822,112143
2025-05,HX-C0108,4,0,1,11882951,235,85000,364249,77724,19431,17146,114301
2025-06,HX-C0108,4,0,1,12337210,235,85000,374924,79441,19860,17525,116826
2025-07,HX-C0108,4,0,1,12579045,235,85000,380607,80076,20019,17664,117759
2025-08,HX-C0108,4,0,1,13090213,235,85000,392620,82016,20504,18092,120612
2025-09,HX-C0108,4,0,1,13295695,235,85000,397448,82430,20607,18184,121221
2025-10,HX-C0108,4,0,1,13639533,235,85000,405529,83499,20874,18421,122794
2025-11,HX-C0108,4,0,1,14112340,235,85000,416639,85163,21290,18788,125241
2025-12,HX-C0108,4,0,1,14634988,235,85000,428922,87033,21758,19199,127990
2026-01,HX-C0108,4,0,1,14852640,235,85000,434037,87421,21855,19285,128561
2026-02,HX-C0108,4,0,1,15252656,235,85000,443437,88651,22162,19557,130370
2026-03,HX-C0108,4,0,1,15612530,235,85000,451894,89666,22416,19780,131862
2026-04,HX-C0108,4,0,1,15939729,235,85000,459583,90504,22626,19965,133095
2026-05,HX-C0108,4,0,1,16172246,235,85000,465047,90884,22721,20049,133654
2026-06,HX-C0108,4,0,1,16622143,235,85000,475620,92239,23059,20348,135646
2026-07,HX-C0108,4,0,1,16936973,235,85000,483018,92951,23237,20506,136694
2025-11,HX-C0109,9,0,1,17118394,285,85000,572874,117099,29274,25832,172205
2025-12,HX-C0109,9,0,1,17525027,285,85000,584463,118594,29648,26161,174403
2026-01,HX-C0109,9,0,1,17888851,285,85000,594832,119808,29952,26429,176189
2026-02,HX-C0109,9,0,1,17888698,285,85000,594827,118917,29729,26233,174879
2026-03,HX-C0109,9,0,1,18772332,285,85000,620011,123024,30756,27139,180919
2026-04,HX-C0109,9,0,1,19609364,285,85000,643866,126794,31698,27971,186463
2026-05,HX-C0109,9,0,1,19909184,285,85000,652411,127501,31875,28126,187502
2026-06,HX-C0109,9,0,1,20226328,285,85000,661450,128278,32069,28298,188645
2026-07,HX-C0109,9,0,1,20779511,285,85000,677216,130323,32580,28749,191652
2024-02,HX-C0110,2,0,1,22872039,285,85000,736853,173767,43441,38332,255540
2024-03,HX-C0110,2,0,1,23642005,285,85000,758797,177807,44451,39223,261481
2024-04,HX-C0110,2,0,1,24594342,285,85000,785938,182991,45747,40367,269105
2024-05,HX-C0110,2,0,1,25176903,285,85000,802541,185656,46414,40954,273024
2024-06,HX-C0110,2,0,1,25234784,285,85000,804191,184834,46208,40774,271816
2024-07,HX-C0110,2,0,1,26066173,285,85000,827885,189042,47260,41701,278003
2024-08,HX-C0110,2,0,1,27106267,285,85000,857528,194528,48632,42911,286071
2024-09,HX-C0110,2,0,1,27866159,285,85000,879185,198125,49531,43705,291361
2024-10,HX-C0110,2,0,1,29177678,285,85000,916563,205177,51294,45261,301732
2024-11,HX-C0110,2,0,1,29153895,285,85000,915886,203655,50913,44926,299494
2024-12,HX-C0110,2,0,1,30271038,285,85000,947724,209317,52329,46174,307820
2025-01,HX-C0110,2,0,1,31203048,285,85000,974286,213726,53431,47147,314304
2025-02,HX-C0110,2,0,1,31576329,285,85000,984925,214586,53646,47337,315569
2025-03,HX-C0110,2,0,1,32459669,285,85000,1010100,218560,54640,48213,321413
2025-04,HX-C0110,2,0,1,34219125,285,85000,1060245,227825,56956,50256,335037
2025-05,HX-C0110,2,0,1,35574765,285,85000,1098880,234483,58620,51725,344828
2025-06,HX-C0110,2,0,1,35574210,285,85000,1098864,232836,58209,51361,342406
2025-07,HX-C0110,2,0,1,36517821,285,85000,1125757,236850,59212,52247,348309
2025-08,HX-C0110,2,0,1,37593966,285,85000,1156428,241572,60393,53289,355254
2025-09,HX-C0110,2,0,1,38931543,285,85000,1194548,247749,61937,54651,364337
2025-10,HX-C0110,2,0,1,40350550,285,85000,1234990,254288,63572,56094,373954
2025-11,HX-C0110,2,0,1,41839506,285,85000,1277425,261115,65278,57600,383993
2025-12,HX-C0110,2,0,1,42840944,285,85000,1305966,264996,66249,58455,389700
2026-01,HX-C0110,2,0,1,43618965,285,85000,1328140,267508,66877,59010,393395
2026-02,HX-C0110,2,0,1,43892956,285,85000,1335949,267082,66770,58917,392769
2026-03,HX-C0110,2,0,1,46155041,285,85000,1400418,277875,69468,61298,408641
2026-04,HX-C0110,2,0,1,48063836,285,85000,1454819,286494,71623,63198,421315
2026-05,HX-C0110,2,0,1,49560349,285,85000,1497469,292652,73163,64557,430372
2026-06,HX-C0110,2,0,1,51556690,285,85000,1554365,301446,75361,66497,443304
2026-07,HX-C0110,2,0,1,52575387,285,85000,1583398,304708,76177,67216,448101
2025-08,HX-C0111,8,0,1,22992869,285,85000,740296,154644,38661,34113,227418
2025-09,HX-C0111,8,0,1,23871110,285,85000,765326,158728,39682,35014,233424
2025-10,HX-C0111,8,0,1,24417883,285,85000,780909,160792,40198,35469,236459
2025-11,HX-C0111,8,0,1,25070359,285,85000,799505,163425,40856,36050,240331
2025-12,HX-C0111,8,0,1,25824772,285,85000,821006,166591,41647,36750,244988
2026-01,HX-C0111,8,0,1,26597448,285,85000,843027,169798,42449,37457,249704
2026-02,HX-C0111,8,0,1,27825012,285,85000,878012,175531,43882,38722,258135
2026-03,HX-C0111,8,0,1,28477228,285,85000,896600,177906,44476,39245,261627
2026-04,HX-C0111,8,0,1,29177112,285,85000,916547,180493,45123,39816,265432
2026-05,HX-C0111,8,0,1,29323412,285,85000,920717,179937,44984,39693,264614
2026-06,HX-C0111,8,0,1,30069190,285,85000,941971,182682,45670,40298,268650
2026-07,HX-C0111,8,0,1,30500846,285,85000,954274,183640,45910,40509,270059
2026-05,HX-C0112,11,0,1,59703471,285,85000,1786548,349148,87287,77018,513453
2026-06,HX-C0112,11,0,1,62110852,285,85000,1855159,359781,89945,79365,529091
2026-07,HX-C0112,11,0,1,62479286,285,85000,1865659,359027,89756,79198,527981
2024-08,HX-C0113,4,0,1,21868908,285,85000,708263,160667,40166,35443,236276
2024-09,HX-C0113,4,0,1,22705522,285,85000,732107,164981,41245,36394,242620
2024-10,HX-C0113,4,0,1,22627125,285,85000,729873,163386,40846,36042,240274
2024-11,HX-C0113,4,0,1,23188988,285,85000,745886,165854,41463,36587,243904
2024-12,HX-C0113,4,0,1,23831404,285,85000,764195,168782,42195,37233,248210
2025-01,HX-C0113,4,0,1,24230777,285,85000,775577,170136,42534,37531,250201
2025-02,HX-C0113,4,0,1,24486525,285,85000,782865,170563,42640,37626,250829
2025-03,HX-C0113,4,0,1,25516628,285,85000,812223,175745,43936,38768,258449
2025-04,HX-C0113,4,0,1,26246854,285,85000,833035,179002,44750,39487,263239
2025-05,HX-C0113,4,0,1,26883554,285,85000,851181,181628,45407,40065,267100
2025-06,HX-C0113,4,0,1,27022889,285,85000,855152,181196,45299,39970,266465
2025-07,HX-C0113,4,0,1,27494440,285,85000,868591,182744,45686,40312,268742
2025-08,HX-C0113,4,0,1,28111002,285,85000,886163,185115,46278,40836,272229
2025-09,HX-C0113,4,0,1,29212592,285,85000,917558,190301,47575,41979,279855
2025-10,HX-C0113,4,0,1,30365213,285,85000,950408,195692,48923,43168,287783
2025-11,HX-C0113,4,0,1,31157208,285,85000,972980,198884,49721,43872,292477
2025-12,HX-C0113,4,0,1,32422246,285,85000,1009034,204744,51186,45165,301095
2026-01,HX-C0113,4,0,1,32437222,285,85000,1009460,203321,50830,44851,299002
2026-02,HX-C0113,4,0,1,32567502,285,85000,1013173,202552,50638,44682,297872
2026-03,HX-C0113,4,0,1,33101205,285,85000,1028384,204055,51013,45014,300082
2026-04,HX-C0113,4,0,1,33533808,285,85000,1040713,204945,51236,45209,301390
2026-05,HX-C0113,4,0,1,34302325,285,85000,1062616,207668,51917,45810,305395
2026-06,HX-C0113,4,0,1,36016054,285,85000,1111457,215551,53887,47549,316987
2026-07,HX-C0113,4,0,1,36509937,285,85000,1125533,216597,54149,47779,318525
2024-05,HX-C0114,3,0,1,58583663,285,85000,1754634,405909,101477,89540,596926
2024-06,HX-C0114,3,0,1,59203258,285,85000,1772292,407343,101835,89856,599034
2024-07,HX-C0114,3,0,1,60558544,285,85000,1810918,413512,103378,91216,608106
2024-08,HX-C0114,3,0,1,62141654,285,85000,1856037,421037,105259,92877,619173
2024-09,HX-C0114,3,0,1,63626307,285,85000,1898349,427796,106949,94367,629112
2024-10,HX-C0114,3,0,1,64337778,285,85000,1918626,429495,107373,94743,631611
2024-11,HX-C0114,3,0,1,67185698,285,85000,1999792,444673,111168,98090,653931
2024-12,HX-C0114,3,0,1,68147221,285,85000,2027195,447733,111933,98766,658432
2025-01,HX-C0114,3,0,1,70149635,285,85000,2084264,457220,114305,100858,672383
2025-02,HX-C0114,3,0,1,72856679,285,85000,2161415,470911,117727,103879,692517
2025-03,HX-C0114,3,0,1,76732363,285,85000,2271872,491578,122894,108437,722909
2025-04,HX-C0114,3,0,1,80033721,285,85000,2365961,508397,127099,112147,747643
2025-05,HX-C0114,3,0,1,83902224,285,85000,2476213,528383,132095,116557,777035
2025-06,HX-C0114,3,0,1,85289873,285,85000,2515761,533059,133264,117588,783911
2025-07,HX-C0114,3,0,1,87492515,285,85000,2578536,542503,135625,119671,797799
2025-08,HX-C0114,3,0,1,89118424,285,85000,2624875,548325,137081,120955,806361
2025-09,HX-C0114,3,0,1,91857382,285,85000,2702935,560588,140147,123660,824395
2025-10,HX-C0114,3,0,1,95729101,285,85000,2813279,579264,144816,127780,851860
2025-11,HX-C0114,3,0,1,99287625,285,85000,2914697,595786,148946,131425,876157
2025-12,HX-C0114,3,0,1,100910109,285,85000,2960938,600809,150202,132532,883543
2026-01,HX-C0114,3,0,1,102491065,285,85000,3005995,605455,151363,133557,890375
2026-02,HX-C0114,3,0,1,106718817,285,85000,3126486,625046,156261,137879,919186
2026-03,HX-C0114,3,0,1,109930853,285,85000,3218029,638533,159633,140854,939020
2026-04,HX-C0114,3,0,1,114611236,285,85000,3351420,659988,164997,145586,970571
2026-05,HX-C0114,3,0,1,119370561,285,85000,3487060,681483,170370,150328,1002181
2026-06,HX-C0114,3,0,1,122993897,285,85000,3590326,696292,174073,153595,1023960
2026-07,HX-C0114,3,0,1,128371331,285,85000,3743582,720414,180103,158916,1059433
2023-08,HX-C0115,0,0,1,8402425,285,85000,324469,79429,19857,17522,116808
2023-09,HX-C0115,0,0,1,8610488,285,85000,330398,80386,20096,17734,118216
2023-10,HX-C0115,0,0,1,8761206,285,85000,334694,80931,20232,17854,119017
2023-11,HX-C0115,0,0,1,8887746,285,85000,338300,81297,20324,17934,119555
2023-12,HX-C0115,0,0,1,9101203,285,85000,344384,82243,20560,18144,120947
2024-01,HX-C0115,0,0,1,9276642,285,85000,349384,82915,20728,18292,121935
2024-02,HX-C0115,0,0,1,9399887,285,85000,352896,83221,20805,18358,122384
2024-03,HX-C0115,0,0,1,9578283,285,85000,357981,83884,20971,18505,123360
2024-04,HX-C0115,0,0,1,9797365,285,85000,364224,84802,21200,18708,124710
2024-05,HX-C0115,0,0,1,9997214,285,85000,369920,85575,21393,18878,125846
2024-06,HX-C0115,0,0,1,10288093,285,85000,378210,86927,21731,19176,127834
2024-07,HX-C0115,0,0,1,10617174,285,85000,387589,88503,22125,19524,130152
2024-08,HX-C0115,0,0,1,10933286,285,85000,396598,89967,22491,19847,132305
2024-09,HX-C0115,0,0,1,11109459,285,85000,401619,90505,22626,19965,133096
2024-10,HX-C0115,0,0,1,11193346,285,85000,404010,90440,22610,19950,133000
2024-11,HX-C0115,0,0,1,11615968,285,85000,416055,92513,23128,20408,136049
2024-12,HX-C0115,0,0,1,12013141,285,85000,427374,94391,23597,20823,138811
2025-01,HX-C0115,0,0,1,12154102,285,85000,431391,94632,23658,20876,139166
2025-02,HX-C0115,0,0,1,12470104,285,85000,440397,95950,23987,21166,141103
2025-03,HX-C0115,0,0,1,12830657,285,85000,450673,97514,24378,21512,143404
2025-04,HX-C0115,0,0,1,13124211,285,85000,459040,98638,24659,21759,145056
2025-05,HX-C0115,0,0,1,13503134,285,85000,469839,100255,25063,22117,147435
2025-06,HX-C0115,0,0,1,14014556,285,85000,484414,102641,25660,22642,150943
2025-07,HX-C0115,0,0,1,14524009,285,85000,498934,104971,26242,23157,154370
2025-08,HX-C0115,0,0,1,14981978,285,85000,511986,106951,26737,23594,157282
2025-09,HX-C0115,0,0,1,15511917,285,85000,527089,109318,27329,24115,160762
2025-10,HX-C0115,0,0,1,15963329,285,85000,539954,111178,27794,24526,163498
2025-11,HX-C0115,0,0,1,16541135,285,85000,556422,113736,28434,25090,167260
2025-12,HX-C0115,0,0,0,0,285,0,0,0,0,0,0
2026-01,HX-C0115,0,0,0,0,285,0,0,0,0,0,0
2026-02,HX-C0115,0,0,0,0,285,0,0,0,0,0,0
2026-03,HX-C0115,0,0,0,0,285,0,0,0,0,0,0
2026-04,HX-C0115,0,0,0,0,285,0,0,0,0,0,0
2026-05,HX-C0115,0,0,0,0,285,0,0,0,0,0,0
2026-06,HX-C0115,0,0,0,0,285,0,0,0,0,0,0
2026-07,HX-C0115,0,0,0,0,285,0,0,0,0,0,0
2025-02,HX-C0116,6,0,1,10376739,285,85000,380737,82951,20737,18300,121988
2025-03,HX-C0116,6,0,1,10984994,285,85000,398072,86132,21533,19001,126666
2025-04,HX-C0116,6,0,1,11207862,285,85000,404424,86901,21725,19171,127797
2025-05,HX-C0116,6,0,1,11436808,285,85000,410949,87689,21922,19344,128955
2025-06,HX-C0116,6,0,1,11719581,285,85000,419008,88782,22195,19585,130562
2025-07,HX-C0116,6,0,1,11833667,285,85000,422259,88839,22209,19598,130646
2025-08,HX-C0116,6,0,1,11903164,285,85000,424240,88621,22155,19550,130326
2025-09,HX-C0116,6,0,1,12377071,285,85000,437746,90788,22697,20027,133512
2025-10,HX-C0116,6,0,1,12661725,285,85000,445859,91804,22951,20251,135006
2025-11,HX-C0116,6,0,1,13305570,285,85000,464208,94887,23721,20932,139540
2025-12,HX-C0116,6,0,1,13666030,285,85000,474481,96277,24069,21239,141585
2026-01,HX-C0116,6,0,1,13770821,285,85000,477468,96169,24042,21215,141426
2026-02,HX-C0116,6,0,1,13747613,285,85000,476806,95322,23830,21028,140180
2026-03,HX-C0116,6,0,1,14216155,285,85000,490160,97259,24314,21455,143028
2026-04,HX-C0116,6,0,1,15078023,285,85000,514723,101362,25340,22361,149063
2026-05,HX-C0116,6,0,1,15292984,285,85000,520850,101790,25447,22455,149692
2026-06,HX-C0116,6,0,1,15878265,285,85000,537530,104246,26061,22996,153303
2026-07,HX-C0116,6,0,1,16165096,285,85000,545705,105015,26253,23166,154434
2026-02,HX-C0117,10,0,1,25121221,285,85000,800954,160126,40031,35323,235480
2026-03,HX-C0117,10,0,1,25518808,285,85000,812286,161177,40294,35554,237025
2026-04,HX-C0117,10,0,1,26342271,285,85000,835754,164583,41145,36306,242034
2026-05,HX-C0117,10,0,1,27005368,285,85000,854652,167025,41756,36845,245626
2026-06,HX-C0117,10,0,1,28053528,285,85000,884525,171540,42885,37841,252266
2026-07,HX-C0117,10,0,1,28522252,285,85000,897884,172788,43197,38116,254101
2024-02,HX-C0118,2,0,1,50584806,285,85000,1526666,360023,90005,79419,529447
2024-03,HX-C0118,2,0,1,51658593,285,85000,1557269,364911,91227,80496,536634
2024-04,HX-C0118,2,0,1,52827420,285,85000,1590581,370337,92584,81693,544614
2024-05,HX-C0118,2,0,1,53682476,285,85000,1614950,373595,93398,82412,549405
2024-06,HX-C0118,2,0,1,54983979,285,85000,1652043,379705,94926,83759,558390
2024-07,HX-C0118,2,0,1,57165921,285,85000,1714228,391433,97858,86346,575637
2024-08,HX-C0118,2,0,1,58630467,285,85000,1755968,398337,99584,87869,585790
2024-09,HX-C0118,2,0,1,60991645,285,85000,1823261,410875,102718,90635,604228
2024-10,HX-C0118,2,0,1,60988121,285,85000,1823161,408125,102031,90028,600184
2024-11,HX-C0118,2,0,1,62259510,285,85000,1859396,413454,103363,91205,608022
2024-12,HX-C0118,2,0,1,64097459,285,85000,1911777,422242,105560,93143,620945
2025-01,HX-C0118,2,0,1,67503054,285,85000,2008837,440674,110168,97208,648050
2025-02,HX-C0118,2,0,1,70609408,285,85000,2097368,456957,114239,100800,671996
2025-03,HX-C0118,2,0,1,72463520,285,85000,2150210,465253,116313,102630,684196
2025-04,HX-C0118,2,0,1,73812694,285,85000,2188661,470298,117574,103744,691616
2025-05,HX-C0118,2,0,1,75285560,285,85000,2230638,475982,118995,104997,699974
2025-06,HX-C0118,2,0,1,78297223,285,85000,2316470,490832,122708,108272,721812
2025-07,HX-C0118,2,0,1,80195598,285,85000,2370574,498749,124687,110019,733455
2025-08,HX-C0118,2,0,1,81152622,285,85000,2397849,500900,125225,110494,736619
2025-09,HX-C0118,2,0,1,83715314,285,85000,2470886,512461,128115,113044,753620
2025-10,HX-C0118,2,0,1,84836969,285,85000,2502853,515346,128836,113681,757863
2025-11,HX-C0118,2,0,1,87030708,285,85000,2565375,524382,131095,115674,771151
2025-12,HX-C0118,2,0,1,88390718,285,85000,2604135,528409,132102,116562,777073
2026-01,HX-C0118,2,0,1,89585924,285,85000,2638198,531375,132843,117216,781434
2026-02,HX-C0118,2,0,1,92356198,285,85000,2717151,543212,135803,119827,798842
2026-03,HX-C0118,2,0,1,93565309,285,85000,2751611,545985,136496,120439,802920
2026-04,HX-C0118,2,0,1,95979729,285,85000,2820422,555419,138854,122521,816794
2026-05,HX-C0118,2,0,1,99295766,285,85000,2914929,569670,142417,125663,837750
2026-06,HX-C0118,2,0,1,102653523,285,85000,3010625,583868,145967,128795,858630
2026-07,HX-C0118,2,0,1,106287678,285,85000,3114198,599296,149824,132198,881318
2024-08,HX-C0119,4,0,1,25258946,235,85000,678585,153935,38483,33957,226375
2024-09,HX-C0119,4,0,1,26041986,235,85000,696986,157067,39266,34648,230981
2024-10,HX-C0119,4,0,1,26719274,235,85000,712902,159587,39896,35204,234687
2024-11,HX-C0119,4,0,1,27699891,235,85000,735947,163644,40911,36099,240654
2024-12,HX-C0119,4,0,1,28439604,235,85000,753330,166383,41595,36703,244681
2025-01,HX-C0119,4,0,1,29275918,235,85000,772984,169567,42391,37406,249364
2025-02,HX-C0119,4,0,1,29976876,235,85000,789456,171999,42999,37943,252941
2025-03,HX-C0119,4,0,1,30514910,235,85000,802100,173555,43388,38285,255228
2025-04,HX-C0119,4,0,1,31806444,235,85000,832451,178876,44719,39459,263054
2025-05,HX-C0119,4,0,1,33164718,235,85000,864370,184442,46110,40687,271239
2025-06,HX-C0119,4,0,1,33815540,235,85000,879665,186390,46597,41116,274103
2025-07,HX-C0119,4,0,1,34582258,235,85000,897683,188865,47216,41662,277743
2025-08,HX-C0119,4,0,1,35401589,235,85000,916937,191544,47886,42253,281683
2025-09,HX-C0119,4,0,1,37025277,235,85000,955094,198086,49521,43696,291303
2025-10,HX-C0119,4,0,1,38567210,235,85000,991329,204118,51029,45027,300174
2025-11,HX-C0119,4,0,1,38899096,235,85000,999128,204229,51057,45051,300337
2025-12,HX-C0119,4,0,1,40266347,235,85000,1031259,209254,52313,46160,307727
2026-01,HX-C0119,4,0,1,42257073,235,85000,1078041,217134,54283,47898,319315
2026-02,HX-C0119,4,0,1,43578548,235,85000,1109095,221729,55432,48912,326073
2026-03,HX-C0119,4,0,1,44405461,235,85000,1128528,223926,55981,49397,329304
2026-04,HX-C0119,4,0,0,0,235,0,0,0,0,0,0
2026-05,HX-C0119,4,0,0,0,235,0,0,0,0,0,0
2026-06,HX-C0119,4,0,0,0,235,0,0,0,0,0,0
2026-07,HX-C0119,4,0,0,0,235,0,0,0,0,0,0
2024-02,HX-C0120,2,0,1,28936589,285,85000,909692,214527,53631,47323,315481
2024-03,HX-C0120,2,0,1,30019184,285,85000,940546,220396,55099,48617,324112
2024-04,HX-C0120,2,0,1,30403401,285,85000,951496,221538,55384,48870,325792
2024-05,HX-C0120,2,0,1,31319251,285,85000,977598,226153,56538,49887,332578
2024-06,HX-C0120,2,0,1,31681544,285,85000,987924,227064,56766,50088,333918
2024-07,HX-C0120,2,0,1,33080888,285,85000,1027805,234692,58673,51771,345136
2024-08,HX-C0120,2,0,1,34040731,285,85000,1055160,239360,59840,52801,352001
2024-09,HX-C0120,2,0,1,35197093,285,85000,1088117,245208,61302,54091,360601
2024-10,HX-C0120,2,0,1,36383349,285,85000,1121925,251149,62787,55401,369337
2024-11,HX-C0120,2,0,1,37589270,285,85000,1156294,257113,64278,56717,378108
2024-12,HX-C0120,2,0,1,38593450,285,85000,1184913,261704,65426,57729,384859
2025-01,HX-C0120,2,0,1,40147149,285,85000,1229193,269645,67411,59481,396537
2025-02,HX-C0120,2,0,1,41118879,285,85000,1256888,273840,68460,60406,402706
2025-03,HX-C0120,2,0,1,43222140,285,85000,1316830,284930,71232,62853,419015
2025-04,HX-C0120,2,0,1,43858551,285,85000,1334968,286857,71714,63278,421849
2025-05,HX-C0120,2,0,1,44389621,285,85000,1350104,288090,72022,63550,423662
2025-06,HX-C0120,2,0,1,46707682,285,85000,1416168,300068,75017,66192,441277
2025-07,HX-C0120,2,0,1,47265200,285,85000,1432058,301293,75323,66462,443078
2025-08,HX-C0120,2,0,1,47621310,285,85000,1442207,301270,75317,66458,443045
2025-09,HX-C0120,2,0,1,49159957,285,85000,1486058,308207,77051,67989,453247
2025-10,HX-C0120,2,0,1,51169122,285,85000,1543319,317774,79443,70099,467316
2025-11,HX-C0120,2,0,1,52063157,285,85000,1568799,320674,80168,70738,471580
2025-12,HX-C0120,2,0,1,53931693,285,85000,1622053,329133,82283,72604,484020
2026-01,HX-C0120,2,0,1,54406404,285,85000,1635582,329432,82358,72669,484459
2026-02,HX-C0120,2,0,1,55209666,285,85000,1658475,331561,82890,73140,487591
2026-03,HX-C0120,2,0,1,56224643,285,85000,1687402,334820,83705,73858,492383
2026-04,HX-C0120,2,0,1,57119869,285,85000,1712916,337320,84330,74410,496060
2026-05,HX-C0120,2,0,1,59285836,285,85000,1774646,346822,86705,76506,510033
2026-06,HX-C0120,2,0,1,60839331,285,85000,1818920,352753,88188,77814,518755
2026-07,HX-C0120,2,0,1,61579031,285,85000,1840002,354089,88522,78109,520720
2024-08,HX-C0121,4,0,1,9825199,285,85000,365018,82803,20700,18267,121770
2024-09,HX-C0121,4,0,1,10140259,285,85000,373997,84280,21070,18592,123942
2024-10,HX-C0121,4,0,1,10422963,285,85000,382054,85524,21381,18867,125772
2024-11,HX-C0121,4,0,1,10961595,285,85000,397405,88366,22091,19494,129951
2024-12,HX-C0121,4,0,1,11086480,285,85000,400964,88558,22139,19536,130233
2025-01,HX-C0121,4,0,1,11637959,285,85000,416681,91406,22851,20164,134421
2025-02,HX-C0121,4,0,1,11832963,285,85000,422239,91993,22998,20294,135285
2025-03,HX-C0121,4,0,1,12235333,285,85000,433706,93843,23460,20702,138005
2025-04,HX-C0121,4,0,1,12762719,285,85000,448737,96424,24106,21270,141800
2025-05,HX-C0121,4,0,1,12945953,285,85000,453959,96867,24216,21369,142452
2025-06,HX-C0121,4,0,1,13267313,285,85000,463118,98128,24532,21647,144307
2025-07,HX-C0121,4,0,1,13714879,285,85000,475874,100119,25029,22087,147235
2025-08,HX-C0121,4,0,1,13966426,285,85000,483043,100905,25226,22259,148390
2025-09,HX-C0121,4,0,1,14398751,285,85000,495364,102738,25684,22664,151086
2025-10,HX-C0121,4,0,1,14731740,285,85000,504854,103950,25987,22932,152869
2025-11,HX-C0121,4,0,1,15264758,285,85000,520045,106301,26575,23449,156325
2025-12,HX-C0121,4,0,1,15462513,285,85000,525681,106666,26666,23531,156863
2026-01,HX-C0121,4,0,1,15858511,285,85000,536967,108153,27038,23858,159049
2026-02,HX-C0121,4,0,1,16137635,285,85000,544922,108940,27235,24032,160207
2026-03,HX-C0121,4,0,1,16397976,285,85000,552342,109597,27399,24177,161173
2026-04,HX-C0121,4,0,1,17217487,285,85000,575698,113370,28342,25010,166722
2026-05,HX-C0121,4,0,1,17374834,285,85000,580182,113385,28346,25013,166744
2026-06,HX-C0121,4,0,1,17742629,285,85000,590664,114550,28637,25270,168457
2026-07,HX-C0121,4,0,1,18270172,285,85000,605699,116560,29140,25712,171412
2025-08,HX-C0122,8,0,1,106443935,235,85000,2586432,540294,135073,119184,794551
2025-09,HX-C0122,8,0,1,108930728,235,85000,2644872,548545,137136,121004,806685
2025-10,HX-C0122,8,0,1,111193443,235,85000,2698045,555538,138884,122546,816968
2025-11,HX-C0122,8,0,1,112159135,235,85000,2720739,556140,139035,122679,817854
2025-12,HX-C0122,8,0,1,115354824,235,85000,2795838,567309,141827,125142,834278
2026-01,HX-C0122,8,0,1,117068499,235,85000,2836109,571237,142809,126009,840055
2026-02,HX-C0122,8,0,1,118055948,235,85000,2859314,571633,142908,126097,840638
2026-03,HX-C0122,8,0,1,121522142,235,85000,2940770,583518,145879,128719,858116
2026-04,HX-C0122,8,0,1,123627077,235,85000,2990236,588860,147215,129897,865972
2026-05,HX-C0122,8,0,1,123585496,235,85000,2989259,584196,146049,128868,859113
2026-06,HX-C0122,8,0,1,129967164,235,85000,3139228,608808,152202,134297,895307
2026-07,HX-C0122,8,0,1,133466643,235,85000,3221466,619938,154984,136752,911674
2025-05,HX-C0123,7,0,1,17633621,285,85000,587558,125375,31343,27657,184375
2025-06,HX-C0123,7,0,1,18361842,285,85000,608312,128894,32223,28433,189550
2025-07,HX-C0123,7,0,1,18869423,285,85000,622778,131027,32756,28904,192687
2025-08,HX-C0123,7,0,1,19169111,285,85000,631319,131879,32969,29093,193941
2025-09,HX-C0123,7,0,1,19286411,285,85000,634662,131628,32907,29036,193571
2025-10,HX-C0123,7,0,1,19759268,285,85000,648139,133454,33363,29439,196256
2025-11,HX-C0123,7,0,1,20231094,285,85000,661586,135232,33808,29832,198872
2025-12,HX-C0123,7,0,1,21042212,285,85000,684703,138934,34733,30648,204315
2026-01,HX-C0123,7,0,1,22067628,285,85000,713927,143796,35949,31720,211465
2026-02,HX-C0123,7,0,1,22318324,285,85000,721072,144156,36039,31800,211995
2026-03,HX-C0123,7,0,1,22656066,285,85000,730697,144987,36246,31984,213217
2026-04,HX-C0123,7,0,1,23563629,285,85000,756563,148988,37247,32865,219100
2026-05,HX-C0123,7,0,1,23958366,285,85000,767813,150054,37513,33102,220669
2026-06,HX-C0123,7,0,1,24496252,285,85000,783143,151879,37969,33504,223352
2026-07,HX-C0123,7,0,1,24801663,285,85000,791847,152382,38095,33615,224092
2024-05,HX-C0124,3,0,1,27314391,285,85000,863460,199749,49937,44063,293749
2024-06,HX-C0124,3,0,1,28093204,285,85000,885656,203558,50889,44904,299351
2024-07,HX-C0124,3,0,1,28161540,285,85000,887603,202678,50669,44710,298057
2024-08,HX-C0124,3,0,1,28108028,285,85000,886078,201004,50251,44340,295595
2024-09,HX-C0124,3,0,1,28783682,285,85000,905334,204018,51004,45005,300027
2024-10,HX-C0124,3,0,1,29533149,285,85000,926694,207445,51861,45761,305067
2024-11,HX-C0124,3,0,1,30540491,285,85000,955403,212442,53110,46864,312416
2024-12,HX-C0124,3,0,1,31745429,285,85000,989744,218598,54649,48221,321468
2025-01,HX-C0124,3,0,1,32401419,285,85000,1008440,221218,55304,48800,325322
2025-02,HX-C0124,3,0,1,33377813,285,85000,1036267,225772,56443,49804,332019
2025-03,HX-C0124,3,0,1,34338264,285,85000,1063640,230146,57536,50768,338450
2025-04,HX-C0124,3,0,1,34535269,285,85000,1069255,229761,57440,50683,337884
2025-05,HX-C0124,3,0,0,0,285,0,0,0,0,0,0
2025-06,HX-C0124,3,0,0,0,285,0,0,0,0,0,0
2025-07,HX-C0124,3,0,0,0,285,0,0,0,0,0,0
2025-08,HX-C0124,3,0,0,0,285,0,0,0,0,0,0
2025-09,HX-C0124,3,0,0,0,285,0,0,0,0,0,0
2025-10,HX-C0124,3,0,0,0,285,0,0,0,0,0,0
2025-11,HX-C0124,3,0,0,0,285,0,0,0,0,0,0
2025-12,HX-C0124,3,0,0,0,285,0,0,0,0,0,0
2026-01,HX-C0124,3,0,0,0,285,0,0,0,0,0,0
2026-02,HX-C0124,3,0,0,0,285,0,0,0,0,0,0
2026-03,HX-C0124,3,0,0,0,285,0,0,0,0,0,0
2026-04,HX-C0124,3,0,0,0,285,0,0,0,0,0,0
2026-05,HX-C0124,3,0,0,0,285,0,0,0,0,0,0
2026-06,HX-C0124,3,0,0,0,285,0,0,0,0,0,0
2026-07,HX-C0124,3,0,0,0,285,0,0,0,0,0,0
2025-11,HX-C0125,9,0,1,5891737,235,85000,223455,45675,11418,10077,67170
2025-12,HX-C0125,9,0,1,6113118,235,85000,228658,46397,11599,10235,68231
2026-01,HX-C0125,9,0,1,6348533,235,85000,234190,47169,11792,10406,69367
2026-02,HX-C0125,9,0,1,6566139,235,85000,239304,47841,11960,10554,70355
2026-03,HX-C0125,9,0,1,6729284,235,85000,243138,48243,12060,10644,70947
2026-04,HX-C0125,9,0,1,6962128,235,85000,248610,48957,12239,10801,71997
2026-05,HX-C0125,9,0,1,6990413,235,85000,249274,48715,12178,10748,71641
2026-06,HX-C0125,9,0,1,7137204,235,85000,252724,49011,12252,10813,72076
2026-07,HX-C0125,9,0,1,7143562,235,85000,252873,48662,12165,10736,71563
2024-08,HX-C0126,4,0,1,6532657,285,85000,271180,61516,15379,13570,90465
2024-09,HX-C0126,4,0,1,6665880,285,85000,274977,61966,15491,13670,91127
2024-10,HX-C0126,4,0,1,6885481,285,85000,281236,62955,15738,13889,92582
2024-11,HX-C0126,4,0,1,7146355,285,85000,288671,64188,16047,14160,94395
2024-12,HX-C0126,4,0,1,7456619,285,85000,297513,65709,16427,14496,96632
2025-01,HX-C0126,4,0,1,7608387,285,85000,301839,66213,16553,14607,97373
2025-02,HX-C0126,4,0,1,7848049,285,85000,308669,67249,16812,14836,98897
2025-03,HX-C0126,4,0,1,8257599,285,85000,320341,69313,17328,15291,101932
2025-04,HX-C0126,4,0,1,8529318,285,85000,328085,70498,17624,15552,103674
2025-05,HX-C0126,4,0,1,8775911,285,85000,335113,71507,17876,15775,105158
2025-06,HX-C0126,4,0,1,9159244,285,85000,346038,73321,18330,16174,107825
2025-07,HX-C0126,4,0,1,9397655,285,85000,352833,74232,18558,16376,109166
2025-08,HX-C0126,4,0,1,9714080,285,85000,361851,75588,18897,16675,111160
2025-09,HX-C0126,4,0,1,10142134,285,85000,374050,77577,19394,17114,114085
2025-10,HX-C0126,4,0,1,10086887,285,85000,372476,76693,19173,16919,112785
2025-11,HX-C0126,4,0,1,10271467,285,85000,377736,77211,19302,17034,113547
2025-12,HX-C0126,4,0,1,10373504,285,85000,380644,77237,19309,17038,113584
2026-01,HX-C0126,4,0,1,10806023,285,85000,392971,79150,19787,17461,116398
2026-02,HX-C0126,4,0,1,11349473,285,85000,408459,81658,20414,18014,120086
2026-03,HX-C0126,4,0,1,11278544,285,85000,406438,80646,20161,17791,118598
2026-04,HX-C0126,4,0,1,11848540,285,85000,422683,83237,20809,18362,122408
2026-05,HX-C0126,4,0,1,12082043,285,85000,429338,83905,20976,18510,123391
2026-06,HX-C0126,4,0,1,12184021,285,85000,432244,83827,20956,18492,123275
2026-07,HX-C0126,4,0,1,12307581,285,85000,435766,83858,20964,18499,123321
2025-05,HX-C0127,7,0,1,20630375,285,85000,672965,143599,35899,31678,211176
2025-06,HX-C0127,7,0,1,21062169,285,85000,685271,145200,36300,32030,213530
2025-07,HX-C0127,7,0,1,21353757,285,85000,693582,145923,36480,32191,214594
2025-08,HX-C0127,7,0,1,21937306,285,85000,710213,148360,37090,32727,218177
2025-09,HX-C0127,7,0,1,22600250,285,85000,729107,151216,37804,33357,222377
2025-10,HX-C0127,7,0,1,23433018,285,85000,752841,155012,38753,34195,227960
2025-11,HX-C0127,7,0,1,24352575,285,85000,779048,159243,39810,35128,234181
2025-12,HX-C0127,7,0,1,24674730,285,85000,788229,159940,39985,35282,235207
2026-01,HX-C0127,7,0,1,25605736,285,85000,814763,164105,41026,36201,241332
2026-02,HX-C0127,7,0,1,26324131,285,85000,835237,166980,41745,36834,245559
2026-03,HX-C0127,7,0,1,27528361,285,85000,869558,172541,43135,38061,253737
2026-04,HX-C0127,7,0,1,28363237,285,85000,893352,175925,43981,38808,258714
2026-05,HX-C0127,7,0,1,28875555,285,85000,907953,177442,44360,39143,260945
2026-06,HX-C0127,7,0,1,29137291,285,85000,915412,177531,44382,39162,261075
2026-07,HX-C0127,7,0,1,30182519,285,85000,945201,181893,45473,40125,267491
2024-02,HX-C0128,2,0,1,12079403,285,85000,429262,101230,25307,22331,148868
2024-03,HX-C0128,2,0,1,12282421,285,85000,435048,101943,25485,22489,149917
2024-04,HX-C0128,2,0,1,12797177,285,85000,449719,104708,26177,23098,153983
2024-05,HX-C0128,2,0,1,13299837,285,85000,464045,107350,26837,23681,157868
2024-06,HX-C0128,2,0,1,13590100,285,85000,472317,108557,27139,23947,159643
2024-07,HX-C0128,2,0,1,14083293,285,85000,486373,111060,27765,24499,163324
2024-08,HX-C0128,2,0,1,14411975,285,85000,495741,112457,28114,24808,165379
2024-09,HX-C0128,2,0,1,14879878,285,85000,509076,114720,28680,25307,168707
2024-10,HX-C0128,2,0,1,14947659,285,85000,511008,114391,28597,25235,168223
2024-11,HX-C0128,2,0,1,15053214,285,85000,514016,114296,28574,25213,168083
2024-12,HX-C0128,2,0,1,15307502,285,85000,521263,115128,28782,25396,169306
2025-01,HX-C0128,2,0,1,15698091,285,85000,532395,116790,29197,25763,171750
2025-02,HX-C0128,2,0,1,16182560,285,85000,546202,119002,29750,26251,175003
2025-03,HX-C0128,2,0,1,16454209,285,85000,553944,119859,29964,26441,176264
2025-04,HX-C0128,2,0,1,16729271,285,85000,561784,120715,30178,26630,177523
2025-05,HX-C0128,2,0,1,17032888,285,85000,570437,121722,30430,26851,179003
2025-06,HX-C0128,2,0,1,17300367,285,85000,578060,122483,30620,27020,180123
2025-07,HX-C0128,2,0,1,17986297,285,85000,597609,125732,31433,27735,184900
2025-08,HX-C0128,2,0,1,18411251,285,85000,609720,127367,31841,28097,187305
2025-09,HX-C0128,2,0,1,18794943,285,85000,620655,128723,32180,28396,189299
2025-10,HX-C0128,2,0,1,19157786,285,85000,630996,129924,32481,28660,191065
2025-11,HX-C0128,2,0,1,19738810,285,85000,647556,132365,33091,29199,194655
2025-12,HX-C0128,2,0,1,20156176,285,85000,659451,133810,33452,29518,196780
2026-01,HX-C0128,2,0,1,20552977,285,85000,670759,135101,33775,29802,198678
2026-02,HX-C0128,2,0,1,21112679,285,85000,686711,137287,34321,30285,201893
2026-03,HX-C0128,2,0,1,21392426,285,85000,694684,137841,34460,30407,202708
2026-04,HX-C0128,2,0,1,22283075,285,85000,720067,141801,35450,31280,208531
2026-05,HX-C0128,2,0,1,22615159,285,85000,729532,142573,35643,31451,209667
2026-06,HX-C0128,2,0,1,23202704,285,85000,746277,144729,36182,31927,212838
2026-07,HX-C0128,2,0,1,24222678,285,85000,775346,149206,37301,32915,219422
2025-05,HX-C0129,7,0,1,13113292,235,85000,393162,83894,20973,18507,123374
2025-06,HX-C0129,7,0,1,13417431,235,85000,400309,84820,21205,18711,124736
2025-07,HX-C0129,7,0,1,13717895,235,85000,407370,85707,21426,18907,126040
2025-08,HX-C0129,7,0,1,14054286,235,85000,415275,86748,21687,19137,127572
2025-09,HX-C0129,7,0,1,14193207,235,85000,418540,86804,21701,19149,127654
2025-10,HX-C0129,7,0,1,14531120,235,85000,426481,87813,21953,19372,129138
2025-11,HX-C0129,7,0,1,14784331,235,85000,432431,88391,22097,19500,129988
2025-12,HX-C0129,7,0,1,15237906,235,85000,443090,89908,22477,19833,132218
2026-01,HX-C0129,7,0,1,15431060,235,85000,447629,90159,22539,19889,132587
2026-02,HX-C0129,7,0,1,16042816,235,85000,462006,92363,23090,20376,135829
2026-03,HX-C0129,7,0,1,16427545,235,85000,471047,93466,23366,20619,137451
2026-04,HX-C0129,7,0,1,16940754,235,85000,483107,95136,23784,20987,139907
2026-05,HX-C0129,7,0,1,17138418,235,85000,487752,95321,23830,21028,140179
2026-06,HX-C0129,7,0,1,17481314,235,85000,495810,96155,24038,21212,141405
2026-07,HX-C0129,7,0,1,18030463,235,85000,508715,97896,24474,21596,143966
2024-02,HX-C0130,2,0,1,17258615,285,85000,576870,136039,34009,30010,200058
2024-03,HX-C0130,2,0,1,17709191,285,85000,589711,138185,34546,30483,203214
2024-04,HX-C0130,2,0,1,18207903,285,85000,603925,140612,35153,31018,206783
2024-05,HX-C0130,2,0,1,18666686,285,85000,617000,142734,35683,31486,209903
2024-06,HX-C0130,2,0,1,19133432,285,85000,630302,144868,36217,31957,213042
2024-07,HX-C0130,2,0,1,19148863,285,85000,630742,144026,36006,31771,211803
2024-08,HX-C0130,2,0,1,19467069,285,85000,639811,145139,36284,32017,213440
2024-09,HX-C0130,2,0,1,19555542,285,85000,642332,144750,36187,31931,212868
2024-10,HX-C0130,2,0,1,20154283,285,85000,659397,147609,36902,32562,217073
2024-11,HX-C0130,2,0,1,20371039,285,85000,665574,147996,36999,32647,217642
2024-12,HX-C0130,2,0,1,20776873,285,85000,677140,149555,37388,32992,219935
2025-01,HX-C0130,2,0,1,21826296,285,85000,707049,155103,38775,34216,228094
2025-02,HX-C0130,2,0,1,22222921,285,85000,718353,156508,39127,34525,230160
2025-03,HX-C0130,2,0,1,22725522,285,85000,732677,158533,39633,34971,233137
2025-04,HX-C0130,2,0,1,23157404,285,85000,744986,160082,40020,35313,235415
2025-05,HX-C0130,2,0,1,23720481,285,85000,761033,162392,40598,35822,238812
2025-06,HX-C0130,2,0,1,24214504,285,85000,775113,164237,41059,36229,241525
2025-07,HX-C0130,2,0,1,24636521,285,85000,787140,165607,41401,36533,243541
2025-08,HX-C0130,2,0,1,25200364,285,85000,803210,167787,41946,37013,246746
2025-09,HX-C0130,2,0,1,25461276,285,85000,810646,168127,42031,37089,247247
2025-10,HX-C0130,2,0,1,25655274,285,85000,816175,168053,42013,37071,247137
2025-11,HX-C0130,2,0,1,25837808,285,85000,821377,167895,41973,37037,246905
2025-12,HX-C0130,2,0,1,26680647,285,85000,845398,171540,42885,37841,252266
2026-01,HX-C0130,2,0,1,27243869,285,85000,861450,173509,43377,38275,255161
2026-02,HX-C0130,2,0,1,27629489,285,85000,872440,174417,43604,38476,256497
2026-03,HX-C0130,2,0,1,28361600,285,85000,893305,177252,44313,39101,260666
2026-04,HX-C0130,2,0,1,29032188,285,85000,912417,179679,44919,39637,264235
2026-05,HX-C0130,2,0,1,29137982,285,85000,915432,178904,44726,39465,263095
2026-06,HX-C0130,2,0,1,29651950,285,85000,930080,180375,45093,39790,265258
2026-07,HX-C0130,2,0,1,29748476,285,85000,932831,179513,44878,39600,263991
2025-05,HX-C0131,7,0,1,21857137,285,85000,707928,151059,37764,33324,222147
2025-06,HX-C0131,7,0,1,22552608,285,85000,727749,154200,38550,34016,226766
2025-07,HX-C0131,7,0,1,23156594,285,85000,744962,156733,39183,34575,230491
2025-08,HX-C0131,7,0,1,23818749,285,85000,763834,159561,39890,35198,234649
2025-09,HX-C0131,7,0,1,24096839,285,85000,771759,160062,40015,35309,235386
2025-10,HX-C0131,7,0,1,24334891,285,85000,778544,160305,40076,35362,235743
2025-11,HX-C0131,7,0,1,24732001,285,85000,789862,161453,40363,35616,237432
2025-12,HX-C0131,7,0,1,25551210,285,85000,813209,165009,41252,36400,242661
2026-01,HX-C0131,7,0,1,26279770,285,85000,833973,167974,41993,37055,247022
2026-02,HX-C0131,7,0,1,26924921,285,85000,852360,170403,42600,37590,250593
2026-03,HX-C0131,7,0,1,27376125,285,85000,865219,171679,42919,37872,252470
2026-04,HX-C0131,7,0,1,28808465,285,85000,906041,178424,44606,39359,262389
2026-05,HX-C0131,7,0,1,29314954,285,85000,920476,179889,44972,39683,264544
2026-06,HX-C0131,7,0,1,30257219,285,85000,947330,183721,45930,40527,270178
2026-07,HX-C0131,7,0,1,30294752,285,85000,948400,182509,45627,40261,268397
2025-05,HX-C0132,7,0,1,48918845,285,85000,1479187,315634,78908,69626,464168
2025-06,HX-C0132,7,0,1,50181489,285,85000,1515172,321046,80261,70820,472127
2025-07,HX-C0132,7,0,1,51535599,285,85000,1553764,326899,81724,72111,480734
2025-08,HX-C0132,7,0,1,52752411,285,85000,1588443,331818,82954,73197,487969
2025-09,HX-C0132,7,0,1,54054303,285,85000,1625547,337137,84284,74370,495791
2025-10,HX-C0132,7,0,1,56819715,285,85000,1704361,350934,87733,77413,516080
2025-11,HX-C0132,7,0,1,57941395,285,85000,1736329,354919,88729,78292,521940
2025-12,HX-C0132,7,0,1,59837068,285,85000,1790356,363284,90821,80137,534242
2026-01,HX-C0132,7,0,1,59622766,285,85000,1784248,359375,89843,79276,528494
2026-02,HX-C0132,7,0,1,60485611,285,85000,1808839,361622,90405,79771,531798
2026-03,HX-C0132,7,0,1,61828873,285,85000,1847122,366513,91628,80849,538990
2026-04,HX-C0132,7,0,1,62412729,285,85000,1863762,367026,91756,80963,539745
2026-05,HX-C0132,7,0,1,63923948,285,85000,1906832,372655,93163,82205,548023
2026-06,HX-C0132,7,0,1,65496553,285,85000,1951651,378494,94623,83493,556610
2026-07,HX-C0132,7,0,1,67172565,285,85000,1999418,384767,96191,84877,565835
2025-02,HX-C0133,6,0,1,6135575,285,85000,259863,56616,14154,12490,83260
2025-03,HX-C0133,6,0,1,6285684,285,85000,264141,57153,14288,12608,84049
2025-04,HX-C0133,6,0,1,6285000,285,85000,264122,56754,14188,12520,83462
2025-05,HX-C0133,6,0,1,6398700,285,85000,267362,57050,14262,12586,83898
2025-06,HX-C0133,6,0,1,6581225,285,85000,272564,57752,14438,12740,84930
2025-07,HX-C0133,6,0,1,6858301,285,85000,280461,59006,14751,13017,86774
2025-08,HX-C0133,6,0,1,6985152,285,85000,284076,59342,14835,13091,87268
2025-09,HX-C0133,6,0,1,7099022,285,85000,287322,59590,14897,13146,87633
2025-10,HX-C0133,6,0,1,7451484,285,85000,297367,61228,15307,13507,90042
2025-11,HX-C0133,6,0,1,7559170,285,85000,300436,61411,15352,13548,90311
2025-12,HX-C0133,6,0,1,7665759,285,85000,303474,61578,15394,13584,90556
2026-01,HX-C0133,6,0,1,7772780,285,85000,306524,61738,15434,13620,90792
2026-02,HX-C0133,6,0,1,7845213,285,85000,308588,61692,15423,13609,90724
2026-03,HX-C0133,6,0,1,7982381,285,85000,312497,62006,15501,13679,91186
2026-04,HX-C0133,6,0,1,8144308,285,85000,317112,62447,15611,13777,91835
2026-05,HX-C0133,6,0,1,8343773,285,85000,322797,63084,15771,13916,92771
2026-06,HX-C0133,6,0,1,8505418,285,85000,327404,63495,15873,14007,93375
2026-07,HX-C0133,6,0,1,8826231,285,85000,336547,64764,16191,14287,95242
2024-05,HX-C0134,3,0,1,9501620,285,85000,355796,82307,20576,18158,121041
2024-06,HX-C0134,3,0,1,9791865,285,85000,364068,83676,20919,18459,123054
2024-07,HX-C0134,3,0,1,10154448,285,85000,374401,85491,21372,18860,125723
2024-08,HX-C0134,3,0,1,10422224,285,85000,382033,86663,21665,19118,127446
2024-09,HX-C0134,3,0,1,10498512,285,85000,384207,86581,21645,19100,127326
2024-10,HX-C0134,3,0,1,10624158,285,85000,387788,86808,21702,19149,127659
2024-11,HX-C0134,3,0,1,10937842,285,85000,396728,88216,22054,19460,129730
2024-12,HX-C0134,3,0,1,11173011,285,85000,403430,89103,22275,19656,131034
2025-01,HX-C0134,3,0,1,11606258,285,85000,415778,91207,22801,20121,134129
2025-02,HX-C0134,3,0,1,11803182,285,85000,421390,91808,22952,20253,135013
2025-03,HX-C0134,3,0,1,12275424,285,85000,434849,94090,23522,20756,138368
2025-04,HX-C0134,3,0,1,12455118,285,85000,439970,94540,23635,20855,139030
2025-05,HX-C0134,3,0,1,12762617,285,85000,448734,95752,23938,21122,140812
2025-06,HX-C0134,3,0,1,13202656,285,85000,461275,97738,24434,21561,143733
2025-07,HX-C0134,3,0,1,13710915,285,85000,475761,100096,25024,22080,147200
2025-08,HX-C0134,3,0,1,13923454,285,85000,481818,100649,25162,22203,148014
2025-09,HX-C0134,3,0,1,14257910,285,85000,491350,101905,25476,22480,149861
2025-10,HX-C0134,3,0,1,14630310,285,85000,501963,103355,25838,22801,151994
2025-11,HX-C0134,3,0,1,15306948,285,85000,521248,106547,26636,23504,156687
2025-12,HX-C0134,3,0,1,15647448,285,85000,530952,107736,26934,23766,158436
2026-01,HX-C0134,3,0,1,16217478,285,85000,547198,110214,27553,24313,162080
2026-02,HX-C0134,3,0,1,16529069,285,85000,556078,111170,27792,24524,163486
2026-03,HX-C0134,3,0,1,17220341,285,85000,575779,114248,28562,25202,168012
2026-04,HX-C0134,3,0,1,17495021,285,85000,583608,114928,28732,25352,169012
2026-05,HX-C0134,3,0,1,17723510,285,85000,590120,115328,28832,25440,169600
2026-06,HX-C0134,3,0,1,18216030,285,85000,604156,117167,29291,25847,172305
2026-07,HX-C0134,3,0,1,18798032,285,85000,620743,119455,29863,26352,175670
2026-02,HX-C0135,10,0,1,6806102,285,85000,278973,55772,13943,12303,82018
2026-03,HX-C0135,10,0,1,6992523,285,85000,284286,56408,14102,12444,82954
2026-04,HX-C0135,10,0,1,7175969,285,85000,289515,57013,14253,12577,83843
2026-05,HX-C0135,10,0,1,7364033,285,85000,294874,57627,14406,12713,84746
2026-06,HX-C0135,10,0,1,7560321,285,85000,300469,58271,14567,12855,85693
2026-07,HX-C0135,10,0,1,7798555,285,85000,307258,59128,14782,13044,86954
2024-08,HX-C0136,4,0,1,8239974,285,85000,319839,72554,18138,16006,106698
2024-09,HX-C0136,4,0,1,8377864,285,85000,323769,72961,18240,16096,107297
2024-10,HX-C0136,4,0,1,8731664,285,85000,333852,74734,18683,16487,109904
2024-11,HX-C0136,4,0,1,8964296,285,85000,340482,75709,18927,16701,111337
2024-12,HX-C0136,4,0,1,9318240,285,85000,350569,77427,19356,17081,113864
2025-01,HX-C0136,4,0,1,9603475,285,85000,358699,78686,19671,17359,115716
2025-02,HX-C0136,4,0,1,9904462,285,85000,367277,80019,20004,17652,117675
2025-03,HX-C0136,4,0,1,10017390,285,85000,370495,80165,20041,17685,117891
2025-04,HX-C0136,4,0,1,10161252,285,85000,374595,80492,20123,17757,118372
2025-05,HX-C0136,4,0,1,10712110,285,85000,390295,83282,20820,18372,122474
2025-06,HX-C0136,4,0,1,10877317,285,85000,395003,83695,20923,18464,123082
2025-07,HX-C0136,4,0,1,11182646,285,85000,403705,84936,21234,18736,124906
2025-08,HX-C0136,4,0,1,11570182,285,85000,414750,86639,21659,19113,127411
2025-09,HX-C0136,4,0,1,11701396,285,85000,418489,86794,21698,19147,127639
2025-10,HX-C0136,4,0,1,12170411,285,85000,431856,88920,22230,19615,130765
2025-11,HX-C0136,4,0,1,12827009,285,85000,450569,92099,23024,20318,135441
2025-12,HX-C0136,4,0,1,13231889,285,85000,462108,93767,23441,20685,137893
2026-01,HX-C0136,4,0,0,0,285,0,0,0,0,0,0
2026-02,HX-C0136,4,0,0,0,285,0,0,0,0,0,0
2026-03,HX-C0136,4,0,0,0,285,0,0,0,0,0,0
2026-04,HX-C0136,4,0,0,0,285,0,0,0,0,0,0
2026-05,HX-C0136,4,0,0,0,285,0,0,0,0,0,0
2026-06,HX-C0136,4,0,0,0,285,0,0,0,0,0,0
2026-07,HX-C0136,4,0,0,0,285,0,0,0,0,0,0
2024-02,HX-C0137,2,0,1,3235435,235,85000,161032,37974,9493,8378,55845
2024-03,HX-C0137,2,0,1,3239031,235,85000,161117,37753,9438,8329,55520
2024-04,HX-C0137,2,0,1,3263810,235,85000,161699,37648,9412,8305,55365
2024-05,HX-C0137,2,0,1,3305409,235,85000,162677,37632,9408,8302,55342
2024-06,HX-C0137,2,0,1,3395586,235,85000,164796,37876,9469,8356,55701
2024-07,HX-C0137,2,0,1,3456649,235,85000,166231,37957,9489,8374,55820
2024-08,HX-C0137,2,0,1,3564572,235,85000,168767,38284,9571,8445,56300
2024-09,HX-C0137,2,0,1,3638678,235,85000,170508,38424,9606,8476,56506
2024-10,HX-C0137,2,0,1,3733974,235,85000,172748,38670,9667,8531,56868
2024-11,HX-C0137,2,0,1,3788186,235,85000,174022,38695,9673,8537,56905
2024-12,HX-C0137,2,0,1,3849412,235,85000,175461,38752,9688,8549,56989
2025-01,HX-C0137,2,0,1,3904162,235,85000,176747,38772,9693,8553,57018
2025-02,HX-C0137,2,0,1,4090019,235,85000,181115,39459,9864,8706,58029
2025-03,HX-C0137,2,0,1,4137900,235,85000,182240,39431,9857,8700,57988
2025-04,HX-C0137,2,0,1,4259950,235,85000,185108,39775,9943,8776,58494
2025-05,HX-C0137,2,0,1,4351217,235,85000,187253,39956,9989,8814,58759
2025-06,HX-C0137,2,0,1,4535849,235,85000,191592,40596,10149,8955,59700
2025-07,HX-C0137,2,0,1,4628280,235,85000,193764,40766,10191,8993,59950
2025-08,HX-C0137,2,0,1,4774643,235,85000,197204,41195,10298,9088,60581
2025-09,HX-C0137,2,0,1,4853065,235,85000,199047,41282,10320,9107,60709
2025-10,HX-C0137,2,0,1,5008933,235,85000,202709,41738,10434,9208,61380
2025-11,HX-C0137,2,0,1,5151293,235,85000,206055,42119,10529,9292,61940
2025-12,HX-C0137,2,0,1,5161807,235,85000,206302,41860,10465,9235,61560
2026-01,HX-C0137,2,0,1,5384296,235,85000,211530,42605,10651,9399,62655
2026-02,HX-C0137,2,0,1,5499349,235,85000,214234,42829,10707,9448,62984
2026-03,HX-C0137,2,0,1,5587283,235,85000,216301,42918,10729,9469,63116
2026-04,HX-C0137,2,0,1,5688212,235,85000,218672,43062,10765,9500,63327
2026-05,HX-C0137,2,0,1,5783669,235,85000,220916,43173,10793,9525,63491
2026-06,HX-C0137,2,0,1,5914510,235,85000,223990,43439,10859,9583,63881
2026-07,HX-C0137,2,0,1,6047637,235,85000,227119,43706,10926,9642,64274
2026-05,HX-C0138,11,0,1,23198398,285,85000,746154,145821,36455,32168,214444
2026-06,HX-C0138,11,0,1,24486199,285,85000,782856,151823,37955,33492,223270
2026-07,HX-C0138,11,0,1,25217915,285,85000,803710,154665,38666,34118,227449
2025-05,HX-C0139,7,0,1,9545831,285,85000,357056,76189,19047,16808,112044
2025-06,HX-C0139,7,0,1,9783668,285,85000,363834,77091,19272,17007,113370
2025-07,HX-C0139,7,0,1,9951926,285,85000,368629,77556,19389,17108,114053
2025-08,HX-C0139,7,0,1,10233395,285,85000,376651,78680,19670,17357,115707
2025-09,HX-C0139,7,0,1,10506644,285,85000,384439,79732,19933,17588,117253
2025-10,HX-C0139,7,0,1,10730339,285,85000,390814,80469,20117,17752,118338
2025-11,HX-C0139,7,0,1,11055824,285,85000,400090,81781,20445,18041,120267
2025-12,HX-C0139,7,0,1,11216193,285,85000,404661,82110,20527,18113,120750
2026-01,HX-C0139,7,0,1,11403863,285,85000,410010,82581,20645,18218,121444
2026-02,HX-C0139,7,0,1,11618278,285,85000,416120,83190,20797,18352,122339
2026-03,HX-C0139,7,0,1,11945043,285,85000,425433,84415,21103,18623,124141
2026-04,HX-C0139,7,0,1,11896599,285,85000,424053,83507,20876,18422,122805
2026-05,HX-C0139,7,0,1,12507012,285,85000,441449,86272,21568,19032,126872
2026-06,HX-C0139,7,0,1,12782381,285,85000,449297,87134,21783,19222,128139
2026-07,HX-C0139,7,0,1,13235945,285,85000,462224,88950,22237,19622,130809
2025-08,HX-C0140,8,0,1,4669103,285,85000,218069,45553,11388,10049,66990
2025-09,HX-C0140,8,0,1,4844295,285,85000,223062,46262,11565,10206,68033
2025-10,HX-C0140,8,0,1,5025450,285,85000,228225,46992,11748,10366,69106
2025-11,HX-C0140,8,0,1,5148769,285,85000,231739,47368,11842,10450,69660
2025-12,HX-C0140,8,0,1,5325752,285,85000,236783,48046,12011,10599,70656
2026-01,HX-C0140,8,0,1,5443645,285,85000,240143,48368,12092,10670,71130
2026-02,HX-C0140,8,0,1,5632536,285,85000,245527,49085,12271,10828,72184
2026-03,HX-C0140,8,0,1,5756690,285,85000,249065,49420,12355,10902,72677
2026-04,HX-C0140,8,0,1,5970950,285,85000,255172,50249,12562,11086,73897
2026-05,HX-C0140,8,0,1,6137450,285,85000,259917,50796,12699,11205,74700
2026-06,HX-C0140,8,0,1,6076231,285,85000,258172,50068,12517,11045,73630
2026-07,HX-C0140,8,0,1,6280382,285,85000,263990,50802,12700,11207,74709
2024-02,HX-C0141,2,0,1,21392980,285,85000,694699,163826,40956,36139,240921
2024-03,HX-C0141,2,0,1,22101367,285,85000,714888,167518,41879,36953,246350
2024-04,HX-C0141,2,0,1,22505433,285,85000,726404,169129,42282,37309,248720
2024-05,HX-C0141,2,0,1,23390480,285,85000,751628,173878,43469,38356,255703
2024-06,HX-C0141,2,0,1,24119490,285,85000,772405,177528,44382,39162,261072
2024-07,HX-C0141,2,0,1,24772850,285,85000,791026,180625,45156,39845,265626
2024-08,HX-C0141,2,0,1,25280457,285,85000,805493,182724,45681,40307,268712
2024-09,HX-C0141,2,0,1,25856602,285,85000,821913,185219,46304,40858,272381
2024-10,HX-C0141,2,0,1,26802267,285,85000,848864,190023,47505,41918,279446
2024-11,HX-C0141,2,0,1,27209599,285,85000,860473,191334,47833,42207,281374
2024-12,HX-C0141,2,0,1,27755899,285,85000,876043,193485,48371,42682,284538
2025-01,HX-C0141,2,0,1,28372684,285,85000,893621,196031,49007,43244,288282
2025-02,HX-C0141,2,0,1,30020573,285,85000,940586,204926,51231,45206,301363
2025-03,HX-C0141,2,0,1,30652442,285,85000,958594,207416,51854,45754,305024
2025-04,HX-C0141,2,0,1,31152979,285,85000,972859,209047,52261,46115,307423
2025-05,HX-C0141,2,0,1,31407426,285,85000,980111,209139,52284,46135,307558
2025-06,HX-C0141,2,0,1,31814401,285,85000,991710,210130,52532,46354,309016
2025-07,HX-C0141,2,0,1,32796033,285,85000,1019686,214533,53633,47324,315490
2025-08,HX-C0141,2,0,1,34131922,285,85000,1057759,220961,55240,48742,324943
2025-09,HX-C0141,2,0,1,34491638,285,85000,1068011,221505,55376,48862,325743
2025-10,HX-C0141,2,0,0,0,285,0,0,0,0,0,0
2025-11,HX-C0141,2,0,0,0,285,0,0,0,0,0,0
2025-12,HX-C0141,2,0,0,0,285,0,0,0,0,0,0
2026-01,HX-C0141,2,0,0,0,285,0,0,0,0,0,0
2026-02,HX-C0141,2,0,0,0,285,0,0,0,0,0,0
2026-03,HX-C0141,2,0,0,0,285,0,0,0,0,0,0
2026-04,HX-C0141,2,0,0,0,285,0,0,0,0,0,0
2026-05,HX-C0141,2,0,0,0,285,0,0,0,0,0,0
2026-06,HX-C0141,2,0,0,0,285,0,0,0,0,0,0
2026-07,HX-C0141,2,0,0,0,285,0,0,0,0,0,0
2023-11,HX-C0142,1,0,1,39574331,235,85000,1014996,243915,60978,53806,358699
2023-12,HX-C0142,1,0,1,39457464,235,85000,1012250,241741,60435,53326,355502
2024-01,HX-C0142,1,0,1,41413285,235,85000,1058212,251134,62783,55398,369315
2024-02,HX-C0142,1,0,1,42330264,235,85000,1079761,254633,63658,56170,374461
2024-03,HX-C0142,1,0,1,42990617,235,85000,1095279,256654,64163,56616,377433
2024-04,HX-C0142,1,0,1,44017246,235,85000,1119405,260633,65158,57493,383284
2024-05,HX-C0142,1,0,1,45085736,235,85000,1144514,264766,66191,58406,389363
2024-06,HX-C0142,1,0,1,46497156,235,85000,1177683,270678,67669,59709,398056
2024-07,HX-C0142,1,0,1,48290193,235,85000,1219819,278538,69634,61443,409615
2024-08,HX-C0142,1,0,1,49285374,235,85000,1243206,282018,70504,62211,414733
2024-09,HX-C0142,1,0,1,50409400,235,85000,1269620,286111,71527,63114,420752
2024-10,HX-C0142,1,0,1,51340357,235,85000,1291498,289109,72277,63775,425161
2024-11,HX-C0142,1,0,1,51972467,235,85000,1306352,290480,72620,64077,427177
2024-12,HX-C0142,1,0,1,53801135,235,85000,1349326,298017,74504,65740,438261
2025-01,HX-C0142,1,0,1,55150468,235,85000,1381035,302954,75738,66829,445521
2025-02,HX-C0142,1,0,1,55856039,235,85000,1397616,304501,76125,67170,447796
2025-03,HX-C0142,1,0,1,56757121,235,85000,1418792,306992,76748,67719,451459
2025-04,HX-C0142,1,0,1,58005385,235,85000,1448126,311172,77793,68642,457607
2025-05,HX-C0142,1,0,1,59042731,235,85000,1472504,314208,78552,69311,462071
2025-06,HX-C0142,1,0,1,59569184,235,85000,1484875,314627,78656,69404,462687
2025-07,HX-C0142,1,0,1,59761133,235,85000,1489386,313354,78338,69124,460816
2025-08,HX-C0142,1,0,1,60711749,235,85000,1511726,315793,78948,69661,464402
2025-09,HX-C0142,1,0,1,62685444,235,85000,1558107,323150,80787,71285,475222
2025-10,HX-C0142,1,0,1,63575978,235,85000,1579035,325129,81282,71720,478131
2025-11,HX-C0142,1,0,1,66166076,235,85000,1639902,335208,83802,73944,492954
2025-12,HX-C0142,1,0,1,67609053,235,85000,1673812,339636,84909,74920,499465
2026-01,HX-C0142,1,0,1,69775917,235,85000,1724734,347388,86847,76631,510866
2026-02,HX-C0142,1,0,1,74602663,235,85000,1838162,367484,91871,81064,540419
2026-03,HX-C0142,1,0,1,76303922,235,85000,1878142,372667,93166,82208,548041
2026-04,HX-C0142,1,0,1,77395280,235,85000,1903789,374909,93727,82701,551337
2026-05,HX-C0142,1,0,1,79306253,235,85000,1948696,380837,95209,84009,560055
2026-06,HX-C0142,1,0,1,80534242,235,85000,1977554,383518,95879,84601,563998
2026-07,HX-C0142,1,0,1,80917579,235,85000,1986563,382293,95573,84331,562197
2025-02,HX-C0143,6,0,1,23950194,285,85000,767580,167233,41808,36891,245932
2025-03,HX-C0143,6,0,1,24658092,285,85000,787755,170450,42612,37601,250663
2025-04,HX-C0143,6,0,1,25251187,285,85000,804658,172904,43226,38141,254271
2025-05,HX-C0143,6,0,1,25521740,285,85000,812369,173346,43336,38239,254921
2025-06,HX-C0143,6,0,1,25864912,285,85000,822149,174203,43550,38428,256181
2025-07,HX-C0143,6,0,1,26162322,285,85000,830626,174756,43689,38550,256995
2025-08,HX-C0143,6,0,1,27010336,285,85000,854794,178562,44640,39390,262592
2025-09,HX-C0143,6,0,1,27964598,285,85000,881991,182924,45731,40352,269007
2025-10,HX-C0143,6,0,1,28281423,285,85000,891020,183464,45866,40470,269800
2025-11,HX-C0143,6,0,1,29038225,285,85000,912589,186540,46635,41149,274324
2025-12,HX-C0143,6,0,1,29790927,285,85000,934041,189527,47381,41809,278717
2026-01,HX-C0143,6,0,1,29992345,285,85000,939781,189286,47321,41756,278363
2026-02,HX-C0143,6,0,1,30949131,285,85000,967050,193332,48333,42647,284312
2026-03,HX-C0143,6,0,1,32248007,285,85000,1004068,199231,49807,43949,292987
2026-04,HX-C0143,6,0,1,32826791,285,85000,1020563,200977,50244,44334,295555
2026-05,HX-C0143,6,0,1,33719107,285,85000,1045994,204420,51105,45093,300618
2026-06,HX-C0143,6,0,1,33719823,285,85000,1046014,202859,50714,44750,298323
2026-07,HX-C0143,6,0,1,34523278,285,85000,1068913,205701,51425,45376,302502
2026-05,HX-C0144,11,0,1,28614892,285,85000,900524,175990,43997,38823,258810
2026-06,HX-C0144,11,0,1,29222618,285,85000,917844,178002,44500,39267,261769
2026-07,HX-C0144,11,0,1,30066241,285,85000,941887,181256,45314,39984,266554
2025-08,HX-C0145,8,0,1,43978030,285,85000,1338373,279580,69895,61673,411148
2025-09,HX-C0145,8,0,1,44926910,285,85000,1365416,283186,70796,62469,416451
2025-10,HX-C0145,8,0,1,47019080,285,85000,1425043,293422,73355,64726,431503
2025-11,HX-C0145,8,0,1,47561391,285,85000,1440499,294448,73612,64953,433013
2025-12,HX-C0145,8,0,1,47799484,285,85000,1447285,293670,73417,64782,431869
2026-01,HX-C0145,8,0,1,49519712,285,85000,1496311,301380,75345,66482,443207
2026-02,HX-C0145,8,0,1,50061663,285,85000,1511757,302230,75557,66669,444456
2026-03,HX-C0145,8,0,1,50645232,285,85000,1528389,303268,75817,66898,445983
2026-04,HX-C0145,8,0,1,51161154,285,85000,1543092,303877,75969,67033,446879
2026-05,HX-C0145,8,0,1,52793472,285,85000,1589613,310660,77665,68529,456854
2026-06,HX-C0145,8,0,1,53844359,285,85000,1619564,314091,78522,69286,461899
2026-07,HX-C0145,8,0,1,55063978,285,85000,1654323,318357,79589,70227,468173
2024-11,HX-C0146,5,0,1,10475547,235,85000,331175,73639,18409,16246,108294
2024-12,HX-C0146,5,0,1,10612606,235,85000,334396,73855,18463,16293,108611
2025-01,HX-C0146,5,0,1,11021257,235,85000,343999,75462,18865,16647,110974
2025-02,HX-C0146,5,0,1,11388941,235,85000,352640,76829,19207,16949,112985
2025-03,HX-C0146,5,0,1,11503549,235,85000,355333,76884,19221,16961,113066
2025-04,HX-C0146,5,0,1,11815408,235,85000,362662,77928,19482,17191,114601
2025-05,HX-C0146,5,0,1,11758595,235,85000,361326,77101,19275,17008,113384
2025-06,HX-C0146,5,0,1,12215237,235,85000,372058,78834,19708,17391,115933
2025-07,HX-C0146,5,0,1,12611541,235,85000,381371,80237,20059,17700,117996
2025-08,HX-C0146,5,0,1,12997805,235,85000,390448,81562,20390,17993,119945
2025-09,HX-C0146,5,0,1,13228424,235,85000,395867,82102,20525,18112,120739
2025-10,HX-C0146,5,0,1,13711101,235,85000,407210,83846,20961,18496,123303
2025-11,HX-C0146,5,0,1,14226862,235,85000,419331,85714,21428,18908,126050
2025-12,HX-C0146,5,0,1,14572561,235,85000,427455,86735,21683,19134,127552
2026-01,HX-C0146,5,0,1,14562964,235,85000,427229,86050,21512,18983,126545
2026-02,HX-C0146,5,0,1,14782556,235,85000,432390,86442,21610,19070,127122
2026-03,HX-C0146,5,0,1,15144441,235,85000,440894,87483,21870,19299,128652
2026-04,HX-C0146,5,0,1,15285303,235,85000,444204,87475,21868,19298,128641
2026-05,HX-C0146,5,0,1,15666730,235,85000,453168,88563,22140,19537,130240
2026-06,HX-C0146,5,0,1,16003352,235,85000,461078,89419,22354,19726,131499
2026-07,HX-C0146,5,0,1,16500897,235,85000,472771,90979,22744,20071,133794
2025-08,HX-C0147,8,0,1,3340378,285,85000,180200,37642,9410,8305,55357
2025-09,HX-C0147,8,0,1,3458072,285,85000,183555,38069,9517,8398,55984
2025-10,HX-C0147,8,0,1,3510229,285,85000,185041,38100,9525,8405,56030
2025-11,HX-C0147,8,0,1,3534068,285,85000,185720,37962,9490,8375,55827
2025-12,HX-C0147,8,0,1,3621102,285,85000,188201,38188,9547,8424,56159
2026-01,HX-C0147,8,0,1,3697757,285,85000,190386,38346,9586,8460,56392
2026-02,HX-C0147,8,0,1,3792400,285,85000,193083,38600,9650,8516,56766
2026-03,HX-C0147,8,0,1,3858238,285,85000,194959,38684,9671,8534,56889
2026-04,HX-C0147,8,0,1,3880355,285,85000,195590,38516,9629,8497,56642
2026-05,HX-C0147,8,0,1,3966381,285,85000,198041,38702,9675,8539,56916
2026-06,HX-C0147,8,0,1,4094041,285,85000,201680,39112,9778,8629,57519
2026-07,HX-C0147,8,0,1,4226277,285,85000,205448,39535,9883,8723,58141
2024-08,HX-C0148,4,0,1,37956573,285,85000,1166762,264677,66169,58385,389231
2024-09,HX-C0148,4,0,1,38566785,285,85000,1184153,266851,66712,58865,392428
2024-10,HX-C0148,4,0,1,39136112,285,85000,1200379,268711,67177,59276,395164
2024-11,HX-C0148,4,0,1,39806699,285,85000,1219490,271165,67791,59817,398773
2024-12,HX-C0148,4,0,1,40733705,285,85000,1245910,275176,68794,60701,404671
2025-01,HX-C0148,4,0,1,42705182,285,85000,1302097,285638,71409,63009,420056
2025-02,HX-C0148,4,0,1,44181598,285,85000,1344175,292857,73214,64602,430673
2025-03,HX-C0148,4,0,1,45214369,285,85000,1373609,297215,74303,65564,437082
2025-04,HX-C0148,4,0,1,45315918,285,85000,1376503,295782,73945,65247,434974
2025-05,HX-C0148,4,0,1,46248187,285,85000,1403073,299393,74848,66043,440284
2025-06,HX-C0148,4,0,1,47085918,285,85000,1426948,302352,75588,66696,444636
2025-07,HX-C0148,4,0,1,49220538,285,85000,1487785,313017,78254,69049,460320
2025-08,HX-C0148,4,0,1,51099694,285,85000,1541341,321979,80494,71026,473499
2025-09,HX-C0148,4,0,1,51970090,285,85000,1566147,324818,81204,71652,477674
2025-10,HX-C0148,4,0,1,53277970,285,85000,1603422,330150,82537,72829,485516
2025-11,HX-C0148,4,0,1,54473196,285,85000,1637486,334715,83678,73835,492228
2025-12,HX-C0148,4,0,1,56291756,285,85000,1689315,342781,85695,75615,504091
2026-01,HX-C0148,4,0,1,58092010,285,85000,1740622,350588,87647,77337,515572
2026-02,HX-C0148,4,0,1,59159516,285,85000,1771046,354067,88516,78104,520687
2026-03,HX-C0148,4,0,1,59839434,285,85000,1790423,355262,88815,78368,522445
2026-04,HX-C0148,4,0,1,61319583,285,85000,1832608,360891,90222,79610,530723
2026-05,HX-C0148,4,0,1,63192753,285,85000,1885993,368583,92145,81306,542034
2026-06,HX-C0148,4,0,1,65261675,285,85000,1944957,377196,94299,83206,554701
2026-07,HX-C0148,4,0,1,66686716,285,85000,1985571,382102,95525,84289,561916
2023-11,HX-C0149,1,0,1,31979827,285,85000,996425,239452,59863,52821,352136
2023-12,HX-C0149,1,0,1,33389850,285,85000,1036610,247558,61889,54610,364057
2024-01,HX-C0149,1,0,1,34162927,285,85000,1058643,251236,62809,55421,369466
2024-02,HX-C0149,1,0,1,34951715,285,85000,1081123,254954,63738,56241,374933
2024-03,HX-C0149,1,0,1,35821798,285,85000,1105921,259148,64787,57165,381100
2024-04,HX-C0149,1,0,1,36779850,285,85000,1133225,263850,65962,58204,388016
2024-05,HX-C0149,1,0,1,37879341,285,85000,1164561,269404,67351,59428,396183
2024-06,HX-C0149,1,0,1,38210162,285,85000,1173989,269829,67457,59522,396808
2024-07,HX-C0149,1,0,1,38957397,285,85000,1195285,272935,68233,60208,401376
2024-08,HX-C0149,1,0,1,40160651,285,85000,1229578,278927,69731,61529,410187
2024-09,HX-C0149,1,0,1,41869173,285,85000,1278271,288060,72015,63544,423619
2024-10,HX-C0149,1,0,1,43126875,285,85000,1314115,294172,73543,64891,432606
2024-11,HX-C0149,1,0,1,44503811,285,85000,1353358,300932,75233,66383,442548
2024-12,HX-C0149,1,0,1,45619813,285,85000,1385164,305932,76483,67486,449901
2025-01,HX-C0149,1,0,1,46870613,285,85000,1420812,311680,77920,68753,458353
2025-02,HX-C0149,1,0,1,48702645,285,85000,1473025,320930,80232,70795,471957
2025-03,HX-C0149,1,0,1,49956138,285,85000,1508749,326456,81614,72013,480083
2025-04,HX-C0149,1,0,1,51418072,285,85000,1550415,333153,83288,73490,489931
2025-05,HX-C0149,1,0,1,53047584,285,85000,1596856,340743,85185,75165,501093
2025-06,HX-C0149,1,0,1,54530056,285,85000,1639106,347306,86826,76613,510745
2025-07,HX-C0149,1,0,1,57184827,285,85000,1714767,360772,90193,79583,530548
2025-08,HX-C0149,1,0,1,60110741,285,85000,1798156,375627,93906,82860,552393
2025-09,HX-C0149,1,0,1,62738099,285,85000,1873035,388467,97116,85692,571275
2025-10,HX-C0149,1,0,1,63101898,285,85000,1883404,387799,96949,85546,570294
2025-11,HX-C0149,1,0,1,64694751,285,85000,1928800,394261,98565,86971,579797
2025-12,HX-C0149,1,0,1,65805433,285,85000,1960454,397799,99449,87751,584999
2026-01,HX-C0149,1,0,1,68363740,285,85000,2033366,409552,102388,90343,602283
2026-02,HX-C0149,1,0,1,70007953,285,85000,2080226,415878,103969,91739,611586
2026-03,HX-C0149,1,0,1,70485717,285,85000,2093842,415468,103867,91648,610983
2026-04,HX-C0149,1,0,1,72435590,285,85000,2149414,423279,105819,93372,622470
2026-05,HX-C0149,1,0,1,73961961,285,85000,2192915,428565,107141,94537,630243
2026-06,HX-C0149,1,0,1,75963781,285,85000,2249967,436349,109087,96254,641690
2026-07,HX-C0149,1,0,1,77727650,285,85000,2300238,442657,110664,97646,650967
2024-11,HX-C0150,5,0,1,17145971,285,85000,573660,127558,31889,28139,187586
2024-12,HX-C0150,5,0,1,17568149,285,85000,585692,129357,32339,28536,190232
2025-01,HX-C0150,5,0,1,17991280,285,85000,597751,131127,32781,28926,192834
2025-02,HX-C0150,5,0,1,18540587,285,85000,613406,133643,33410,29482,196535
2025-03,HX-C0150,5,0,1,18749373,285,85000,619357,134013,33503,29563,197079
2025-04,HX-C0150,5,0,1,19339444,285,85000,636174,136700,34175,30155,201030
2025-05,HX-C0150,5,0,1,19864822,285,85000,651147,138943,34735,30651,204329
2025-06,HX-C0150,5,0,1,20208427,285,85000,660940,140044,35011,30893,205948
2025-07,HX-C0150,5,0,1,20480471,285,85000,668693,140687,35171,31035,206893
2025-08,HX-C0150,5,0,1,20544309,285,85000,670512,140067,35016,30898,205981
2025-09,HX-C0150,5,0,1,21129105,285,85000,687179,142520,35630,31439,209589
2025-10,HX-C0150,5,0,1,22004018,285,85000,712114,146627,36656,32345,215628
2025-11,HX-C0150,5,0,1,22326097,285,85000,721293,147437,36859,32524,216820
2025-12,HX-C0150,5,0,1,22721383,285,85000,732559,148644,37161,32790,218595
2026-01,HX-C0150,5,0,1,23377153,285,85000,751248,151312,37828,33379,222519
2026-02,HX-C0150,5,0,1,24020245,285,85000,769576,153853,38463,33939,226255
2026-03,HX-C0150,5,0,1,25048087,285,85000,798870,158514,39628,34968,233110
2026-04,HX-C0150,5,0,1,25483964,285,85000,811292,159766,39941,35243,234950
2026-05,HX-C0150,5,0,1,26165643,285,85000,830720,162348,40587,35813,238748
2026-06,HX-C0150,5,0,1,27014412,285,85000,854910,165797,41449,36574,243820
2026-07,HX-C0150,5,0,1,27906705,285,85000,880341,169412,42353,37371,249136
2025-08,HX-C0151,8,0,1,2027982,285,85000,142797,29829,7457,6581,43867
2025-09,HX-C0151,8,0,1,2032183,285,85000,142917,29640,7410,6539,43589
2025-10,HX-C0151,8,0,1,2083323,285,85000,144374,29726,7431,6559,43716
2025-11,HX-C0151,8,0,1,2156477,285,85000,146459,29937,7484,6604,44025
2025-12,HX-C0151,8,0,1,2242900,285,85000,148922,30217,7554,6667,44438
2026-01,HX-C0151,8,0,1,2315361,285,85000,150987,30410,7602,6710,44722
2026-02,HX-C0151,8,0,1,2377623,285,85000,152762,30540,7635,6737,44912
2026-03,HX-C0151,8,0,1,2422488,285,85000,154040,30564,7641,6743,44948
2026-04,HX-C0151,8,0,1,2499265,285,85000,156229,30765,7691,6787,45243
2026-05,HX-C0151,8,0,1,2570368,285,85000,158255,30927,7731,6824,45482
2026-06,HX-C0151,8,0,1,2623912,285,85000,159781,30986,7746,6837,45569
2026-07,HX-C0151,8,0,1,2624929,285,85000,159810,30753,7688,6785,45226
2025-02,HX-C0152,6,0,1,2959600,285,85000,169348,36896,9224,8139,54259
2025-03,HX-C0152,6,0,1,3009027,285,85000,170757,36947,9236,8151,54334
2025-04,HX-C0152,6,0,1,3091217,285,85000,173099,37195,9298,8206,54699
2025-05,HX-C0152,6,0,1,3190019,285,85000,175915,37537,9384,8281,55202
2025-06,HX-C0152,6,0,1,3283580,285,85000,178582,37839,9459,8348,55646
2025-07,HX-C0152,6,0,1,3360118,285,85000,180763,38031,9507,8390,55928
2025-08,HX-C0152,6,0,1,3483867,285,85000,184290,38496,9624,8493,56613
2025-09,HX-C0152,6,0,1,3495868,285,85000,184632,38292,9573,8447,56312
2025-10,HX-C0152,6,0,1,3642735,285,85000,188817,38877,9719,8577,57173
2025-11,HX-C0152,6,0,1,3754349,285,85000,191998,39245,9811,8658,57714
2025-12,HX-C0152,6,0,1,3814089,285,85000,193701,39304,9826,8670,57800
2026-01,HX-C0152,6,0,1,3898324,285,85000,196102,39497,9874,8714,58085
2026-02,HX-C0152,6,0,1,4012171,285,85000,199346,39852,9963,8792,58607
2026-03,HX-C0152,6,0,1,4105078,285,85000,201994,40079,10019,8843,58941
2026-04,HX-C0152,6,0,1,4237927,285,85000,205780,40523,10130,8940,59593
2026-05,HX-C0152,6,0,1,4303838,285,85000,207659,40583,10145,8953,59681
2026-06,HX-C0152,6,0,1,4380631,285,85000,209847,40696,10174,8978,59848
2026-07,HX-C0152,6,0,1,4405959,285,85000,210569,40521,10130,8940,59591
2025-08,HX-C0153,8,0,1,48259850,235,85000,1219106,254666,63666,56177,374509
2025-09,HX-C0153,8,0,1,49514552,235,85000,1248591,258957,64739,57124,380820
2025-10,HX-C0153,8,0,1,50981103,235,85000,1283055,264186,66046,58277,388509
2025-11,HX-C0153,8,0,1,51678900,235,85000,1299454,265618,66404,58593,390615
2025-12,HX-C0153,8,0,1,53341571,235,85000,1338526,271602,67900,59914,399416
2026-01,HX-C0153,8,0,1,55586581,235,85000,1391284,280226,70056,61816,412098
2026-02,HX-C0153,8,0,1,56865545,235,85000,1421340,284153,71038,62682,417873
2026-03,HX-C0153,8,0,1,58585730,235,85000,1461764,290048,72512,63982,426542
2026-04,HX-C0153,8,0,1,60026297,235,85000,1495617,294528,73632,64970,433130
2026-05,HX-C0153,8,0,1,60928714,235,85000,1516824,296435,74108,65392,435935
2026-06,HX-C0153,8,0,1,62079443,235,85000,1543866,299410,74852,66048,440310
2026-07,HX-C0153,8,0,1,63768658,235,85000,1583563,304740,76185,67223,448148
2024-11,HX-C0154,5,0,1,18350197,285,85000,607980,135190,33797,29822,198809
2024-12,HX-C0154,5,0,1,18819570,285,85000,621357,137234,34308,30274,201816
2025-01,HX-C0154,5,0,1,19441464,285,85000,639081,140193,35048,30926,206167
2025-02,HX-C0154,5,0,1,19909629,285,85000,652424,142144,35536,31356,209036
2025-03,HX-C0154,5,0,1,20543929,285,85000,670501,145080,36270,32003,213353
2025-04,HX-C0154,5,0,1,20972721,285,85000,682722,146703,36675,32362,215740
2025-05,HX-C0154,5,0,1,21540090,285,85000,698892,149132,37283,32897,219312
2025-06,HX-C0154,5,0,1,22235223,285,85000,718703,152283,38070,33594,223947
2025-07,HX-C0154,5,0,1,23020978,285,85000,741097,155920,38980,34395,229295
2025-08,HX-C0154,5,0,1,24297416,285,85000,777476,162411,40602,35827,238840
2025-09,HX-C0154,5,0,1,24554137,285,85000,784792,162765,40691,35905,239361
2025-10,HX-C0154,5,0,1,24782818,285,85000,791310,162933,40733,35942,239608
2025-11,HX-C0154,5,0,1,25288749,285,85000,805729,164697,41174,36331,242202
2025-12,HX-C0154,5,0,1,26097096,285,85000,828767,168166,42041,37097,247304
2026-01,HX-C0154,5,0,1,26631160,285,85000,843988,169992,42498,37499,249989
2026-02,HX-C0154,5,0,1,27389006,285,85000,865586,173047,43261,38174,254482
2026-03,HX-C0154,5,0,1,27738624,285,85000,875550,173729,43432,38324,255485
2026-04,HX-C0154,5,0,1,28011664,285,85000,883332,173952,43488,38372,255812
2026-05,HX-C0154,5,0,1,28630213,285,85000,900961,176076,44019,38841,258936
2026-06,HX-C0154,5,0,1,29124565,285,85000,915050,177460,44365,39147,260972
2026-07,HX-C0154,5,0,1,30189549,285,85000,945402,181932,45483,40133,267548
2024-02,HX-C0155,2,0,1,10253811,285,85000,377233,88960,22240,19624,130824
2024-03,HX-C0155,2,0,1,10199492,285,85000,375685,88033,22008,19420,129461
2024-04,HX-C0155,2,0,1,10440702,285,85000,382560,89071,22267,19650,130988
2024-05,HX-C0155,2,0,1,10600100,285,85000,387102,89550,22387,19755,131692
2024-06,HX-C0155,2,0,1,10785743,285,85000,392393,90187,22546,19895,132628
2024-07,HX-C0155,2,0,1,10994018,285,85000,398329,90955,22738,20065,133758
2024-08,HX-C0155,2,0,1,11078115,285,85000,400726,90903,22725,20054,133682
2024-09,HX-C0155,2,0,1,11503274,285,85000,412843,93034,23258,20524,136816
2024-10,HX-C0155,2,0,1,11870703,285,85000,423315,94761,23690,20904,139355
2024-11,HX-C0155,2,0,1,12116621,285,85000,430323,95686,23921,21108,140715
2024-12,HX-C0155,2,0,1,12447362,285,85000,439749,97124,24281,21425,142830
2025-01,HX-C0155,2,0,1,12650799,285,85000,445547,97738,24434,21561,143733
2025-02,HX-C0155,2,0,1,13116627,285,85000,458823,99964,24991,22051,147006
2025-03,HX-C0155,2,0,1,13432224,285,85000,467818,101224,25306,22329,148859
2025-04,HX-C0155,2,0,1,13658638,285,85000,474271,101910,25477,22482,149869
2025-05,HX-C0155,2,0,1,13998098,285,85000,483945,103265,25816,22780,151861
2025-06,HX-C0155,2,0,1,14372928,285,85000,494628,104805,26201,23120,154126
2025-07,HX-C0155,2,0,1,14644893,285,85000,502379,105696,26424,23316,155436
2025-08,HX-C0155,2,0,1,14693205,285,85000,503756,105232,26308,23213,154753
2025-09,HX-C0155,2,0,1,14967903,285,85000,511585,106102,26525,23406,156033
2025-10,HX-C0155,2,0,1,14929669,285,85000,510495,105112,26278,23187,154577
2025-11,HX-C0155,2,0,1,15106129,285,85000,515524,105376,26344,23246,154966
2025-12,HX-C0155,2,0,1,15589261,285,85000,529293,107399,26849,23693,157941
2026-01,HX-C0155,2,0,1,15973308,285,85000,540239,108812,27203,24003,160018
2026-02,HX-C0155,2,0,1,16329053,285,85000,550378,110031,27507,24273,161811
2026-03,HX-C0155,2,0,1,16494840,285,85000,555102,110145,27536,24297,161978
2026-04,HX-C0155,2,0,1,16929922,285,85000,567502,111756,27939,24653,164348
2026-05,HX-C0155,2,0,1,17220674,285,85000,575789,112527,28131,24823,165481
2026-06,HX-C0155,2,0,1,17590849,285,85000,586339,113711,28427,25085,167223
2026-07,HX-C0155,2,0,1,18028783,285,85000,598820,115236,28809,25421,169466
2023-08,HX-C0156,0,0,1,13588854,235,85000,404338,98981,24745,21835,145561
2023-09,HX-C0156,0,0,1,13788179,235,85000,409022,99516,24879,21953,146348
2023-10,HX-C0156,0,0,1,14277109,235,85000,420512,101683,25420,22431,149534
2023-11,HX-C0156,0,0,1,14797430,235,85000,432739,103991,25997,22941,152929
2023-12,HX-C0156,0,0,1,15439746,235,85000,447834,106949,26737,23593,157279
2024-01,HX-C0156,0,0,1,15734340,235,85000,454756,107922,26980,23807,158709
2024-02,HX-C0156,0,0,1,16191140,235,85000,465491,109773,27443,24216,161432
2024-03,HX-C0156,0,0,1,16646199,235,85000,476185,111583,27895,24615,164093
2024-04,HX-C0156,0,0,1,16700512,235,85000,477462,111167,27791,24524,163482
2024-05,HX-C0156,0,0,1,16923253,235,85000,482696,111664,27916,24633,164213
2024-06,HX-C0156,0,0,1,17363119,235,85000,493033,113318,28329,24998,166645
2024-07,HX-C0156,0,0,1,17587914,235,85000,498315,113787,28446,25101,167334
2024-08,HX-C0156,0,0,1,18035404,235,85000,508831,115427,28856,25463,169746
2024-09,HX-C0156,0,0,1,18322598,235,85000,515581,116186,29046,25631,170863
2024-10,HX-C0156,0,0,1,19202455,235,85000,536257,120043,30010,26482,176535
2024-11,HX-C0156,0,0,1,19652842,235,85000,546841,121595,30398,26824,178817
2024-12,HX-C0156,0,0,1,20051416,235,85000,556208,122846,30711,27099,180656
2025-01,HX-C0156,0,0,1,20492820,235,85000,566581,124289,31072,27418,182779
2025-02,HX-C0156,0,0,1,20681271,235,85000,571009,124406,31101,27444,182951
2025-03,HX-C0156,0,0,1,21042078,235,85000,579488,125387,31346,27660,184393
2025-04,HX-C0156,0,0,1,21953239,235,85000,600901,129121,32280,28483,189884
2025-05,HX-C0156,0,0,1,22210144,235,85000,606938,129510,32377,28570,190457
2025-06,HX-C0156,0,0,1,22887969,235,85000,622867,131977,32994,29114,194085
2025-07,HX-C0156,0,0,1,23291426,235,85000,632348,133040,33260,29348,195648
2025-08,HX-C0156,0,0,1,24059033,235,85000,650387,135862,33965,29971,199798
2025-09,HX-C0156,0,0,1,25354050,235,85000,680820,141202,35300,31148,207650
2025-10,HX-C0156,0,0,1,25899722,235,85000,693643,142823,35705,31507,210035
2025-11,HX-C0156,0,0,1,26751498,235,85000,713660,145877,36469,32180,214526
2025-12,HX-C0156,0,0,1,27106032,235,85000,721991,146500,36625,32317,215442
2026-01,HX-C0156,0,0,1,27681632,235,85000,735518,148144,37036,32680,217860
2026-02,HX-C0156,0,0,1,27703781,235,85000,736038,147148,36787,32460,216395
2026-03,HX-C0156,0,0,1,28587548,235,85000,756807,150168,37542,33126,220836
2026-04,HX-C0156,0,0,1,29174253,235,85000,770594,151751,37937,33476,223164
2026-05,HX-C0156,0,0,1,29297454,235,85000,773490,151164,37791,33346,222301
2026-06,HX-C0156,0,0,1,29999590,235,85000,789990,153207,38301,33797,225305
2026-07,HX-C0156,0,0,1,30721931,235,85000,806965,155292,38823,34256,228371
2026-02,HX-C0157,10,0,1,8597661,285,85000,330033,65979,16494,14556,97029
2026-03,HX-C0157,10,0,1,8852153,285,85000,337286,66925,16731,14764,98420
2026-04,HX-C0157,10,0,1,8952958,285,85000,340159,66986,16746,14778,98510
2026-05,HX-C0157,10,0,1,9199872,285,85000,347196,67853,16963,14968,99784
2026-06,HX-C0157,10,0,1,9347577,285,85000,351405,68149,17037,15034,100220
2026-07,HX-C0157,10,0,1,9646413,285,85000,359922,69262,17315,15280,101857
2024-08,HX-C0158,4,0,1,25326607,285,85000,806808,183022,45755,40374,269151
2024-09,HX-C0158,4,0,1,25291647,285,85000,805811,181590,45397,40058,267045
2024-10,HX-C0158,4,0,1,25884127,285,85000,822697,184165,46041,40625,270831
2024-11,HX-C0158,4,0,1,26648944,285,85000,844494,187781,46945,41423,276149
2024-12,HX-C0158,4,0,1,27611811,285,85000,871936,192578,48144,42482,283204
2025-01,HX-C0158,4,0,1,28298930,285,85000,891519,195570,48892,43142,287604
2025-02,HX-C0158,4,0,1,29046181,285,85000,912816,198876,49719,43871,292466
2025-03,HX-C0158,4,0,1,30073574,285,85000,942096,203846,50961,44967,299774
2025-04,HX-C0158,4,0,1,30893177,285,85000,965455,207456,51864,45763,305083
2025-05,HX-C0158,4,0,0,0,285,0,0,0,0,0,0
2025-06,HX-C0158,4,0,0,0,285,0,0,0,0,0,0
2025-07,HX-C0158,4,0,0,0,285,0,0,0,0,0,0
2025-08,HX-C0158,4,0,0,0,285,0,0,0,0,0,0
2025-09,HX-C0158,4,0,0,0,285,0,0,0,0,0,0
2025-10,HX-C0158,4,0,0,0,285,0,0,0,0,0,0
2025-11,HX-C0158,4,0,0,0,285,0,0,0,0,0,0
2025-12,HX-C0158,4,0,0,0,285,0,0,0,0,0,0
2026-01,HX-C0158,4,0,0,0,285,0,0,0,0,0,0
2026-02,HX-C0158,4,0,0,0,285,0,0,0,0,0,0
2026-03,HX-C0158,4,0,0,0,285,0,0,0,0,0,0
2026-04,HX-C0158,4,0,0,0,285,0,0,0,0,0,0
2026-05,HX-C0158,4,0,0,0,285,0,0,0,0,0,0
2026-06,HX-C0158,4,0,0,0,285,0,0,0,0,0,0
2026-07,HX-C0158,4,0,0,0,285,0,0,0,0,0,0
2023-11,HX-C0159,1,0,1,47750555,285,85000,1445890,347464,86866,76647,510977
2023-12,HX-C0159,1,0,1,47980919,285,85000,1452456,346869,86717,76516,510102
2024-01,HX-C0159,1,0,1,49736334,285,85000,1502485,356569,89142,78656,524367
2024-02,HX-C0159,1,0,1,51128033,285,85000,1542148,363674,90918,80224,534816
2024-03,HX-C0159,1,0,1,52915265,285,85000,1593085,373304,93326,82347,548977
2024-04,HX-C0159,1,0,1,54532537,285,85000,1639177,381652,95413,84189,561254
2024-05,HX-C0159,1,0,1,55143535,285,85000,1656590,383228,95807,84536,563571
2024-06,HX-C0159,1,0,1,55543060,285,85000,1667977,383367,95841,84568,563776
2024-07,HX-C0159,1,0,1,56785509,285,85000,1703387,388957,97239,85801,571997
2024-08,HX-C0159,1,0,1,58000383,285,85000,1738010,394264,98566,86970,579800
2024-09,HX-C0159,1,0,1,59189670,285,85000,1771905,399302,99825,88082,587209
2024-10,HX-C0159,1,0,1,60575384,285,85000,1811398,405492,101373,89447,596312
2024-11,HX-C0159,1,0,1,62250176,285,85000,1859130,413395,103348,91192,607935
2024-12,HX-C0159,1,0,1,63965622,285,85000,1908020,421412,105353,92959,619724
2025-01,HX-C0159,1,0,1,66217735,285,85000,1972205,432638,108159,95436,636233
2025-02,HX-C0159,1,0,1,67646184,285,85000,2012916,438557,109639,96742,644938
2025-03,HX-C0159,1,0,0,0,285,0,0,0,0,0,0
2025-04,HX-C0159,1,0,0,0,285,0,0,0,0,0,0
2025-05,HX-C0159,1,0,0,0,285,0,0,0,0,0,0
2025-06,HX-C0159,1,0,0,0,285,0,0,0,0,0,0
2025-07,HX-C0159,1,0,0,0,285,0,0,0,0,0,0
2025-08,HX-C0159,1,0,0,0,285,0,0,0,0,0,0
2025-09,HX-C0159,1,0,0,0,285,0,0,0,0,0,0
2025-10,HX-C0159,1,0,0,0,285,0,0,0,0,0,0
2025-11,HX-C0159,1,0,0,0,285,0,0,0,0,0,0
2025-12,HX-C0159,1,0,0,0,285,0,0,0,0,0,0
2026-01,HX-C0159,1,0,0,0,285,0,0,0,0,0,0
2026-02,HX-C0159,1,0,0,0,285,0,0,0,0,0,0
2026-03,HX-C0159,1,0,0,0,285,0,0,0,0,0,0
2026-04,HX-C0159,1,0,0,0,285,0,0,0,0,0,0
2026-05,HX-C0159,1,0,0,0,285,0,0,0,0,0,0
2026-06,HX-C0159,1,0,0,0,285,0,0,0,0,0,0
2026-07,HX-C0159,1,0,0,0,285,0,0,0,0,0,0
2024-08,HX-C0160,4,0,1,22553449,285,85000,727773,165093,41273,36419,242785
2024-09,HX-C0160,4,0,1,22974022,285,85000,739759,166706,41676,36774,245156
2024-10,HX-C0160,4,0,1,23334202,285,85000,750024,167896,41974,37037,246907
2024-11,HX-C0160,4,0,1,24097458,285,85000,771777,171612,42903,37856,252371
2024-12,HX-C0160,4,0,1,24857944,285,85000,793451,175244,43811,38657,257712
2025-01,HX-C0160,4,0,1,25654027,285,85000,816139,179034,44758,39494,263286
2025-02,HX-C0160,4,0,1,26214905,285,85000,832124,181296,45324,39992,266612
2025-03,HX-C0160,4,0,1,26769286,285,85000,847924,183470,45867,40472,269809
2025-04,HX-C0160,4,0,1,28095409,285,85000,885719,190323,47580,41984,279887
2025-05,HX-C0160,4,0,1,28381535,285,85000,893873,190737,47684,42076,280497
2025-06,HX-C0160,4,0,1,28679053,285,85000,902353,191197,47799,42177,281173
2025-07,HX-C0160,4,0,1,29362370,285,85000,921827,193944,48486,42783,285213
2025-08,HX-C0160,4,0,1,30765217,285,85000,961808,200917,50229,44321,295467
2025-09,HX-C0160,4,0,1,32025861,285,85000,997737,206930,51732,45647,304309
2025-10,HX-C0160,4,0,1,32992949,285,85000,1025299,211112,52778,46570,310460
2025-11,HX-C0160,4,0,1,33693688,285,85000,1045270,213661,53415,47132,314208
2025-12,HX-C0160,4,0,1,34880687,285,85000,1079099,218962,54740,48301,322003
2026-01,HX-C0160,4,0,1,35350730,285,85000,1092495,220045,55011,48541,323597
2026-02,HX-C0160,4,0,1,35781891,285,85000,1104783,220868,55217,48721,324806
2026-03,HX-C0160,4,0,1,36942119,285,85000,1137850,225776,56444,49804,332024
2026-04,HX-C0160,4,0,1,38397991,285,85000,1179342,232245,58061,51231,341537
2026-05,HX-C0160,4,0,1,39043926,285,85000,1197751,234078,58519,51636,344233
2026-06,HX-C0160,4,0,1,40872696,285,85000,1249871,242394,60598,53471,356463
2026-07,HX-C0160,4,0,1,41780184,285,85000,1275735,245502,61375,54156,361033
2023-11,HX-C0161,1,0,1,31494185,235,85000,825113,198283,49570,43741,291594
2023-12,HX-C0161,1,0,1,32057890,235,85000,838360,200213,50053,44166,294432
2024-01,HX-C0161,1,0,1,31932810,235,85000,835421,198261,49565,43735,291561
2024-02,HX-C0161,1,0,1,32388000,235,85000,846118,199534,49883,44016,293433
2024-03,HX-C0161,1,0,1,32620483,235,85000,851581,199548,49887,44019,293454
2024-04,HX-C0161,1,0,1,33637652,235,85000,875484,203840,50960,44965,299765
2024-05,HX-C0161,1,0,1,35169199,235,85000,911476,210857,52714,46513,310084
2024-06,HX-C0161,1,0,1,36185226,235,85000,935352,214980,53745,47423,316148
2024-07,HX-C0161,1,0,1,36821736,235,85000,950310,216997,54249,47868,319114
2024-08,HX-C0161,1,0,1,37109870,235,85000,957081,217111,54277,47894,319282
2024-09,HX-C0161,1,0,1,38330411,235,85000,985764,222143,55535,49004,326682
2024-10,HX-C0161,1,0,1,39554560,235,85000,1014532,227108,56777,50098,333983
2024-11,HX-C0161,1,0,1,40683006,235,85000,1041050,231487,57871,51065,340423
2024-12,HX-C0161,1,0,1,42060493,235,85000,1073421,237079,59269,52299,348647
2025-01,HX-C0161,1,0,1,42785489,235,85000,1090458,239211,59802,52768,351781
2025-02,HX-C0161,1,0,1,44586724,235,85000,1132788,246802,61700,54443,362945
2025-03,HX-C0161,1,0,1,45848155,235,85000,1162431,251521,62880,55484,369885
2025-04,HX-C0161,1,0,1,47782568,235,85000,1207890,259551,64887,57255,381693
2025-05,HX-C0161,1,0,1,49588347,235,85000,1250326,266799,66699,58854,392352
2025-06,HX-C0161,1,0,1,50411982,235,85000,1269681,269029,67257,59346,395632
2025-07,HX-C0161,1,0,1,51622405,235,85000,1298126,273115,68278,60247,401640
2025-08,HX-C0161,1,0,1,53428716,235,85000,1340574,280040,70010,61774,411824
2025-09,HX-C0161,1,0,1,54445707,235,85000,1364474,282991,70747,62426,416164
2025-10,HX-C0161,1,0,1,55571079,235,85000,1390920,286395,71598,63177,421170
2025-11,HX-C0161,1,0,1,56965179,235,85000,1423681,291011,72752,64195,427958
2025-12,HX-C0161,1,0,1,57921744,235,85000,1446160,293443,73360,64731,431534
2026-01,HX-C0161,1,0,1,59665540,235,85000,1487140,299533,74883,66074,440490
2026-02,HX-C0161,1,0,1,62177649,235,85000,1546174,309111,77277,68187,454575
2026-03,HX-C0161,1,0,1,64180366,235,85000,1593238,316136,79034,69736,464906
2026-04,HX-C0161,1,0,1,65537717,235,85000,1625136,320034,80008,70597,470639
2026-05,HX-C0161,1,0,1,66644532,235,85000,1651146,322686,80671,71182,474539
2026-06,HX-C0161,1,0,1,67591232,235,85000,1673393,324530,81132,71589,477251
2026-07,HX-C0161,1,0,1,68690027,235,85000,1699215,326996,81749,72132,480877
2024-11,HX-C0162,5,0,1,21203928,285,85000,689311,153274,38318,33812,225404
2024-12,HX-C0162,5,0,1,21743986,285,85000,704703,155643,38910,34334,228887
2025-01,HX-C0162,5,0,1,22779515,285,85000,734216,161063,40265,35530,236858
2025-02,HX-C0162,5,0,1,23298003,285,85000,748993,163184,40796,35997,239977
2025-03,HX-C0162,5,0,1,23981575,285,85000,768474,166279,41569,36680,244528
2025-04,HX-C0162,5,0,1,24440406,285,85000,781551,167939,41984,37047,246970
2025-05,HX-C0162,5,0,1,24124508,285,85000,772548,164849,41212,36364,242425
2025-06,HX-C0162,5,0,1,24647181,285,85000,787444,166849,41712,36806,245367
2025-07,HX-C0162,5,0,1,25148737,285,85000,801739,168679,42169,37210,248058
2025-08,HX-C0162,5,0,1,25717931,285,85000,817961,170868,42717,37692,251277
2025-09,HX-C0162,5,0,1,26257404,285,85000,833336,172833,43208,38126,254167
2025-10,HX-C0162,5,0,0,0,285,0,0,0,0,0,0
2025-11,HX-C0162,5,0,0,0,285,0,0,0,0,0,0
2025-12,HX-C0162,5,0,0,0,285,0,0,0,0,0,0
2026-01,HX-C0162,5,0,0,0,285,0,0,0,0,0,0
2026-02,HX-C0162,5,0,0,0,285,0,0,0,0,0,0
2026-03,HX-C0162,5,0,0,0,285,0,0,0,0,0,0
2026-04,HX-C0162,5,0,0,0,285,0,0,0,0,0,0
2026-05,HX-C0162,5,0,0,0,285,0,0,0,0,0,0
2026-06,HX-C0162,5,0,0,0,285,0,0,0,0,0,0
2026-07,HX-C0162,5,0,0,0,285,0,0,0,0,0,0
2025-02,HX-C0163,6,0,1,11097126,235,85000,345782,75335,18833,16620,110788
2025-03,HX-C0163,6,0,1,11456756,235,85000,354233,76646,19161,16909,112716
2025-04,HX-C0163,6,0,1,11654574,235,85000,358882,77116,19279,17011,113406
2025-05,HX-C0163,6,0,1,11897453,235,85000,364590,77797,19449,17162,114408
2025-06,HX-C0163,6,0,1,12318227,235,85000,374478,79347,19836,17504,116687
2025-07,HX-C0163,6,0,1,12733324,235,85000,384233,80839,20209,17833,118881
2025-08,HX-C0163,6,0,1,12922032,235,85000,388667,81190,20297,17911,119398
2025-09,HX-C0163,6,0,1,13165146,235,85000,394380,81793,20448,18044,120285
2025-10,HX-C0163,6,0,1,13371973,235,85000,399241,82205,20551,18134,120890
2025-11,HX-C0163,6,0,1,13980073,235,85000,413531,84528,21132,18647,124307
2025-12,HX-C0163,6,0,1,14687808,235,85000,430163,87284,21821,19255,128360
2026-01,HX-C0163,6,0,1,15192321,235,85000,442019,89029,22257,19640,130926
2026-02,HX-C0163,6,0,1,15523388,235,85000,449799,89923,22480,19837,132240
2026-03,HX-C0163,6,0,1,16028361,235,85000,461666,91605,22901,20208,134714
2026-04,HX-C0163,6,0,1,16172835,235,85000,465061,91583,22895,20203,134681
2026-05,HX-C0163,6,0,1,16674165,235,85000,476842,93189,23297,20558,137044
2026-06,HX-C0163,6,0,1,17308531,235,85000,491750,95367,23841,21039,140247
2026-07,HX-C0163,6,0,1,17432969,235,85000,494674,95194,23798,21000,139992
2026-02,HX-C0164,10,0,1,72622331,285,85000,2154736,430774,107693,95025,633492
2026-03,HX-C0164,10,0,1,73805673,285,85000,2188461,434242,108560,95790,638592
2026-04,HX-C0164,10,0,1,76181350,285,85000,2256168,444302,111075,98009,653386
2026-05,HX-C0164,10,0,1,79343100,285,85000,2346278,458537,114634,101149,674320
2026-06,HX-C0164,10,0,1,81010501,285,85000,2393799,464243,116060,102408,682711
2026-07,HX-C0164,10,0,1,83580438,285,85000,2467042,474756,118689,104727,698172
2026-05,HX-C0165,11,0,1,32997005,285,85000,1025414,200398,50099,44206,294703
2026-06,HX-C0165,11,0,1,33827786,285,85000,1049091,203456,50864,44880,299200
2026-07,HX-C0165,11,0,1,34852997,285,85000,1078310,207509,51877,45775,305161
2023-11,HX-C0166,1,0,1,44144701,285,85000,1343123,322768,80692,71199,474659
2023-12,HX-C0166,1,0,1,45343263,285,85000,1377282,328916,82229,72556,483701
2024-01,HX-C0166,1,0,1,47119849,285,85000,1427915,338872,84718,74752,498342
2024-02,HX-C0166,1,0,1,48400983,285,85000,1464428,345346,86336,76181,507863
2024-03,HX-C0166,1,0,1,50014276,285,85000,1510406,353929,88482,78074,520485
2024-04,HX-C0166,1,0,1,51155566,285,85000,1542933,359244,89811,79245,528300
2024-05,HX-C0166,1,0,1,53130821,285,85000,1599228,369958,92489,81610,544057
2024-06,HX-C0166,1,0,1,53671998,285,85000,1614651,371111,92777,81864,545752
2024-07,HX-C0166,1,0,1,55676297,285,85000,1671774,381739,95434,84208,561381
2024-08,HX-C0166,1,0,1,57416059,285,85000,1721357,390485,97621,86138,574244
2024-09,HX-C0166,1,0,1,58883077,285,85000,1763167,397332,99333,87648,584313
2024-10,HX-C0166,1,0,1,61143354,285,85000,1827585,409115,102278,90247,601640
2024-11,HX-C0166,1,0,1,61497790,285,85000,1837687,408627,102156,90140,600923
2024-12,HX-C0166,1,0,1,63309773,285,85000,1889328,417284,104321,92048,613653
2025-01,HX-C0166,1,0,1,65056016,285,85000,1939096,425375,106343,93834,625552
2025-02,HX-C0166,1,0,1,66809095,285,85000,1989059,433359,108339,95596,637294
2025-03,HX-C0166,1,0,1,69720672,285,85000,2072039,448338,112084,98900,659322
2025-04,HX-C0166,1,0,1,71268737,285,85000,2116159,454720,113680,100306,668706
2025-05,HX-C0166,1,0,1,73168276,285,85000,2170295,463105,115776,102157,681038
2025-06,HX-C0166,1,0,1,74221972,285,85000,2200326,466222,116555,102844,685621
2025-07,HX-C0166,1,0,1,75674097,285,85000,2241711,471637,117909,104039,693585
2025-08,HX-C0166,1,0,1,76946830,285,85000,2277984,475861,118965,104970,699796
2025-09,HX-C0166,1,0,1,79473360,285,85000,2349990,487387,121846,107513,716746
2025-10,HX-C0166,1,0,1,82371791,285,85000,2432596,500881,125220,110489,736590
2025-11,HX-C0166,1,0,1,83943301,285,85000,2477384,506396,126599,111706,744701
2025-12,HX-C0166,1,0,1,86865216,285,85000,2560658,519588,129897,114615,764100
2026-01,HX-C0166,1,0,1,90004383,285,85000,2650124,533776,133444,117746,784966
2026-02,HX-C0166,1,0,1,91287131,285,85000,2686683,537121,134280,118483,789884
2026-03,HX-C0166,1,0,1,94080788,285,85000,2766302,548900,137225,121081,807206
2026-04,HX-C0166,1,0,1,96338703,285,85000,2830653,557434,139358,122965,819757
2026-05,HX-C0166,1,0,1,98347739,285,85000,2887910,564389,141097,124499,829985
2026-06,HX-C0166,1,0,1,101214560,285,85000,2969614,575914,143978,127041,846933
2026-07,HX-C0166,1,0,1,103273973,285,85000,3028308,582767,145691,128553,857011
2025-08,HX-C0167,8,0,1,44211940,285,85000,1345040,280973,70243,61980,413196
2025-09,HX-C0167,8,0,1,44978786,285,85000,1366895,283493,70873,62536,416902
2025-10,HX-C0167,8,0,1,45785433,285,85000,1389884,286182,71545,63129,420856
2025-11,HX-C0167,8,0,1,47599391,285,85000,1441582,294670,73667,65002,433339
2025-12,HX-C0167,8,0,1,47624250,285,85000,1442291,292657,73164,64558,430379
2026-01,HX-C0167,8,0,1,48875168,285,85000,1477942,297680,74420,65666,437766
2026-02,HX-C0167,8,0,1,51055009,285,85000,1540067,307889,76972,67918,452779
2026-03,HX-C0167,8,0,1,52038247,285,85000,1568090,311146,77786,68636,457568
2026-04,HX-C0167,8,0,1,53267296,285,85000,1603117,315698,78924,69640,464262
2026-05,HX-C0167,8,0,1,54645857,285,85000,1642406,320978,80244,70805,472027
2026-06,HX-C0167,8,0,1,55162780,285,85000,1657139,321378,80344,70894,472616
2026-07,HX-C0167,8,0,1,55866048,285,85000,1677182,322756,80689,71197,474642
2023-11,HX-C0168,1,0,1,53268906,235,85000,1336819,321253,80313,70865,472431
2023-12,HX-C0168,1,0,1,54597844,235,85000,1368049,326711,81677,72070,480458
2024-01,HX-C0168,1,0,1,55771247,235,85000,1395624,331208,82802,73062,487072
2024-02,HX-C0168,1,0,1,57408614,235,85000,1434102,338195,84548,74603,497346
2024-03,HX-C0168,1,0,1,58639580,235,85000,1463030,342828,85707,75625,504160
2024-04,HX-C0168,1,0,1,60400660,235,85000,1504415,350275,87568,77268,515111
2024-05,HX-C0168,1,0,1,61045371,235,85000,1519566,351530,87882,77544,516956
2024-06,HX-C0168,1,0,1,62479663,235,85000,1553272,357003,89250,78752,525005
2024-07,HX-C0168,1,0,1,65056033,235,85000,1613816,368504,92126,81289,541919
2024-08,HX-C0168,1,0,1,65115088,235,85000,1615204,366405,91601,80826,538832
2024-09,HX-C0168,1,0,1,66685549,235,85000,1652110,372306,93076,82127,547509
2024-10,HX-C0168,1,0,1,67350255,235,85000,1667730,373330,93332,82354,549016
2024-11,HX-C0168,1,0,1,69441442,235,85000,1716873,381763,95440,84214,561417
2024-12,HX-C0168,1,0,1,73184145,235,85000,1804827,398620,99655,87932,586207
2025-01,HX-C0168,1,0,0,0,235,0,0,0,0,0,0
2025-02,HX-C0168,1,0,0,0,235,0,0,0,0,0,0
2025-03,HX-C0168,1,0,0,0,235,0,0,0,0,0,0
2025-04,HX-C0168,1,0,0,0,235,0,0,0,0,0,0
2025-05,HX-C0168,1,0,0,0,235,0,0,0,0,0,0
2025-06,HX-C0168,1,0,0,0,235,0,0,0,0,0,0
2025-07,HX-C0168,1,0,0,0,235,0,0,0,0,0,0
2025-08,HX-C0168,1,0,0,0,235,0,0,0,0,0,0
2025-09,HX-C0168,1,0,0,0,235,0,0,0,0,0,0
2025-10,HX-C0168,1,0,0,0,235,0,0,0,0,0,0
2025-11,HX-C0168,1,0,0,0,235,0,0,0,0,0,0
2025-12,HX-C0168,1,0,0,0,235,0,0,0,0,0,0
2026-01,HX-C0168,1,0,0,0,235,0,0,0,0,0,0
2026-02,HX-C0168,1,0,0,0,235,0,0,0,0,0,0
2026-03,HX-C0168,1,0,0,0,235,0,0,0,0,0,0
2026-04,HX-C0168,1,0,0,0,235,0,0,0,0,0,0
2026-05,HX-C0168,1,0,0,0,235,0,0,0,0,0,0
2026-06,HX-C0168,1,0,0,0,235,0,0,0,0,0,0
2026-07,HX-C0168,1,0,0,0,235,0,0,0,0,0,0
2024-11,HX-C0169,5,0,1,20868645,285,85000,679756,151150,37787,33343,222280
2024-12,HX-C0169,5,0,1,21427566,285,85000,695685,153651,38412,33895,225958
2025-01,HX-C0169,5,0,1,22048571,285,85000,713384,156493,39123,34521,230137
2025-02,HX-C0169,5,0,1,22592458,285,85000,728885,158803,39700,35031,233534
2025-03,HX-C0169,5,0,1,23179085,285,85000,745603,161330,40332,35588,237250
2025-04,HX-C0169,5,0,1,23818998,285,85000,763841,164133,41033,36207,241373
2025-05,HX-C0169,5,0,1,24780945,285,85000,791256,168841,42210,37245,248296
2025-06,HX-C0169,5,0,1,25483684,285,85000,811284,171901,42975,37920,252796
2025-07,HX-C0169,5,0,1,25986689,285,85000,825620,173703,43425,38318,255446
2025-08,HX-C0169,5,0,1,26585221,285,85000,842678,176031,44007,38832,258870
2025-09,HX-C0169,5,0,1,27014730,285,85000,854919,177310,44327,39113,260750
2025-10,HX-C0169,5,0,1,28142614,285,85000,887064,182649,45662,40291,268602
2025-11,HX-C0169,5,0,1,28626794,285,85000,900863,184143,46035,40621,270799
2025-12,HX-C0169,5,0,1,28907383,285,85000,908860,184418,46104,40681,271203
2026-01,HX-C0169,5,0,1,29424485,285,85000,923597,186026,46506,41037,273569
2026-02,HX-C0169,5,0,1,30197882,285,85000,945639,189051,47262,41704,278017
2026-03,HX-C0169,5,0,1,31074151,285,85000,970613,192592,48148,42484,283224
2026-04,HX-C0169,5,0,1,32039587,285,85000,998128,196558,49139,43360,289057
2026-05,HX-C0169,5,0,1,33161068,285,85000,1030090,201311,50327,44409,296047
2026-06,HX-C0169,5,0,1,34376767,285,85000,1064737,206490,51622,45550,303662
2026-07,HX-C0169,5,0,1,35397146,285,85000,1093818,210494,52623,46433,309550
2026-05,HX-C0170,11,0,1,65443519,285,85000,1950140,381119,95279,84072,560470
2026-06,HX-C0170,11,0,1,67293654,285,85000,2002869,388428,97107,85683,571218
2026-07,HX-C0170,11,0,1,69229124,285,85000,2058030,396046,99011,87365,582422
2026-02,HX-C0171,10,0,1,2570300,285,85000,158253,31637,7909,6980,46526
2026-03,HX-C0171,10,0,1,2597987,285,85000,159042,31557,7889,6962,46408
2026-04,HX-C0171,10,0,1,2608840,285,85000,159351,31380,7845,6923,46148
2026-05,HX-C0171,10,0,1,2665741,285,85000,160973,31458,7864,6941,46263
2026-06,HX-C0171,10,0,1,2752110,285,85000,163435,31695,7923,6993,46611
2026-07,HX-C0171,10,0,1,2796145,285,85000,164690,31692,7923,6992,46607
2024-02,HX-C0172,2,0,1,35334674,285,85000,1092038,257528,64382,56808,378718
2024-03,HX-C0172,2,0,1,36930907,285,85000,1137530,266554,66638,58800,391992
2024-04,HX-C0172,2,0,1,38226690,285,85000,1174460,273451,68362,60322,402135
2024-05,HX-C0172,2,0,1,39132217,285,85000,1200268,277665,69416,61250,408331
2024-06,HX-C0172,2,0,1,40014845,285,85000,1225423,281650,70412,62130,414192
2024-07,HX-C0172,2,0,1,41196700,285,85000,1259105,287508,71877,63422,422807
2024-08,HX-C0172,2,0,1,42298536,285,85000,1290508,292748,73187,64578,430513
2024-09,HX-C0172,2,0,1,44198646,285,85000,1344661,303021,75755,66844,445620
2024-10,HX-C0172,2,0,1,44484796,285,85000,1352816,302835,75708,66804,445347
2024-11,HX-C0172,2,0,1,44683953,285,85000,1358492,302073,75518,66635,444226
2024-12,HX-C0172,2,0,1,45559754,285,85000,1383452,305554,76388,67403,449345
2025-01,HX-C0172,2,0,1,48032872,285,85000,1453936,318946,79736,70357,469039
2025-02,HX-C0172,2,0,1,49409565,285,85000,1493172,325320,81330,71762,478412
2025-03,HX-C0172,2,0,1,50347456,285,85000,1519902,328869,82217,72546,483632
2025-04,HX-C0172,2,0,1,51841710,285,85000,1562488,335747,83936,74063,493746
2025-05,HX-C0172,2,0,1,53037215,285,85000,1596560,340680,85170,75150,501000
2025-06,HX-C0172,2,0,1,53803185,285,85000,1618390,342917,85729,75644,504290
2025-07,HX-C0172,2,0,1,55935574,285,85000,1679163,353282,88320,77931,519533
2025-08,HX-C0172,2,0,1,56905308,285,85000,1706801,356543,89135,78651,524329
2025-09,HX-C0172,2,0,1,56925798,285,85000,1707385,354111,88527,78114,520752
2025-10,HX-C0172,2,0,1,58761885,285,85000,1759713,362331,90582,79928,532841
2025-11,HX-C0172,2,0,1,61536507,285,85000,1838790,375863,93965,82912,552740
2025-12,HX-C0172,2,0,1,62144292,285,85000,1856112,376626,94156,83081,553863
2026-01,HX-C0172,2,0,1,64518822,285,85000,1923786,387481,96870,85474,569825
2026-02,HX-C0172,2,0,1,66317214,285,85000,1975040,394849,98712,87100,580661
2026-03,HX-C0172,2,0,1,67643605,285,85000,2012842,399395,99848,88104,587347
2026-04,HX-C0172,2,0,1,69159661,285,85000,2056050,404893,101223,89316,595432
2026-05,HX-C0172,2,0,1,70849264,285,85000,2104204,411228,102807,90713,604748
2026-06,HX-C0172,2,0,1,72606446,285,85000,2154283,417792,104448,92161,614401
2026-07,HX-C0172,2,0,1,76178623,285,85000,2256090,434161,108540,95772,638473
2025-11,HX-C0173,9,0,1,6545982,285,85000,271560,55508,13877,12245,81630
2025-12,HX-C0173,9,0,1,6714051,285,85000,276350,56074,14018,12370,82462
2026-01,HX-C0173,9,0,1,6823622,285,85000,279473,56289,14072,12418,82779
2026-02,HX-C0173,9,0,1,7053081,285,85000,286012,57179,14294,12614,84087
2026-03,HX-C0173,9,0,1,7277549,285,85000,292410,58021,14505,12799,85325
2026-04,HX-C0173,9,0,1,7485342,285,85000,298332,58749,14687,12960,86396
2026-05,HX-C0173,9,0,1,7669484,285,85000,303580,59328,14832,13088,87248
2026-06,HX-C0173,9,0,1,7726018,285,85000,305191,59187,14796,13057,87040
2026-07,HX-C0173,9,0,1,7931971,285,85000,311061,59860,14965,13205,88030
2023-08,HX-C0174,0,0,1,4150335,285,85000,203284,49763,12440,10979,73182
2023-09,HX-C0174,0,0,1,4215373,285,85000,205138,49910,12477,11011,73398
2023-10,HX-C0174,0,0,1,4266783,285,85000,206603,49958,12489,11021,73468
2023-11,HX-C0174,0,0,1,4312387,285,85000,207903,49960,12490,11022,73472
2023-12,HX-C0174,0,0,1,4503908,285,85000,213361,50953,12738,11241,74932
2024-01,HX-C0174,0,0,1,4683283,285,85000,218473,51847,12961,11439,76247
2024-02,HX-C0174,0,0,1,4716283,285,85000,219414,51742,12935,11415,76092
2024-03,HX-C0174,0,0,1,4871741,285,85000,223844,52452,13113,11571,77136
2024-04,HX-C0174,0,0,1,5014058,285,85000,227900,53061,13265,11706,78032
2024-05,HX-C0174,0,0,1,5154445,285,85000,231901,53646,13411,11835,78892
2024-06,HX-C0174,0,0,1,5296670,285,85000,235955,54231,13557,11964,79752
2024-07,HX-C0174,0,0,1,5401923,285,85000,238954,54563,13640,12037,80240
2024-08,HX-C0174,0,0,1,5446404,285,85000,240222,54493,13623,12022,80138
2024-09,HX-C0174,0,0,1,5624067,285,85000,245285,55275,13818,12194,81287
2024-10,HX-C0174,0,0,1,5700919,285,85000,247476,55398,13849,12222,81469
2024-11,HX-C0174,0,0,1,5908448,285,85000,253390,56343,14085,12430,82858
2024-12,HX-C0174,0,0,1,6092211,285,85000,258628,57121,14280,12601,84002
2025-01,HX-C0174,0,0,1,6354996,285,85000,266117,58377,14594,12878,85849
2025-02,HX-C0174,0,0,1,6455729,285,85000,268988,58604,14651,12928,86183
2025-03,HX-C0174,0,0,1,6841738,285,85000,279989,60582,15145,13365,89092
2025-04,HX-C0174,0,0,1,7189480,285,85000,289900,62293,15573,13742,91608
2025-05,HX-C0174,0,0,1,7357802,285,85000,294697,62883,15720,13872,92475
2025-06,HX-C0174,0,0,1,7521702,285,85000,299368,63432,15858,13993,93283
2025-07,HX-C0174,0,0,1,7948240,285,85000,311524,65541,16385,14459,96385
2025-08,HX-C0174,0,0,1,8224756,285,85000,319405,66722,16680,14719,98121
2025-09,HX-C0174,0,0,1,8569213,285,85000,329222,68280,17070,15062,100412
2025-10,HX-C0174,0,0,1,8746276,285,85000,334268,68826,17206,15184,101216
2025-11,HX-C0174,0,0,1,9126579,285,85000,345107,70542,17635,15562,103739
2025-12,HX-C0174,0,0,1,9363107,285,85000,351848,71393,17848,15750,104991
2026-01,HX-C0174,0,0,1,9511157,285,85000,356067,71717,17929,15821,105467
2026-02,HX-C0174,0,0,1,9602566,285,85000,358673,71705,17926,15818,105449
2026-03,HX-C0174,0,0,1,9802685,285,85000,364376,72300,18075,15949,106324
2026-04,HX-C0174,0,0,1,10266766,285,85000,377602,74360,18590,16403,109353
2026-05,HX-C0174,0,0,1,10471697,285,85000,383443,74936,18734,16531,110201
2026-06,HX-C0174,0,0,1,10682755,285,85000,389458,75529,18882,16662,111073
2026-07,HX-C0174,0,0,1,10923814,285,85000,396328,76268,19067,16825,112160
2025-11,HX-C0175,9,0,1,12830273,285,85000,450662,92118,23029,20321,135468
2025-12,HX-C0175,9,0,1,13160965,285,85000,460087,93356,23339,20594,137289
2026-01,HX-C0175,9,0,1,13446301,285,85000,468219,94306,23576,20804,138686
2026-02,HX-C0175,9,0,1,13700698,285,85000,475469,95055,23763,20969,139787
2026-03,HX-C0175,9,0,1,13957868,285,85000,482799,95798,23949,21133,140880
2026-04,HX-C0175,9,0,1,14488301,285,85000,497916,98053,24513,21630,144196
2026-05,HX-C0175,9,0,1,14671274,285,85000,503131,98327,24581,21691,144599
2026-06,HX-C0175,9,0,1,15052695,285,85000,514001,99683,24920,21990,146593
2026-07,HX-C0175,9,0,1,15642355,285,85000,530807,102148,25537,22533,150218
2025-11,HX-C0176,9,0,1,2776781,235,85000,150254,30712,7678,6776,45166
2025-12,HX-C0176,9,0,1,2869211,235,85000,152426,30928,7732,6823,45483
2026-01,HX-C0176,9,0,1,2933684,235,85000,153941,31005,7751,6841,45597
2026-02,HX-C0176,9,0,1,3013644,235,85000,155820,31151,7787,6873,45811
2026-03,HX-C0176,9,0,1,3123582,235,85000,158404,31430,7857,6935,46222
2026-04,HX-C0176,9,0,1,3227056,235,85000,160835,31672,7918,6987,46577
2026-05,HX-C0176,9,0,1,3435731,235,85000,165739,32390,8097,7146,47633
2026-06,HX-C0176,9,0,1,3579312,235,85000,169113,32797,8199,7235,48231
2026-07,HX-C0176,9,0,1,3695048,235,85000,171833,33067,8266,7295,48628
2025-05,HX-C0177,7,0,1,8283823,285,85000,321088,68514,17128,15115,100757
2025-06,HX-C0177,7,0,1,8419160,285,85000,324946,68852,17213,15188,101253
2025-07,HX-C0177,7,0,1,8627752,285,85000,330890,69616,17404,15357,102377
2025-08,HX-C0177,7,0,1,8861225,285,85000,337544,70511,17627,15555,103693
2025-09,HX-C0177,7,0,1,8970655,285,85000,340663,70653,17663,15586,103902
2025-10,HX-C0177,7,0,1,9128555,285,85000,345163,71070,17767,15678,104515
2025-11,HX-C0177,7,0,1,9463469,285,85000,354708,72505,18126,15994,106625
2025-12,HX-C0177,7,0,1,9668492,285,85000,360552,73159,18289,16140,107588
2026-01,HX-C0177,7,0,0,0,285,0,0,0,0,0,0
2026-02,HX-C0177,7,0,0,0,285,0,0,0,0,0,0
2026-03,HX-C0177,7,0,0,0,285,0,0,0,0,0,0
2026-04,HX-C0177,7,0,0,0,285,0,0,0,0,0,0
2026-05,HX-C0177,7,0,0,0,285,0,0,0,0,0,0
2026-06,HX-C0177,7,0,0,0,285,0,0,0,0,0,0
2026-07,HX-C0177,7,0,0,0,285,0,0,0,0,0,0
2025-08,HX-C0178,8,0,1,10002098,285,85000,370059,77303,19325,17054,113682
2025-09,HX-C0178,8,0,1,10309598,285,85000,378823,78567,19641,17333,115541
2025-10,HX-C0178,8,0,1,10494600,285,85000,384096,79086,19771,17447,116304
2025-11,HX-C0178,8,0,1,10618941,285,85000,387639,79236,19809,17479,116524
2025-12,HX-C0178,8,0,1,10950851,285,85000,397099,80575,20143,17776,118494
2026-01,HX-C0178,8,0,1,11275709,285,85000,406357,81846,20461,18055,120362
2026-02,HX-C0178,8,0,1,11691426,285,85000,418205,83607,20901,18444,122952
2026-03,HX-C0178,8,0,1,11908337,285,85000,424387,84208,21052,18576,123836
2026-04,HX-C0178,8,0,1,12146035,285,85000,431161,84907,21226,18731,124864
2026-05,HX-C0178,8,0,1,12583798,285,85000,443638,86700,21675,19126,127501
2026-06,HX-C0178,8,0,1,12998726,285,85000,455463,88330,22082,19486,129898
2026-07,HX-C0178,8,0,1,13226702,285,85000,461961,88899,22224,19611,130734
2025-11,HX-C0179,9,0,1,42360636,235,85000,1080474,220857,55214,48719,324790
2025-12,HX-C0179,9,0,1,44102038,235,85000,1121397,227544,56886,50194,334624
2026-01,HX-C0179,9,0,1,45584759,235,85000,1156241,232885,58221,51372,342478
2026-02,HX-C0179,9,0,1,45877004,235,85000,1163109,232528,58132,51294,341954
2026-03,HX-C0179,9,0,1,47095127,235,85000,1191735,236468,59117,52163,347748
2026-04,HX-C0179,9,0,1,47957423,235,85000,1211999,238675,59668,52651,350994
2026-05,HX-C0179,9,0,1,49041877,235,85000,1237484,241843,60460,53349,355652
2026-06,HX-C0179,9,0,1,50297287,235,85000,1266986,245713,61428,54203,361344
2026-07,HX-C0179,9,0,1,51838441,235,85000,1303203,250788,62697,55321,368806
2025-05,HX-C0180,7,0,1,14768147,285,85000,505892,107948,26987,23813,158748
2025-06,HX-C0180,7,0,1,14983570,285,85000,512031,108492,27123,23933,159548
2025-07,HX-C0180,7,0,1,15281144,285,85000,520512,109511,27377,24158,161046
2025-08,HX-C0180,7,0,1,15527519,285,85000,527534,110199,27549,24310,162058
2025-09,HX-C0180,7,0,1,16045554,285,85000,542298,112472,28118,24810,165400
2025-10,HX-C0180,7,0,1,16295970,285,85000,549435,113130,28282,24956,166368
2025-11,HX-C0180,7,0,1,16835283,285,85000,564805,115450,28862,25468,169780
2025-12,HX-C0180,7,0,1,17667007,285,85000,588509,119415,29853,26343,175611
2026-01,HX-C0180,7,0,1,18204614,285,85000,603831,121620,30405,26829,178854
2026-02,HX-C0180,7,0,1,18631085,285,85000,615985,123147,30786,27166,181099
2026-03,HX-C0180,7,0,1,19324109,285,85000,635737,126145,31536,27827,185508
2026-04,HX-C0180,7,0,1,19801724,285,85000,649349,127874,31968,28209,188051
2026-05,HX-C0180,7,0,1,20448570,285,85000,667784,130506,32626,28789,191921
2026-06,HX-C0180,7,0,1,20830046,285,85000,678656,131615,32903,29034,193552
2026-07,HX-C0180,7,0,1,21118103,285,85000,686865,132179,33044,29159,194382
2024-02,HX-C0181,2,0,1,3912272,285,85000,196499,46338,11584,10223,68145
2024-03,HX-C0181,2,0,1,3966087,285,85000,198033,46404,11601,10237,68242
2024-04,HX-C0181,2,0,1,4107549,285,85000,202065,47047,11761,10379,69187
2024-05,HX-C0181,2,0,1,4198858,285,85000,204667,47346,11836,10445,69627
2024-06,HX-C0181,2,0,1,4236652,285,85000,205744,47287,11821,10433,69541
2024-07,HX-C0181,2,0,1,4343646,285,85000,208793,47676,11919,10517,70112
2024-08,HX-C0181,2,0,1,4403404,285,85000,210497,47750,11937,10534,70221
2024-09,HX-C0181,2,0,1,4522360,285,85000,213887,48199,12049,10634,70882
2024-10,HX-C0181,2,0,1,4606357,285,85000,216281,48415,12103,10681,71199
2024-11,HX-C0181,2,0,1,4701208,285,85000,218984,48692,12173,10742,71607
2024-12,HX-C0181,2,0,1,4869089,285,85000,223769,49422,12355,10903,72680
2025-01,HX-C0181,2,0,1,5050067,285,85000,228926,50218,12554,11079,73851
2025-02,HX-C0181,2,0,1,5148318,285,85000,231727,50486,12621,11138,74245
2025-03,HX-C0181,2,0,1,5280414,285,85000,235491,50954,12738,11241,74933
2025-04,HX-C0181,2,0,1,5445281,285,85000,240190,51612,12903,11385,75900
2025-05,HX-C0181,2,0,1,5489542,285,85000,241451,51521,12880,11366,75767
2025-06,HX-C0181,2,0,1,5618228,285,85000,245119,51937,12984,11458,76379
2025-07,HX-C0181,2,0,1,5719698,285,85000,248011,52179,13044,11511,76734
2025-08,HX-C0181,2,0,1,5863933,285,85000,252122,52666,13166,11619,77451
2025-09,HX-C0181,2,0,1,6000302,285,85000,256008,53095,13273,11714,78082
2025-10,HX-C0181,2,0,1,6166895,285,85000,260756,53690,13422,11844,78956
2025-11,HX-C0181,2,0,1,6239268,285,85000,262819,53722,13430,11851,79003
2025-12,HX-C0181,2,0,1,6397022,285,85000,267315,54240,13560,11966,79766
2026-01,HX-C0181,2,0,1,6600289,285,85000,273108,55007,13751,12136,80894
2026-02,HX-C0181,2,0,1,6863382,285,85000,280606,56098,14024,12376,82498
2026-03,HX-C0181,2,0,1,7114079,285,85000,287751,57096,14274,12595,83965
2026-04,HX-C0181,2,0,1,7293946,285,85000,292877,57675,14418,12724,84817
2026-05,HX-C0181,2,0,1,7366189,285,85000,294936,57639,14409,12716,84764
2026-06,HX-C0181,2,0,1,7527173,285,85000,299524,58088,14522,12814,85424
2026-07,HX-C0181,2,0,1,7584595,285,85000,301160,57955,14488,12785,85228
2025-11,HX-C0182,9,0,1,15341121,285,85000,522221,106745,26686,23548,156979
2025-12,HX-C0182,9,0,1,15594868,285,85000,529453,107431,26857,23700,157988
2026-01,HX-C0182,9,0,1,15904177,285,85000,538269,108415,27103,23917,159435
2026-02,HX-C0182,9,0,1,16172289,285,85000,545910,109137,27284,24076,160497
2026-03,HX-C0182,9,0,1,16475018,285,85000,554538,110033,27508,24273,161814
2026-04,HX-C0182,9,0,1,16919518,285,85000,567206,111698,27924,24640,164262
2026-05,HX-C0182,9,0,1,17475040,285,85000,583038,113944,28486,25135,167565
2026-06,HX-C0182,9,0,1,17761204,285,85000,591194,114653,28663,25292,168608
2026-07,HX-C0182,9,0,1,18082219,285,85000,600343,115529,28882,25486,169897
2026-05,HX-C0183,11,0,1,11948386,285,85000,425529,83161,20790,18346,122297
2026-06,HX-C0183,11,0,1,11799791,285,85000,421294,81704,20426,18023,120153
2026-07,HX-C0183,11,0,1,12049533,285,85000,428411,82443,20610,18187,121240
2024-02,HX-C0184,2,0,1,29158763,235,85000,770230,181638,45409,40068,267115
2024-03,HX-C0184,2,0,1,29931602,235,85000,788392,184741,46185,40753,271679
2024-04,HX-C0184,2,0,1,30927400,235,85000,811793,189010,47252,41695,277957
2024-05,HX-C0184,2,0,1,31750669,235,85000,831140,192272,48068,42413,282753
2024-06,HX-C0184,2,0,1,32837849,235,85000,856689,196900,49225,43435,289560
2024-07,HX-C0184,2,0,1,33471400,235,85000,871577,199019,49754,43902,292675
2024-08,HX-C0184,2,0,1,34245585,235,85000,889771,201842,50460,44525,296827
2024-09,HX-C0184,2,0,1,35852725,235,85000,927539,209022,52255,46109,307386
2024-10,HX-C0184,2,0,1,36871608,235,85000,951482,212994,53248,46985,313227
2024-11,HX-C0184,2,0,1,39121041,235,85000,1004344,223325,55831,49264,328420
2024-12,HX-C0184,2,0,1,39354717,235,85000,1009835,223035,55758,49201,327994
2025-01,HX-C0184,2,0,1,39866705,235,85000,1021867,224164,56041,49449,329654
2025-02,HX-C0184,2,0,1,40890111,235,85000,1045917,227875,56968,50268,335111
2025-03,HX-C0184,2,0,1,42005911,235,85000,1072138,231984,57996,51174,341154
2025-04,HX-C0184,2,0,1,43790838,235,85000,1114084,239394,59848,52808,352050
2025-05,HX-C0184,2,0,1,44742404,235,85000,1136446,242498,60624,53494,356616
2025-06,HX-C0184,2,0,1,45004148,235,85000,1142597,242102,60525,53406,356033
2025-07,HX-C0184,2,0,1,45645121,235,85000,1157660,243562,60890,53728,358180
2025-08,HX-C0184,2,0,1,47619612,235,85000,1204060,251523,62880,55484,369887
2025-09,HX-C0184,2,0,1,48901313,235,85000,1234180,255968,63992,56464,376424
2025-10,HX-C0184,2,0,1,49897085,235,85000,1257581,258940,64735,57120,380795
2025-11,HX-C0184,2,0,1,51125393,235,85000,1286446,262959,65739,58007,386705
2025-12,HX-C0184,2,0,1,50768809,235,85000,1278067,259335,64833,57207,381375
2026-01,HX-C0184,2,0,1,51843292,235,85000,1303317,262508,65627,57907,386042
2026-02,HX-C0184,2,0,1,52253013,235,85000,1312945,262483,65620,57902,386005
2026-03,HX-C0184,2,0,1,53679554,235,85000,1346469,267171,66792,58936,392899
2026-04,HX-C0184,2,0,1,55117115,235,85000,1380252,271809,67952,59959,399720
2026-05,HX-C0184,2,0,1,57551651,235,85000,1437463,280925,70231,61970,413126
2026-06,HX-C0184,2,0,1,59741591,235,85000,1488927,288755,72188,63698,424641
2026-07,HX-C0184,2,0,1,59860039,235,85000,1491710,287064,71766,63323,422153
2024-11,HX-C0185,5,0,1,32818290,285,85000,1020321,226877,56719,50048,333644
2024-12,HX-C0185,5,0,1,33461230,285,85000,1038645,229398,57349,50604,337351
2025-01,HX-C0185,5,0,1,34469763,285,85000,1067388,234150,58537,51652,344339
2025-02,HX-C0185,5,0,1,34954520,285,85000,1081203,235563,58890,51964,346417
2025-03,HX-C0185,5,0,1,35408915,285,85000,1094154,236748,59187,52224,348159
2025-04,HX-C0185,5,0,1,36381103,285,85000,1121861,241065,60266,53177,354508
2025-05,HX-C0185,5,0,1,36681958,285,85000,1130435,241216,60304,53210,354730
2025-06,HX-C0185,5,0,1,38278626,285,85000,1175940,249166,62291,54965,366422
2025-07,HX-C0185,5,0,1,39838255,285,85000,1220390,256759,64189,56640,377588
2025-08,HX-C0185,5,0,1,40398177,285,85000,1236348,258268,64567,56971,379806
2025-09,HX-C0185,5,0,1,41098906,285,85000,1256318,260559,65139,57478,383176
2025-10,HX-C0185,5,0,1,41430249,285,85000,1265762,260624,65156,57492,383272
2025-11,HX-C0185,5,0,1,41115851,285,85000,1256801,256899,64224,56671,377794
2025-12,HX-C0185,5,0,1,42346240,285,85000,1291867,262135,65533,57825,385493
2026-01,HX-C0185,5,0,1,42887134,285,85000,1307283,263307,65826,58084,387217
2026-02,HX-C0185,5,0,1,44240937,285,85000,1345866,269065,67266,59353,395684
2026-03,HX-C0185,5,0,1,45262286,285,85000,1374975,272827,68206,60184,401217
2026-04,HX-C0185,5,0,1,46859262,285,85000,1420488,279733,69933,61707,411373
2026-05,HX-C0185,5,0,1,47912775,285,85000,1450514,283476,70869,62532,416877
2026-06,HX-C0185,5,0,1,48882646,285,85000,1478155,286666,71666,63237,421569
2026-07,HX-C0185,5,0,1,50382334,285,85000,1520896,292680,73170,64563,430413
2024-08,HX-C0186,4,0,1,16685568,285,85000,560538,127156,31789,28050,186995
2024-09,HX-C0186,4,0,1,17027629,285,85000,570287,128515,32128,28350,188993
2024-10,HX-C0186,4,0,1,17719845,285,85000,590015,132077,33019,29136,194232
2024-11,HX-C0186,4,0,1,17935212,285,85000,596153,132560,33140,29242,194942
2024-12,HX-C0186,4,0,1,18519942,285,85000,612818,135349,33837,29857,199043
2025-01,HX-C0186,4,0,1,18673318,285,85000,617189,135391,33847,29867,199105
2025-02,HX-C0186,4,0,1,19346625,285,85000,636378,138648,34662,30585,203895
2025-03,HX-C0186,4,0,1,19712698,285,85000,646811,139954,34988,30873,205815
2025-04,HX-C0186,4,0,1,20026484,285,85000,655754,140908,35227,31083,207218
2025-05,HX-C0186,4,0,1,20885837,285,85000,680246,145153,36288,32020,213461
2025-06,HX-C0186,4,0,1,21557584,285,85000,699391,148192,37048,32690,217930
2025-07,HX-C0186,4,0,1,22211571,285,85000,718029,151067,37766,33325,222158
2025-08,HX-C0186,4,0,1,22762188,285,85000,733722,153271,38317,33811,225399
2025-09,HX-C0186,4,0,1,22922918,285,85000,738303,153123,38280,33779,225182
2025-10,HX-C0186,4,0,1,23570907,285,85000,756770,155821,38955,34373,229149
2025-11,HX-C0186,4,0,1,24701822,285,85000,789001,161277,40319,35577,237173
2025-12,HX-C0186,4,0,1,24841527,285,85000,792983,160905,40226,35495,236626
2026-01,HX-C0186,4,0,1,25546960,285,85000,813088,163768,40942,36126,240836
2026-02,HX-C0186,4,0,1,26202658,285,85000,831775,166287,41571,36683,244541
2026-03,HX-C0186,4,0,1,27050463,285,85000,855938,169838,42459,37465,249762
2026-04,HX-C0186,4,0,1,28149649,285,85000,887264,174726,43681,38544,256951
2026-05,HX-C0186,4,0,1,29141510,285,85000,915533,178924,44731,39469,263124
2026-06,HX-C0186,4,0,1,29550855,285,85000,927199,179817,44954,39666,264437
2026-07,HX-C0186,4,0,1,30045418,285,85000,941294,181142,45285,39959,266386
2024-02,HX-C0187,2,0,1,14766857,285,85000,505855,119292,29823,26315,175430
2024-03,HX-C0187,2,0,1,15122949,285,85000,516004,120913,30228,26673,177814
2024-04,HX-C0187,2,0,1,15507416,285,85000,526961,122693,30673,27065,180431
2024-05,HX-C0187,2,0,1,16052763,285,85000,542503,125500,31375,27684,184559
2024-06,HX-C0187,2,0,1,16493331,285,85000,555059,127574,31893,28142,187609
2024-07,HX-C0187,2,0,1,16956848,285,85000,568270,129761,32440,28624,190825
2024-08,HX-C0187,2,0,1,17447771,285,85000,582261,132084,33021,29137,194242
2024-09,HX-C0187,2,0,1,17952606,285,85000,596649,134455,33613,29661,197729
2024-10,HX-C0187,2,0,1,18476419,285,85000,611577,136905,34226,30200,201331
2024-11,HX-C0187,2,0,1,18441736,285,85000,610589,135770,33942,29950,199662
2024-12,HX-C0187,2,0,1,18852191,285,85000,622287,137440,34360,30318,202118
2025-01,HX-C0187,2,0,1,19365161,285,85000,636907,139716,34929,30821,205466
2025-02,HX-C0187,2,0,1,19802411,285,85000,649368,141478,35369,31210,208057
2025-03,HX-C0187,2,0,1,19985566,285,85000,654588,141636,35409,31244,208289
2025-04,HX-C0187,2,0,1,20613983,285,85000,672498,144506,36126,31877,212509
2025-05,HX-C0187,2,0,1,21601850,285,85000,700652,149507,37376,32981,219864
2025-06,HX-C0187,2,0,1,21834767,285,85000,707290,149865,37466,33060,220391
2025-07,HX-C0187,2,0,1,22422869,285,85000,724051,152334,38083,33604,224021
2025-08,HX-C0187,2,0,1,23109379,285,85000,743617,155338,38834,34267,228439
2025-09,HX-C0187,2,0,1,23423182,285,85000,752560,156080,39020,34430,229530
2025-10,HX-C0187,2,0,1,24284202,285,85000,777099,160007,40001,35297,235305
2025-11,HX-C0187,2,0,1,24948167,285,85000,796022,162713,40678,35893,239284
2025-12,HX-C0187,2,0,1,25935778,285,85000,824169,167233,41808,36891,245932
2026-01,HX-C0187,2,0,1,26526063,285,85000,840992,169388,42347,37366,249101
2026-02,HX-C0187,2,0,1,27754683,285,85000,876008,175131,43782,38633,257546
2026-03,HX-C0187,2,0,1,28523833,285,85000,897929,178170,44542,39303,262015
2026-04,HX-C0187,2,0,1,28739875,285,85000,904086,178039,44509,39275,261823
2026-05,HX-C0187,2,0,1,29374267,285,85000,922166,180220,45055,39755,265030
2026-06,HX-C0187,2,0,1,30499684,285,85000,954240,185061,46265,40823,272149
2026-07,HX-C0187,2,0,1,30901053,285,85000,965680,185835,46458,40994,273287
2026-02,HX-C0188,10,0,1,112636128,285,85000,3295129,658761,164690,145316,968767
2026-03,HX-C0188,10,0,1,116180261,285,85000,3396137,673874,168468,148650,990992
2026-04,HX-C0188,10,0,1,121906393,285,85000,3559332,700931,175232,154619,1030782
2026-05,HX-C0188,10,0,1,127615628,285,85000,3722045,727406,181851,160458,1069715
2026-06,HX-C0188,10,0,1,132752090,285,85000,3868434,750228,187557,165492,1103277
2026-07,HX-C0188,10,0,1,136420045,285,85000,3972971,764558,191139,168653,1124350
2024-05,HX-C0189,3,0,1,9272513,235,85000,302904,70071,17517,15459,103047
2024-06,HX-C0189,3,0,1,9562025,235,85000,309707,71182,17795,15703,104680
2024-07,HX-C0189,3,0,1,9951698,235,85000,318864,72810,18202,16062,107074
2024-08,HX-C0189,3,0,1,10180874,235,85000,324250,73554,18388,16227,108169
2024-09,HX-C0189,3,0,1,10421549,235,85000,329906,74344,18586,16400,109330
2024-10,HX-C0189,3,0,1,10646369,235,85000,335189,75033,18758,16553,110344
2024-11,HX-C0189,3,0,1,10917053,235,85000,341550,75946,18986,16754,111686
2024-12,HX-C0189,3,0,1,11158773,235,85000,347231,76690,19172,16918,112780
2025-01,HX-C0189,3,0,1,11346252,235,85000,351636,77137,19284,17016,113437
2025-02,HX-C0189,3,0,1,11513124,235,85000,355558,77465,19366,17089,113920
2025-03,HX-C0189,3,0,1,11722278,235,85000,360473,77997,19499,17206,114702
2025-04,HX-C0189,3,0,1,12129481,235,85000,370042,79514,19878,17541,116933
2025-05,HX-C0189,3,0,1,12641551,235,85000,382076,81528,20382,17985,119895
2025-06,HX-C0189,3,0,1,12933362,235,85000,388934,82409,20602,18180,121191
2025-07,HX-C0189,3,0,1,13211620,235,85000,395473,83204,20801,18354,122359
2025-08,HX-C0189,3,0,1,13431457,235,85000,400639,83691,20922,18463,123076
2025-09,HX-C0189,3,0,1,13770418,235,85000,408604,84744,21186,18694,124624
2025-10,HX-C0189,3,0,1,13871909,235,85000,410989,84623,21155,18669,124447
2025-11,HX-C0189,3,0,1,14502885,235,85000,425817,87040,21760,19200,128000
2025-12,HX-C0189,3,0,0,0,235,0,0,0,0,0,0
2026-01,HX-C0189,3,0,0,0,235,0,0,0,0,0,0
2026-02,HX-C0189,3,0,0,0,235,0,0,0,0,0,0
2026-03,HX-C0189,3,0,0,0,235,0,0,0,0,0,0
2026-04,HX-C0189,3,0,0,0,235,0,0,0,0,0,0
2026-05,HX-C0189,3,0,0,0,235,0,0,0,0,0,0
2026-06,HX-C0189,3,0,0,0,235,0,0,0,0,0,0
2026-07,HX-C0189,3,0,0,0,235,0,0,0,0,0,0
2026-02,HX-C0190,10,0,1,52512042,235,85000,1319032,263700,65925,58170,387795
2026-03,HX-C0190,10,0,1,52306649,235,85000,1314206,260769,65192,57524,383485
2026-04,HX-C0190,10,0,1,54082103,235,85000,1355929,267020,66755,58902,392677
2026-05,HX-C0190,10,0,1,55414768,235,85000,1387247,271111,67777,59806,398694
2026-06,HX-C0190,10,0,1,57367461,235,85000,1433135,277936,69484,61310,408730
2026-07,HX-C0190,10,0,1,58466617,235,85000,1458965,280763,70190,61934,412887
2026-05,HX-C0191,11,0,1,149291474,285,85000,4339807,848136,212034,187090,1247260
2026-06,HX-C0191,11,0,1,156260173,285,85000,4538414,880161,220040,194154,1294355
2026-07,HX-C0191,11,0,1,157172773,285,85000,4564424,878377,219594,193760,1291731
2025-11,HX-C0192,9,0,1,15465773,285,85000,525774,107471,26867,23709,158047
2025-12,HX-C0192,9,0,1,15928201,285,85000,538953,109359,27339,24125,160823
2026-01,HX-C0192,9,0,1,16123523,285,85000,544520,109674,27418,24194,161286
2026-02,HX-C0192,9,0,1,16704909,285,85000,561089,112172,28043,24745,164960
2026-03,HX-C0192,9,0,1,17103553,285,85000,572451,113587,28396,25058,167041
2026-04,HX-C0192,9,0,1,17203305,285,85000,575294,113291,28322,24992,166605
2026-05,HX-C0192,9,0,1,18110373,285,85000,601145,117482,29370,25917,172769
2026-06,HX-C0192,9,0,1,18461235,285,85000,611145,118522,29630,26146,174298
2026-07,HX-C0192,9,0,1,18892577,285,85000,623438,119973,29993,26466,176432
2026-02,HX-C0193,10,0,1,11704881,285,85000,418589,83684,20921,18460,123065
2026-03,HX-C0193,10,0,1,12112783,285,85000,430214,85364,21341,18831,125536
2026-04,HX-C0193,10,0,1,12280532,285,85000,434995,85662,21415,18897,125974
2026-05,HX-C0193,10,0,1,12743537,285,85000,448190,87590,21897,19322,128809
2026-06,HX-C0193,10,0,1,13164946,285,85000,460200,89249,22312,19688,131249
2026-07,HX-C0193,10,0,1,13225828,285,85000,461936,88894,22223,19610,130727
2025-08,HX-C0194,8,0,1,20680431,285,85000,674392,140877,35219,31077,207173
2025-09,HX-C0194,8,0,1,21554491,285,85000,699302,145035,36258,31994,213287
2025-10,HX-C0194,8,0,1,22432178,285,85000,724317,149139,37284,32900,219323
2025-11,HX-C0194,8,0,1,22948197,285,85000,739023,151062,37765,33323,222150
2025-12,HX-C0194,8,0,1,23991702,285,85000,768763,155990,38997,34411,229398
2026-01,HX-C0194,8,0,1,24836818,285,85000,792849,159691,39922,35228,234841
2026-02,HX-C0194,8,0,1,25551616,285,85000,813221,162578,40644,35864,239086
2026-03,HX-C0194,8,0,1,25924802,285,85000,823856,163472,40868,36061,240401
2026-04,HX-C0194,8,0,1,26877823,285,85000,851017,167588,41897,36969,246454
2026-05,HX-C0194,8,0,1,27620624,285,85000,872187,170452,42613,37601,250666
2026-06,HX-C0194,8,0,1,28045484,285,85000,884296,171496,42874,37831,252201
2026-07,HX-C0194,8,0,1,28766505,285,85000,904845,174128,43532,38411,256071
2023-08,HX-C0195,0,0,1,2028371,235,85000,132666,32476,8119,7164,47759
2023-09,HX-C0195,0,0,1,2056070,235,85000,133317,32436,8109,7155,47700
2023-10,HX-C0195,0,0,1,2101607,235,85000,134387,32495,8123,7170,47788
2023-11,HX-C0195,0,0,1,2158229,235,85000,135718,32614,8153,7195,47962
2023-12,HX-C0195,0,0,1,2238464,235,85000,137603,32861,8215,7250,48326
2024-01,HX-C0195,0,0,1,2253920,235,85000,137967,32742,8185,7223,48150
2024-02,HX-C0195,0,0,1,2300036,235,85000,139050,32790,8197,7235,48222
2024-03,HX-C0195,0,0,1,2364228,235,85000,140559,32936,8234,7266,48436
2024-04,HX-C0195,0,0,1,2424694,235,85000,141980,33056,8264,7293,48613
2024-05,HX-C0195,0,0,1,2437629,235,85000,142284,32915,8228,7262,48405
2024-06,HX-C0195,0,0,1,2524678,235,85000,144329,33172,8293,7318,48783
2024-07,HX-C0195,0,0,1,2631133,235,85000,146831,33527,8381,7397,49305
2024-08,HX-C0195,0,0,1,2723858,235,85000,149010,33802,8450,7457,49709
2024-09,HX-C0195,0,0,1,2804108,235,85000,150896,34004,8501,7501,50006
2024-10,HX-C0195,0,0,1,2902024,235,85000,153197,34293,8573,7566,50432
2024-11,HX-C0195,0,0,1,2986636,235,85000,155185,34506,8626,7613,50745
2024-12,HX-C0195,0,0,1,3011310,235,85000,155765,34402,8600,7590,50592
2025-01,HX-C0195,0,0,1,3124597,235,85000,158428,34753,8688,7667,51108
2025-02,HX-C0195,0,0,1,3202197,235,85000,160251,34913,8728,7703,51344
2025-03,HX-C0195,0,0,1,3307650,235,85000,162729,35210,8802,7768,51780
2025-04,HX-C0195,0,0,1,3318086,235,85000,162975,35020,8755,7725,51500
2025-05,HX-C0195,0,0,1,3395257,235,85000,164788,35162,8790,7758,51710
2025-06,HX-C0195,0,0,1,3477962,235,85000,166732,35328,8832,7793,51953
2025-07,HX-C0195,0,0,1,3635358,235,85000,170430,35857,8964,7910,52731
2025-08,HX-C0195,0,0,1,3703160,235,85000,172024,35934,8983,7928,52845
2025-09,HX-C0195,0,0,1,3837655,235,85000,175184,36333,9083,8015,53431
2025-10,HX-C0195,0,0,1,3914217,235,85000,176984,36441,9110,8039,53590
2025-11,HX-C0195,0,0,1,4023139,235,85000,179543,36699,9174,8097,53970
2025-12,HX-C0195,0,0,1,4100479,235,85000,181361,36800,9200,8118,54118
2026-01,HX-C0195,0,0,1,4184380,235,85000,183332,36925,9231,8146,54302
2026-02,HX-C0195,0,0,1,4300639,235,85000,186065,37198,9299,8206,54703
2026-03,HX-C0195,0,0,1,4359029,235,85000,187437,37191,9297,8206,54694
2026-04,HX-C0195,0,0,1,4444475,235,85000,189445,37306,9326,8231,54863
2026-05,HX-C0195,0,0,1,4480155,235,85000,190283,37187,9296,8204,54687
2026-06,HX-C0195,0,0,1,4638486,235,85000,194004,37623,9405,8301,55329
2026-07,HX-C0195,0,0,1,4788446,235,85000,197528,38012,9503,8385,55900
2025-05,HX-C0196,7,0,1,16280922,285,85000,549006,117149,29287,25842,172278
2025-06,HX-C0196,7,0,1,16649641,285,85000,559514,118553,29638,26153,174344
2025-07,HX-C0196,7,0,1,17460713,285,85000,582630,122580,30645,27040,180265
2025-08,HX-C0196,7,0,1,17872830,285,85000,594375,124161,31040,27390,182591
2025-09,HX-C0196,7,0,1,18607792,285,85000,615322,127617,31904,28152,187673
2025-10,HX-C0196,7,0,1,19159934,285,85000,631058,129937,32484,28663,191084
2025-11,HX-C0196,7,0,1,19627018,285,85000,644370,131713,32928,29056,193697
2025-12,HX-C0196,7,0,1,20046966,285,85000,656338,133178,33294,29379,195851
2026-01,HX-C0196,7,0,1,20995450,285,85000,683370,137641,34410,30363,202414
2026-02,HX-C0196,7,0,1,21612008,285,85000,700942,140131,35032,30913,206076
2026-03,HX-C0196,7,0,1,22300927,285,85000,720576,142979,35744,31541,210264
2026-04,HX-C0196,7,0,1,22383014,285,85000,722915,142362,35590,31404,209356
2026-05,HX-C0196,7,0,1,23434117,285,85000,752872,147135,36783,32457,216375
2026-06,HX-C0196,7,0,1,24408255,285,85000,780635,151393,37848,33396,222637
2026-07,HX-C0196,7,0,1,25337870,285,85000,807129,155323,38830,34264,228417
2026-05,HX-C0197,11,0,1,11088881,285,85000,401033,78374,19593,17289,115256
2026-06,HX-C0197,11,0,1,11365013,285,85000,408902,79300,19825,17493,116618
2026-07,HX-C0197,11,0,1,11704130,285,85000,418567,80548,20137,17769,118454
2026-02,HX-C0198,10,0,1,18032456,235,85000,508762,101711,25427,22438,149576
2026-03,HX-C0198,10,0,1,18786630,235,85000,526485,104467,26116,23045,153628
2026-04,HX-C0198,10,0,1,19376219,235,85000,540341,106407,26601,23474,156482
2026-05,HX-C0198,10,0,1,20099024,235,85000,557327,108919,27229,24027,160175
2026-06,HX-C0198,10,0,1,20190548,235,85000,559477,108502,27125,23935,159562
2026-07,HX-C0198,10,0,1,20521866,235,85000,567263,109163,27290,24082,160535
2023-11,HX-C0199,1,0,1,15663791,235,85000,453099,108885,27221,24019,160125
2023-12,HX-C0199,1,0,1,15813909,235,85000,456626,109049,27262,24056,160367
2024-01,HX-C0199,1,0,1,16082324,235,85000,462934,109862,27465,24236,161563
2024-02,HX-C0199,1,0,1,16335576,235,85000,468886,110574,27643,24392,162609
2024-03,HX-C0199,1,0,1,16656151,235,85000,476419,111637,27909,24627,164173
2024-04,HX-C0199,1,0,1,17252157,235,85000,490425,114186,28546,25189,167921
2024-05,HX-C0199,1,0,1,17619073,235,85000,499048,115447,28861,25468,169776
2024-06,HX-C0199,1,0,1,17955178,235,85000,506946,116515,29128,25704,171347
2024-07,HX-C0199,1,0,1,18627633,235,85000,522749,119366,29841,26332,175539
2024-08,HX-C0199,1,0,1,19688182,235,85000,547672,124238,31059,27406,182703
2024-09,HX-C0199,1,0,1,19862600,235,85000,551771,124342,31085,27429,182856
2024-10,HX-C0199,1,0,1,20532584,235,85000,567515,127041,31760,28024,186825
2024-11,HX-C0199,1,0,1,20956737,235,85000,577483,128408,32102,28326,188836
2024-12,HX-C0199,1,0,1,21265452,235,85000,584738,129146,32286,28490,189922
2025-01,HX-C0199,1,0,1,21732957,235,85000,595724,130682,32670,28828,192180
2025-02,HX-C0199,1,0,1,22183084,235,85000,606302,132096,33024,29139,194259
2025-03,HX-C0199,1,0,1,22825627,235,85000,621402,134456,33614,29660,197730
2025-04,HX-C0199,1,0,1,23608713,235,85000,639804,137481,34370,30327,202178
2025-05,HX-C0199,1,0,1,24383604,235,85000,658014,140409,35102,30973,206484
2025-06,HX-C0199,1,0,0,0,235,0,0,0,0,0,0
2025-07,HX-C0199,1,0,0,0,235,0,0,0,0,0,0
2025-08,HX-C0199,1,0,0,0,235,0,0,0,0,0,0
2025-09,HX-C0199,1,0,0,0,235,0,0,0,0,0,0
2025-10,HX-C0199,1,0,0,0,235,0,0,0,0,0,0
2025-11,HX-C0199,1,0,0,0,235,0,0,0,0,0,0
2025-12,HX-C0199,1,0,0,0,235,0,0,0,0,0,0
2026-01,HX-C0199,1,0,0,0,235,0,0,0,0,0,0
2026-02,HX-C0199,1,0,0,0,235,0,0,0,0,0,0
2026-03,HX-C0199,1,0,0,0,235,0,0,0,0,0,0
2026-04,HX-C0199,1,0,0,0,235,0,0,0,0,0,0
2026-05,HX-C0199,1,0,0,0,235,0,0,0,0,0,0
2026-06,HX-C0199,1,0,0,0,235,0,0,0,0,0,0
2026-07,HX-C0199,1,0,0,0,235,0,0,0,0,0,0
2025-05,HX-C0200,7,0,1,65877372,235,85000,1633118,348480,87120,76872,512472
2025-06,HX-C0200,7,0,1,67368894,235,85000,1668169,353464,88366,77971,519801
2025-07,HX-C0200,7,0,1,68345279,235,85000,1691114,355796,88949,78485,523230
2025-08,HX-C0200,7,0,1,69373425,235,85000,1715275,358313,89578,79041,526932
2025-09,HX-C0200,7,0,1,72278665,235,85000,1783548,369907,92476,81599,543982
2025-10,HX-C0200,7,0,1,74043658,235,85000,1825025,375779,93944,82894,552617
2025-11,HX-C0200,7,0,1,75551731,235,85000,1860465,380293,95073,83889,559255
2025-12,HX-C0200,7,0,1,77057917,235,85000,1895861,384692,96173,84859,565724
2026-01,HX-C0200,7,0,1,78234098,235,85000,1923501,387423,96855,85462,569740
2026-02,HX-C0200,7,0,1,78546600,235,85000,1930845,386014,96503,85151,567668
2026-03,HX-C0200,7,0,1,80894029,235,85000,1986009,394071,98517,86929,579517
2026-04,HX-C0200,7,0,1,81912053,235,85000,2009933,395811,98952,87313,582076
2026-05,HX-C0200,7,0,1,83233132,235,85000,2040978,398872,99718,87987,586577
2026-06,HX-C0200,7,0,1,83514188,235,85000,2047583,397099,99274,87597,583970
2026-07,HX-C0200,7,0,1,85462607,235,85000,2093371,402847,100711,88865,592423
2025-11,HX-C0201,9,0,1,17238396,285,85000,576294,117798,29449,25986,173233
2025-12,HX-C0201,9,0,1,17584313,285,85000,586152,118936,29734,26237,174907
2026-01,HX-C0201,9,0,1,18061780,285,85000,599760,120800,30200,26648,177648
2026-02,HX-C0201,9,0,1,18683425,285,85000,617477,123445,30861,27232,181538
2026-03,HX-C0201,9,0,1,19688170,285,85000,646112,128203,32050,28282,188535
2026-04,HX-C0201,9,0,1,20318594,285,85000,664079,130775,32693,28849,192317
2026-05,HX-C0201,9,0,1,20980096,285,85000,682932,133466,33366,29442,196274
2026-06,HX-C0201,9,0,1,21666617,285,85000,702498,136239,34059,30054,200352
2026-07,HX-C0201,9,0,1,22382233,285,85000,722893,139113,34778,30687,204578
2025-11,HX-C0202,9,0,1,8941396,285,85000,339829,69463,17365,15324,102152
2025-12,HX-C0202,9,0,1,9029251,285,85000,342333,69463,17365,15324,102152
2026-01,HX-C0202,9,0,1,9368368,285,85000,351998,70897,17724,15640,104261
2026-02,HX-C0202,9,0,1,9763229,285,85000,363252,72621,18155,16020,106796
2026-03,HX-C0202,9,0,1,10069066,285,85000,371968,73807,18451,16282,108540
2026-04,HX-C0202,9,0,1,10443121,285,85000,382628,75350,18837,16622,110809
2026-05,HX-C0202,9,0,1,10724905,285,85000,390659,76347,19086,16842,112275
2026-06,HX-C0202,9,0,1,10983218,285,85000,398021,77190,19297,17028,113515
2026-07,HX-C0202,9,0,1,11177505,285,85000,403558,77660,19415,17131,114206
2024-08,HX-C0203,4,0,1,18942488,235,85000,530148,120262,30065,26530,176857
2024-09,HX-C0203,4,0,1,19181961,235,85000,535776,120738,30184,26634,177556
2024-10,HX-C0203,4,0,1,19644191,235,85000,546638,122368,30592,26993,179953
2024-11,HX-C0203,4,0,1,19877692,235,85000,552125,122769,30692,27083,180544
2024-12,HX-C0203,4,0,1,20424355,235,85000,564972,124781,31195,27526,183502
2025-01,HX-C0203,4,0,1,20574858,235,85000,568509,124712,31178,27511,183401
2025-02,HX-C0203,4,0,1,21442391,235,85000,588896,128303,32075,28304,188682
2025-03,HX-C0203,4,0,1,22084539,235,85000,603986,130687,32671,28830,192188
2025-04,HX-C0203,4,0,1,22629653,235,85000,616796,132536,33134,29237,194907
2025-05,HX-C0203,4,0,1,22926644,235,85000,623776,133103,33275,29362,195740
2025-06,HX-C0203,4,0,1,23482116,235,85000,636829,134935,33733,29767,198435
2025-07,HX-C0203,4,0,1,24283975,235,85000,655673,137948,34487,30430,202865
2025-08,HX-C0203,4,0,1,24922805,235,85000,670685,140103,35025,30906,206034
2025-09,HX-C0203,4,0,1,25661577,235,85000,688047,142700,35675,31479,209854
2025-10,HX-C0203,4,0,1,26022700,235,85000,696533,143418,35854,31638,210910
2025-11,HX-C0203,4,0,1,26634575,235,85000,710912,145316,36329,32055,213700
2025-12,HX-C0203,4,0,1,27678710,235,85000,735449,149230,37307,32920,219457
2026-01,HX-C0203,4,0,1,28625300,235,85000,757694,152611,38152,33665,224428
2026-02,HX-C0203,4,0,1,29008822,235,85000,766707,153279,38319,33813,225411
2026-03,HX-C0203,4,0,1,29532389,235,85000,779011,154574,38643,34098,227315
2026-04,HX-C0203,4,0,1,30224063,235,85000,795265,156609,39152,34547,230308
2026-05,HX-C0203,4,0,1,31715377,235,85000,830311,162269,40567,35795,238631
2026-06,HX-C0203,4,0,1,31699361,235,85000,829934,160953,40238,35506,236697
2026-07,HX-C0203,4,0,1,33389227,235,85000,869646,167354,41838,36917,246109
2025-11,HX-C0204,9,0,1,114756919,285,85000,3355572,685905,171476,151303,1008684
2025-12,HX-C0204,9,0,1,117393035,285,85000,3430701,696130,174032,153559,1023721
2026-01,HX-C0204,9,0,1,119912150,285,85000,3502496,705458,176364,155617,1037439
2026-02,HX-C0204,9,0,1,123904705,285,85000,3616284,722967,180741,159479,1063187
2026-03,HX-C0204,9,0,1,127890949,285,85000,3729892,740099,185024,163259,1088382
2026-04,HX-C0204,9,0,1,130632443,285,85000,3808024,749906,187476,165421,1102803
2026-05,HX-C0204,9,0,1,136949510,285,85000,3988061,779394,194848,171926,1146168
2026-06,HX-C0204,9,0,1,140140016,285,85000,4078990,791062,197765,174500,1163327
2026-07,HX-C0204,9,0,1,143134818,285,85000,4164342,801385,200346,176777,1178508
2025-08,HX-C0205,8,0,1,10054375,285,85000,371549,77614,19403,17122,114139
2025-09,HX-C0205,8,0,1,10222403,285,85000,376338,78052,19513,17218,114783
2025-10,HX-C0205,8,0,1,10474916,285,85000,383535,78971,19742,17421,116134
2025-11,HX-C0205,8,0,1,10817519,285,85000,393299,80393,20098,17734,118225
2025-12,HX-C0205,8,0,1,10919878,285,85000,396216,80396,20099,17735,118230
2026-01,HX-C0205,8,0,1,11336484,285,85000,408089,82195,20548,18132,120875
2026-02,HX-C0205,8,0,1,11472418,285,85000,411963,82359,20589,18169,121117
2026-03,HX-C0205,8,0,1,11783408,285,85000,420827,83501,20875,18421,122797
2026-04,HX-C0205,8,0,1,12112398,285,85000,430203,84718,21179,18689,124586
2026-05,HX-C0205,8,0,1,12603891,285,85000,444210,86812,21703,19150,127665
2026-06,HX-C0205,8,0,1,12912301,285,85000,453000,87852,21963,19380,129195
2026-07,HX-C0205,8,0,1,13324306,285,85000,464742,89434,22358,19729,131521
2024-05,HX-C0206,3,0,1,15113199,285,85000,515726,119305,29826,26318,175449
2024-06,HX-C0206,3,0,1,15277495,285,85000,520408,119609,29902,26386,175897
2024-07,HX-C0206,3,0,1,15664822,285,85000,531447,121352,30338,26769,178459
2024-08,HX-C0206,3,0,1,16266788,285,85000,548603,124448,31112,27453,183013
2024-09,HX-C0206,3,0,1,16893859,285,85000,566474,127655,31913,28161,187729
2024-10,HX-C0206,3,0,1,17462235,285,85000,582673,130434,32608,28773,191815
2024-11,HX-C0206,3,0,1,18018994,285,85000,598541,133090,33272,29360,195722
2024-12,HX-C0206,3,0,1,18261021,285,85000,605439,133719,33429,29498,196646
2025-01,HX-C0206,3,0,1,18552424,285,85000,613744,134635,33658,29700,197993
2025-02,HX-C0206,3,0,1,18893544,285,85000,623466,135835,33958,29965,199758
2025-03,HX-C0206,3,0,1,18995732,285,85000,626378,135532,33883,29898,199313
2025-04,HX-C0206,3,0,1,19771518,285,85000,648488,139346,34836,30740,204922
2025-05,HX-C0206,3,0,1,20525798,285,85000,669985,142963,35740,31538,210241
2025-06,HX-C0206,3,0,1,20971214,285,85000,682679,144650,36162,31910,212722
2025-07,HX-C0206,3,0,1,21794566,285,85000,706145,148567,37141,32773,218481
2025-08,HX-C0206,3,0,1,22067997,285,85000,713937,149138,37284,32899,219321
2025-09,HX-C0206,3,0,1,22534339,285,85000,727228,150826,37706,33272,221804
2025-10,HX-C0206,3,0,1,22711975,285,85000,732291,150781,37695,33261,221737
2025-11,HX-C0206,3,0,1,23447697,285,85000,753259,153971,38492,33966,226429
2025-12,HX-C0206,3,0,1,23505393,285,85000,754903,153178,38294,33791,225263
2026-01,HX-C0206,3,0,1,24072699,285,85000,771071,155305,38826,34260,228391
2026-02,HX-C0206,3,0,1,24473532,285,85000,782495,156436,39109,34508,230053
2026-03,HX-C0206,3,0,1,25350326,285,85000,807484,160223,40055,35345,235623
2026-04,HX-C0206,3,0,1,26492358,285,85000,840032,165425,41356,36492,243273
2026-05,HX-C0206,3,0,1,27148166,285,85000,858722,167821,41955,37020,246796
2026-06,HX-C0206,3,0,1,27370777,285,85000,865067,167767,41941,37009,246717
2026-07,HX-C0206,3,0,1,28448675,285,85000,895787,172384,43096,38027,253507
2025-08,HX-C0207,8,0,1,16799379,235,85000,479785,100224,25056,22109,147389
2025-09,HX-C0207,8,0,1,17112043,235,85000,487133,101031,25257,22287,148575
2025-10,HX-C0207,8,0,1,17301865,235,85000,491593,101220,25305,22329,148854
2025-11,HX-C0207,8,0,1,18059530,235,85000,509398,104125,26031,22969,153125
2025-12,HX-C0207,8,0,1,18908970,235,85000,529360,107413,26853,23695,157961
2026-01,HX-C0207,8,0,1,19561300,235,85000,544690,109709,27427,24201,161337
2026-02,HX-C0207,8,0,1,20222922,235,85000,560238,112002,28000,24707,164709
2026-03,HX-C0207,8,0,1,20901444,235,85000,576183,114328,28582,25220,168130
2026-04,HX-C0207,8,0,1,21481719,235,85000,589820,116151,29037,25623,170811
2026-05,HX-C0207,8,0,1,21952008,235,85000,600872,117429,29357,25904,172690
2026-06,HX-C0207,8,0,1,22471773,235,85000,613086,118899,29724,26229,174852
2026-07,HX-C0207,8,0,1,23270576,235,85000,631858,121594,30398,26823,178815
2025-02,HX-C0208,6,0,1,8377857,285,85000,323768,70539,17634,15562,103735
2025-03,HX-C0208,6,0,1,8662618,285,85000,331884,71811,17952,15842,105605
2025-04,HX-C0208,6,0,1,8830001,285,85000,336655,72339,18084,15959,106382
2025-05,HX-C0208,6,0,1,9091489,285,85000,344107,73426,18356,16198,107980
2025-06,HX-C0208,6,0,1,9510763,285,85000,356056,75443,18860,16644,110947
2025-07,HX-C0208,6,0,1,9718093,285,85000,361965,76153,19038,16800,111991
2025-08,HX-C0208,6,0,1,10125479,285,85000,373576,78038,19509,17215,114762
2025-09,HX-C0208,6,0,1,10172273,285,85000,374909,77755,19438,17154,114347
2025-10,HX-C0208,6,0,1,10248033,285,85000,377068,77639,19409,17128,114176
2025-11,HX-C0208,6,0,1,10628283,285,85000,387906,79290,19822,17492,116604
2025-12,HX-C0208,6,0,1,10663913,285,85000,388921,78916,19729,17409,116054
2026-01,HX-C0208,6,0,1,10780972,285,85000,392257,79006,19751,17429,116186
2026-02,HX-C0208,6,0,1,10962306,285,85000,397425,79452,19863,17527,116842
2026-03,HX-C0208,6,0,1,11217131,285,85000,404688,80299,20074,17714,118087
2026-04,HX-C0208,6,0,1,11443262,285,85000,411132,80962,20240,17861,119063
2026-05,HX-C0208,6,0,1,11728545,285,85000,419263,81937,20484,18075,120496
2026-06,HX-C0208,6,0,1,11785041,285,85000,420873,81621,20405,18006,120032
2026-07,HX-C0208,6,0,1,12196504,285,85000,432600,83249,20812,18364,122425
2026-05,HX-C0209,11,0,1,39953361,285,85000,1223670,239143,59785,52754,351682
2026-06,HX-C0209,11,0,1,40104295,285,85000,1227972,238147,59536,52534,350217
2026-07,HX-C0209,11,0,1,41217997,285,85000,1259712,242418,60604,53476,356498
2025-05,HX-C0210,7,0,1,43308021,285,85000,1319278,281512,70378,62099,413989
2025-06,HX-C0210,7,0,1,42825474,285,85000,1305526,276624,69156,61021,406801
2025-07,HX-C0210,7,0,1,44571617,285,85000,1355291,285142,71285,62900,419327
2025-08,HX-C0210,7,0,1,45629368,285,85000,1385436,289411,72352,63842,425605
2025-09,HX-C0210,7,0,1,46881126,285,85000,1421112,294738,73684,65017,433439
2025-10,HX-C0210,7,0,1,47484178,285,85000,1438299,296150,74037,65329,435516
2025-11,HX-C0210,7,0,0,0,285,0,0,0,0,0,0
2025-12,HX-C0210,7,0,0,0,285,0,0,0,0,0,0
2026-01,HX-C0210,7,0,0,0,285,0,0,0,0,0,0
2026-02,HX-C0210,7,0,0,0,285,0,0,0,0,0,0
2026-03,HX-C0210,7,0,0,0,285,0,0,0,0,0,0
2026-04,HX-C0210,7,0,0,0,285,0,0,0,0,0,0
2026-05,HX-C0210,7,0,0,0,285,0,0,0,0,0,0
2026-06,HX-C0210,7,0,0,0,285,0,0,0,0,0,0
2026-07,HX-C0210,7,0,0,0,285,0,0,0,0,0,0
2026-05,HX-C0211,11,0,1,14290744,285,85000,492286,96207,24051,21224,141482
2026-06,HX-C0211,11,0,1,14535037,285,85000,499248,96821,24205,21359,142385
2026-07,HX-C0211,11,0,1,14957720,285,85000,511295,98393,24598,21705,144696
2025-02,HX-C0212,6,0,1,86289152,285,85000,2544240,554318,138579,122277,815174
2025-03,HX-C0212,6,0,1,89633023,285,85000,2639541,571132,142783,125986,839901
2025-04,HX-C0212,6,0,1,90563499,285,85000,2666059,572882,143220,126372,842474
2025-05,HX-C0212,6,0,1,93642759,285,85000,2753818,587620,146905,129623,864148
2025-06,HX-C0212,6,0,1,96552903,285,85000,2836757,601074,150268,132591,883933
2025-07,HX-C0212,6,0,1,101020598,285,85000,2964087,623619,155904,137565,917088
2025-08,HX-C0212,6,0,1,104267037,285,85000,3056610,638513,159628,140849,938990
2025-09,HX-C0212,6,0,1,106512341,285,85000,3120601,647212,161803,142768,951783
2025-10,HX-C0212,6,0,1,109242678,285,85000,3198416,658566,164641,145273,968480
2025-11,HX-C0212,6,0,1,111230171,285,85000,3255059,665359,166339,146772,978470
2025-12,HX-C0212,6,0,1,114122306,285,85000,3337485,677215,169303,149387,995905
2026-01,HX-C0212,6,0,1,115517493,285,85000,3377248,680231,170057,150052,1000340
2026-02,HX-C0212,6,0,1,115412205,285,85000,3374247,674579,168644,148805,992028
2026-03,HX-C0212,6,0,1,118727987,285,85000,3468747,688282,172070,151828,1012180
2026-04,HX-C0212,6,0,1,121428114,285,85000,3545701,698247,174561,154027,1026835
2026-05,HX-C0212,6,0,1,125851826,285,85000,3671777,717582,179395,158291,1055268
2026-06,HX-C0212,6,0,1,130706234,285,85000,3810127,738920,184730,162998,1086648
2026-07,HX-C0212,6,0,1,136731536,285,85000,3981848,766266,191566,169030,1126862
2025-11,HX-C0213,9,0,1,21649353,235,85000,593759,121368,30342,26773,178483
2025-12,HX-C0213,9,0,1,22133114,235,85000,605128,122787,30696,27087,180570
2026-01,HX-C0213,9,0,1,23221198,235,85000,630698,127032,31758,28022,186812
2026-02,HX-C0213,9,0,1,23629147,235,85000,640284,128005,32001,28237,188243
2026-03,HX-C0213,9,0,1,24421840,235,85000,658913,130743,32685,28842,192270
2026-04,HX-C0213,9,0,1,25053672,235,85000,673761,132682,33170,29269,195121
2026-05,HX-C0213,9,0,1,25629362,235,85000,687290,134318,33579,29630,197527
2026-06,HX-C0213,9,0,1,26337496,235,85000,703931,136517,34129,30115,200761
2026-07,HX-C0213,9,0,1,26988841,235,85000,719237,138409,34602,30533,203544
2024-02,HX-C0214,2,0,1,40046059,285,85000,1226312,289193,72298,63794,425285
2024-03,HX-C0214,2,0,1,40892523,285,85000,1250436,293012,73253,64635,430900
2024-04,HX-C0214,2,0,1,41292260,285,85000,1261829,293794,73448,64808,432050
2024-05,HX-C0214,2,0,1,41804049,285,85000,1276415,295280,73820,65136,434236
2024-06,HX-C0214,2,0,1,42991130,285,85000,1310247,301146,75286,66431,442863
2024-07,HX-C0214,2,0,1,44375174,285,85000,1349692,308193,77048,67985,453226
2024-08,HX-C0214,2,0,1,45317758,285,85000,1376556,312268,78067,68884,459219
2024-09,HX-C0214,2,0,1,46663394,285,85000,1414906,318851,79712,70336,468899
2024-10,HX-C0214,2,0,1,48668385,285,85000,1472048,329526,82381,72691,484598
2024-11,HX-C0214,2,0,1,49597558,285,85000,1498530,333212,83303,73504,490019
2024-12,HX-C0214,2,0,1,51049399,285,85000,1539907,340109,85027,75025,500161
2025-01,HX-C0214,2,0,1,52924344,285,85000,1593343,349528,87382,77102,514012
2025-02,HX-C0214,2,0,1,54195811,285,85000,1629580,355039,88759,78319,522117
2025-03,HX-C0214,2,0,1,55451735,285,85000,1665374,360346,90086,79490,529922
2025-04,HX-C0214,2,0,1,55916825,285,85000,1678629,360703,90175,79568,530446
2025-05,HX-C0214,2,0,1,57837172,285,85000,1733359,369871,92467,81590,543928
2025-06,HX-C0214,2,0,1,60576612,285,85000,1811433,383820,95955,84667,564442
2025-07,HX-C0214,2,0,1,62030701,285,85000,1852874,389829,97457,85993,573279
2025-08,HX-C0214,2,0,1,63981821,285,85000,1908481,398673,99668,87944,586285
2025-09,HX-C0214,2,0,1,65232892,285,85000,1944137,403213,100803,88945,592961
2025-10,HX-C0214,2,0,1,66535367,285,85000,1981257,407948,101987,89989,599924
2025-11,HX-C0214,2,0,1,67031280,285,85000,1995391,407873,101968,89973,599814
2025-12,HX-C0214,2,0,1,69815341,285,85000,2074737,420988,105247,92866,619101
2026-01,HX-C0214,2,0,1,70770124,285,85000,2101948,423365,105841,93390,622596
2026-02,HX-C0214,2,0,1,72251132,285,85000,2144157,428659,107164,94559,630382
2026-03,HX-C0214,2,0,1,73642493,285,85000,2183811,433320,108330,95586,637236
2026-04,HX-C0214,2,0,1,75759238,285,85000,2244138,441933,110483,97486,649902
2026-05,HX-C0214,2,0,1,76812035,285,85000,2274142,444439,111109,98040,653588
2026-06,HX-C0214,2,0,1,79909525,285,85000,2362421,458158,114539,101065,673762
2026-07,HX-C0214,2,0,1,82855757,285,85000,2446389,470783,117695,103850,692328
2023-11,HX-C0215,1,0,1,34458254,235,85000,894768,215023,53755,47433,316211
2023-12,HX-C0215,1,0,1,35164026,235,85000,911354,217645,54411,48011,320067
2024-01,HX-C0215,1,0,1,36573274,235,85000,944471,224141,56035,49444,329620
2024-02,HX-C0215,1,0,1,38185811,235,85000,982366,231665,57916,51103,340684
2024-03,HX-C0215,1,0,1,39150990,235,85000,1005048,235510,58877,51952,346339
2024-04,HX-C0215,1,0,1,40488960,235,85000,1036490,241327,60331,53236,354894
2024-05,HX-C0215,1,0,1,40629673,235,85000,1039797,240541,60135,53062,353738
2024-06,HX-C0215,1,0,1,42249787,235,85000,1077869,247736,61934,54649,364319
2024-07,HX-C0215,1,0,1,43042693,235,85000,1096503,250379,62594,55232,368205
2024-08,HX-C0215,1,0,1,43590074,235,85000,1109366,251657,62914,55513,370084
2024-09,HX-C0215,1,0,0,0,235,0,0,0,0,0,0
2024-10,HX-C0215,1,0,0,0,235,0,0,0,0,0,0
2024-11,HX-C0215,1,0,0,0,235,0,0,0,0,0,0
2024-12,HX-C0215,1,0,0,0,235,0,0,0,0,0,0
2025-01,HX-C0215,1,0,0,0,235,0,0,0,0,0,0
2025-02,HX-C0215,1,0,0,0,235,0,0,0,0,0,0
2025-03,HX-C0215,1,0,0,0,235,0,0,0,0,0,0
2025-04,HX-C0215,1,0,0,0,235,0,0,0,0,0,0
2025-05,HX-C0215,1,0,0,0,235,0,0,0,0,0,0
2025-06,HX-C0215,1,0,0,0,235,0,0,0,0,0,0
2025-07,HX-C0215,1,0,0,0,235,0,0,0,0,0,0
2025-08,HX-C0215,1,0,0,0,235,0,0,0,0,0,0
2025-09,HX-C0215,1,0,0,0,235,0,0,0,0,0,0
2025-10,HX-C0215,1,0,0,0,235,0,0,0,0,0,0
2025-11,HX-C0215,1,0,0,0,235,0,0,0,0,0,0
2025-12,HX-C0215,1,0,0,0,235,0,0,0,0,0,0
2026-01,HX-C0215,1,0,0,0,235,0,0,0,0,0,0
2026-02,HX-C0215,1,0,0,0,235,0,0,0,0,0,0
2026-03,HX-C0215,1,0,0,0,235,0,0,0,0,0,0
2026-04,HX-C0215,1,0,0,0,235,0,0,0,0,0,0
2026-05,HX-C0215,1,0,0,0,235,0,0,0,0,0,0
2026-06,HX-C0215,1,0,0,0,235,0,0,0,0,0,0
2026-07,HX-C0215,1,0,0,0,235,0,0,0,0,0,0
2024-02,HX-C0216,2,0,1,5779360,235,85000,220814,52073,13018,11487,76578
2024-03,HX-C0216,2,0,1,5858868,235,85000,222683,52180,13045,11511,76736
2024-04,HX-C0216,2,0,1,6011334,235,85000,226266,52681,13170,11622,77473
2024-05,HX-C0216,2,0,1,6233932,235,85000,231497,53553,13388,11814,78755
2024-06,HX-C0216,2,0,1,6393045,235,85000,235236,54066,13516,11927,79509
2024-07,HX-C0216,2,0,1,6589142,235,85000,239844,54766,13691,12082,80539
2024-08,HX-C0216,2,0,1,6796894,235,85000,244727,55515,13878,12247,81640
2024-09,HX-C0216,2,0,1,7006283,235,85000,249647,56258,14064,12411,82733
2024-10,HX-C0216,2,0,1,7150249,235,85000,253030,56641,14160,12496,83297
2024-11,HX-C0216,2,0,1,7474817,235,85000,260658,57959,14489,12787,85235
2024-12,HX-C0216,2,0,1,7640992,235,85000,264563,58432,14608,12890,85930
2025-01,HX-C0216,2,0,1,7763301,235,85000,267437,58667,14666,12942,86275
2025-02,HX-C0216,2,0,1,7957191,235,85000,271993,59259,14814,13073,87146
2025-03,HX-C0216,2,0,1,8174042,235,85000,277089,59954,14988,13227,88169
2025-04,HX-C0216,2,0,1,8366005,235,85000,281601,60509,15127,13349,88985
2025-05,HX-C0216,2,0,1,8519522,235,85000,285208,60858,15214,13426,89498
2025-06,HX-C0216,2,0,1,8679625,235,85000,288971,61229,15307,13507,90043
2025-07,HX-C0216,2,0,1,8932245,235,85000,294907,62045,15511,13688,91244
2025-08,HX-C0216,2,0,1,9226040,235,85000,301811,63046,15761,13909,92716
2025-09,HX-C0216,2,0,1,9475163,235,85000,307666,63809,15952,14077,93838
2025-10,HX-C0216,2,0,1,9725350,235,85000,313545,64559,16139,14243,94941
2025-11,HX-C0216,2,0,1,9768943,235,85000,314570,64300,16075,14184,94559
2025-12,HX-C0216,2,0,1,10169381,235,85000,323980,65739,16434,14502,96675
2026-01,HX-C0216,2,0,1,10635501,235,85000,334934,67460,16865,14882,99207
2026-02,HX-C0216,2,0,1,10947797,235,85000,342273,68427,17106,15095,100628
2026-03,HX-C0216,2,0,1,11382252,235,85000,352482,69940,17485,15429,102854
2026-04,HX-C0216,2,0,1,11664586,235,85000,359117,70720,17680,15600,104000
2026-05,HX-C0216,2,0,1,12213593,235,85000,372019,72704,18176,16038,106918
2026-06,HX-C0216,2,0,1,12426564,235,85000,377024,73118,18279,16130,107527
2026-07,HX-C0216,2,0,1,12875450,235,85000,387573,74584,18646,16453,109683
2025-02,HX-C0217,6,0,1,14863998,285,85000,508623,110814,27703,24445,162962
2025-03,HX-C0217,6,0,1,15206195,285,85000,518376,112163,28040,24744,164947
2025-04,HX-C0217,6,0,1,15580332,285,85000,529039,113679,28419,25078,167176
2025-05,HX-C0217,6,0,1,15632559,285,85000,530527,113205,28301,24973,166479
2025-06,HX-C0217,6,0,1,16240756,285,85000,547861,116084,29021,25608,170713
2025-07,HX-C0217,6,0,1,16597561,285,85000,558030,117404,29351,25899,172654
2025-08,HX-C0217,6,0,1,16815341,285,85000,564237,117866,29466,26001,173333
2025-09,HX-C0217,6,0,1,17061065,285,85000,571240,118475,29618,26135,174228
2025-10,HX-C0217,6,0,1,17476409,285,85000,583077,120057,30014,26484,176555
2025-11,HX-C0217,6,0,1,17918396,285,85000,595674,121760,30440,26859,179059
2025-12,HX-C0217,6,0,1,18140366,285,85000,602000,122152,30538,26946,179636
2026-01,HX-C0217,6,0,1,18474088,285,85000,611511,123167,30791,27171,181129
2026-02,HX-C0217,6,0,1,18873716,285,85000,622900,124529,31132,27471,183132
2026-03,HX-C0217,6,0,1,19476419,285,85000,640077,127006,31751,28017,186774
2026-04,HX-C0217,6,0,1,19713895,285,85000,646846,127381,31845,28100,187326
2026-05,HX-C0217,6,0,1,20626049,285,85000,672842,131494,32873,29007,193374
2026-06,HX-C0217,6,0,1,21211704,285,85000,689533,133724,33431,29499,196654
2026-07,HX-C0217,6,0,1,22413387,285,85000,723781,139284,34821,30725,204830
2024-08,HX-C0218,4,0,1,6266391,235,85000,232260,52687,13171,11623,77481
2024-09,HX-C0218,4,0,1,6339630,235,85000,233981,52727,13181,11633,77541
2024-10,HX-C0218,4,0,1,6501720,235,85000,237790,53230,13307,11743,78280
2024-11,HX-C0218,4,0,1,6759603,235,85000,243850,54221,13555,11962,79738
2024-12,HX-C0218,4,0,1,6970510,235,85000,248806,54952,13738,12122,80812
2025-01,HX-C0218,4,0,1,7119846,235,85000,252316,55349,13837,12211,81397
2025-02,HX-C0218,4,0,1,7378447,235,85000,258393,56296,14074,12419,82789
2025-03,HX-C0218,4,0,1,7592222,235,85000,263417,56996,14249,12574,83819
2025-04,HX-C0218,4,0,1,7793298,235,85000,268142,57617,14404,12711,84732
2025-05,HX-C0218,4,0,1,8018628,235,85000,273437,58346,14586,12872,85804
2025-06,HX-C0218,4,0,1,8156289,235,85000,276672,58622,14655,12933,86210
2025-07,HX-C0218,4,0,1,8345572,235,85000,281120,59145,14786,13047,86978
2025-08,HX-C0218,4,0,1,8627276,235,85000,287740,60107,15026,13260,88393
2025-09,HX-C0218,4,0,1,8843301,235,85000,292817,60730,15182,13397,89309
2025-10,HX-C0218,4,0,1,9249794,235,85000,302370,62258,15564,13735,91557
2025-11,HX-C0218,4,0,1,9519445,235,85000,308706,63101,15775,13921,92797
2025-12,HX-C0218,4,0,1,9802997,235,85000,315370,63992,15998,14116,94106
2026-01,HX-C0218,4,0,1,10023023,235,85000,320541,64561,16140,14243,94944
2026-02,HX-C0218,4,0,1,10169637,235,85000,323986,64770,16192,14289,95251
2026-03,HX-C0218,4,0,1,10568302,235,85000,333355,66144,16536,14592,97272
2026-04,HX-C0218,4,0,1,11018749,235,85000,343940,67731,16932,14942,99605
2026-05,HX-C0218,4,0,1,11087485,235,85000,345555,67532,16883,14897,99312
2026-06,HX-C0218,4,0,1,11166939,235,85000,347423,67377,16844,14864,99085
2026-07,HX-C0218,4,0,1,11138625,235,85000,346757,66729,16682,14721,98132
2025-05,HX-C0219,7,0,1,8603847,235,85000,287190,61281,15320,13519,90120
2025-06,HX-C0219,7,0,1,9033380,235,85000,297284,62990,15747,13896,92633
2025-07,HX-C0219,7,0,1,9216339,235,85000,301583,63450,15862,13997,93309
2025-08,HX-C0219,7,0,1,9479569,235,85000,307769,64291,16072,14183,94546
2025-09,HX-C0219,7,0,1,9616313,235,85000,310983,64497,16124,14228,94849
2025-10,HX-C0219,7,0,1,9752548,235,85000,314184,64691,16172,14271,95134
2025-11,HX-C0219,7,0,1,10002888,235,85000,320067,65424,16356,14432,96212
2025-12,HX-C0219,7,0,1,10249931,235,85000,325873,66123,16530,14587,97240
2026-01,HX-C0219,7,0,1,10539995,235,85000,332689,67008,16752,14782,98542
2026-02,HX-C0219,7,0,1,11081815,235,85000,345422,69056,17264,15234,101554
2026-03,HX-C0219,7,0,1,11147041,235,85000,346955,68843,17210,15188,101241
2026-04,HX-C0219,7,0,1,11463575,235,85000,354394,69789,17447,15396,102632
2026-05,HX-C0219,7,0,1,11926005,235,85000,365261,71383,17845,15748,104976
2026-06,HX-C0219,7,0,1,12356013,235,85000,375366,72796,18199,16059,107054
2026-07,HX-C0219,7,0,1,12416790,235,85000,376794,72509,18127,15996,106632
2024-08,HX-C0220,4,0,1,25866911,285,85000,822206,186515,46628,41144,274287
2024-09,HX-C0220,4,0,1,26383829,285,85000,836939,188605,47151,41605,277361
2024-10,HX-C0220,4,0,1,26683308,285,85000,845474,189264,47316,41750,278330
2024-11,HX-C0220,4,0,1,27302941,285,85000,863133,191925,47981,42338,282244
2024-12,HX-C0220,4,0,1,27572964,285,85000,870829,192334,48083,42428,282845
2025-01,HX-C0220,4,0,1,28748811,285,85000,904341,198383,49595,43762,291740
2025-02,HX-C0220,4,0,1,28840184,285,85000,906945,197597,49399,43589,290585
2025-03,HX-C0220,4,0,1,28953642,285,85000,910178,196940,49235,43443,289618
2025-04,HX-C0220,4,0,1,29667780,285,85000,930531,199951,49987,44109,294047
2025-05,HX-C0220,4,0,1,30341019,285,85000,949719,202654,50663,44704,298021
2025-06,HX-C0220,4,0,0,0,285,0,0,0,0,0,0
2025-07,HX-C0220,4,0,0,0,285,0,0,0,0,0,0
2025-08,HX-C0220,4,0,0,0,285,0,0,0,0,0,0
2025-09,HX-C0220,4,0,0,0,285,0,0,0,0,0,0
2025-10,HX-C0220,4,0,0,0,285,0,0,0,0,0,0
2025-11,HX-C0220,4,0,0,0,285,0,0,0,0,0,0
2025-12,HX-C0220,4,0,0,0,285,0,0,0,0,0,0
2026-01,HX-C0220,4,0,0,0,285,0,0,0,0,0,0
2026-02,HX-C0220,4,0,0,0,285,0,0,0,0,0,0
2026-03,HX-C0220,4,0,0,0,285,0,0,0,0,0,0
2026-04,HX-C0220,4,0,0,0,285,0,0,0,0,0,0
2026-05,HX-C0220,4,0,0,0,285,0,0,0,0,0,0
2026-06,HX-C0220,4,0,0,0,285,0,0,0,0,0,0
2026-07,HX-C0220,4,0,0,0,285,0,0,0,0,0,0
2024-08,HX-C0221,4,0,1,4157318,285,85000,203483,46159,11539,10183,67881
2024-09,HX-C0221,4,0,1,4245442,285,85000,205995,46420,11605,10241,68266
2024-10,HX-C0221,4,0,1,4374892,285,85000,209684,46938,11734,10355,69027
2024-11,HX-C0221,4,0,1,4469876,285,85000,212391,47226,11806,10419,69451
2024-12,HX-C0221,4,0,1,4574853,285,85000,215383,47570,11892,10494,69956
2025-01,HX-C0221,4,0,1,4682913,285,85000,218463,47923,11980,10573,70476
2025-02,HX-C0221,4,0,1,4753157,285,85000,220464,48032,12008,10596,70636
2025-03,HX-C0221,4,0,1,4876554,285,85000,223981,48463,12115,10692,71270
2025-04,HX-C0221,4,0,1,4970072,285,85000,226647,48701,12175,10744,71620
2025-05,HX-C0221,4,0,1,5118397,285,85000,230874,49264,12316,10868,72448
2025-06,HX-C0221,4,0,1,5197035,285,85000,233115,49393,12348,10897,72638
2025-07,HX-C0221,4,0,1,5392635,285,85000,238690,50218,12554,11078,73850
2025-08,HX-C0221,4,0,1,5534576,285,85000,242735,50706,12676,11186,74568
2025-09,HX-C0221,4,0,1,5614422,285,85000,245011,50815,12703,11210,74728
2025-10,HX-C0221,4,0,1,5851259,285,85000,251760,51837,12959,11436,76232
2025-11,HX-C0221,4,0,1,5987525,285,85000,255644,52255,13063,11528,76846
2025-12,HX-C0221,4,0,1,6170441,285,85000,260857,52930,13232,11677,77839
2026-01,HX-C0221,4,0,1,6374005,285,85000,266659,53709,13427,11848,78984
2026-02,HX-C0221,4,0,1,6469929,285,85000,269392,53856,13464,11881,79201
2026-03,HX-C0221,4,0,1,6676242,285,85000,275272,54620,13655,12049,80324
2026-04,HX-C0221,4,0,1,6816651,285,85000,279274,54996,13749,12132,80877
2026-05,HX-C0221,4,0,1,6903011,285,85000,281735,55059,13764,12147,80970
2026-06,HX-C0221,4,0,1,7076747,285,85000,286687,55598,13899,12266,81763
2026-07,HX-C0221,4,0,1,7390423,285,85000,295627,56890,14222,12550,83662
2025-05,HX-C0222,7,0,1,11809850,285,85000,421580,89957,22489,19845,132291
2025-06,HX-C0222,7,0,1,12255182,285,85000,434272,92016,23004,20299,135319
2025-07,HX-C0222,7,0,1,12664257,285,85000,445931,93820,23455,20696,137971
2025-08,HX-C0222,7,0,1,12734252,285,85000,447926,93569,23392,20641,137602
2025-09,HX-C0222,7,0,1,13011902,285,85000,455839,94540,23635,20855,139030
2025-10,HX-C0222,7,0,1,13300647,285,85000,464068,95552,23888,21079,140519
2025-11,HX-C0222,7,0,1,13683663,285,85000,474984,97090,24272,21418,142780
2025-12,HX-C0222,7,0,1,14126079,285,85000,487593,98937,24734,21826,145497
2026-01,HX-C0222,7,0,1,14382956,285,85000,494914,99683,24920,21990,146593
2026-02,HX-C0222,7,0,1,14668363,285,85000,503048,100569,25142,22185,147896
2026-03,HX-C0222,7,0,1,15244473,285,85000,519467,103074,25768,22738,151580
2026-04,HX-C0222,7,0,1,15591967,285,85000,529371,104247,26061,22997,153305
2026-05,HX-C0222,7,0,1,15893924,285,85000,537976,105137,26284,23193,154614
2026-06,HX-C0222,7,0,1,16237539,285,85000,547769,106231,26557,23435,156223
2026-07,HX-C0222,7,0,1,16763057,285,85000,562747,108294,27073,23890,159257
2026-05,HX-C0223,11,0,1,94921055,285,85000,2790250,545303,136325,120289,801917
2026-06,HX-C0223,11,0,1,99689021,285,85000,2926137,567483,141870,125181,834534
2026-07,HX-C0223,11,0,1,101722871,285,85000,2984101,574260,143565,126675,844500
2026-02,HX-C0224,10,0,1,10431591,285,85000,382300,76429,19107,16860,112396
2026-03,HX-C0224,10,0,1,10649364,285,85000,388506,77088,19272,17006,113366
2026-04,HX-C0224,10,0,1,11192298,285,85000,403980,79554,19888,17550,116992
2026-05,HX-C0224,10,0,1,11593193,285,85000,415406,81183,20295,17909,119387
2026-06,HX-C0224,10,0,1,11866930,285,85000,423207,82074,20518,18106,120698
2026-07,HX-C0224,10,0,1,11881225,285,85000,423614,81519,20379,17984,119882
2025-05,HX-C0225,7,0,1,84779297,235,85000,2077313,443264,110816,97780,651860
2025-06,HX-C0225,7,0,1,85459202,235,85000,2093291,443542,110885,97842,652269
2025-07,HX-C0225,7,0,1,85992070,235,85000,2105813,443045,110761,97732,651538
2025-08,HX-C0225,7,0,1,87767266,235,85000,2147530,448610,112152,98959,659721
2025-09,HX-C0225,7,0,1,90206487,235,85000,2204852,457285,114321,100873,672479
2025-10,HX-C0225,7,0,1,94220288,235,85000,2299176,473409,118352,104429,696190
2025-11,HX-C0225,7,0,1,96578066,235,85000,2354584,481295,120323,106169,707787
2025-12,HX-C0225,7,0,1,96640926,235,85000,2356061,478072,119518,105458,703048
2026-01,HX-C0225,7,0,1,100958060,235,85000,2457514,494982,123745,109188,727915
2026-02,HX-C0225,7,0,1,102299612,235,85000,2489040,497608,124402,109767,731777
2026-03,HX-C0225,7,0,1,104329275,235,85000,2536737,503348,125837,111034,740219
2026-04,HX-C0225,7,0,1,104857820,235,85000,2549158,502000,125500,110736,738236
2026-05,HX-C0225,7,0,1,107742260,235,85000,2616943,511434,127858,112817,752109
2026-06,HX-C0225,7,0,1,110875072,235,85000,2690564,521796,130449,115103,767348
2026-07,HX-C0225,7,0,1,112109964,235,85000,2719584,523356,130839,115447,769642
2024-05,HX-C0226,3,0,1,36821614,235,85000,950307,219839,54959,48496,323294
2024-06,HX-C0226,3,0,1,38836444,235,85000,997656,229300,57325,50582,337207
2024-07,HX-C0226,3,0,1,40137595,235,85000,1028233,234790,58697,51793,345280
2024-08,HX-C0226,3,0,1,41506174,235,85000,1060395,240547,60136,53064,353747
2024-09,HX-C0226,3,0,1,42841244,235,85000,1091769,246032,61508,54272,361812
2024-10,HX-C0226,3,0,1,43756839,235,85000,1113285,249215,62303,54975,366493
2024-11,HX-C0226,3,0,1,43579006,235,85000,1109106,246620,61655,54402,362677
2024-12,HX-C0226,3,0,1,44715016,235,85000,1135802,250857,62714,55337,368908
2025-01,HX-C0226,3,0,1,45991469,235,85000,1165799,255738,63934,56414,376086
2025-02,HX-C0226,3,0,1,47566489,235,85000,1202812,262058,65514,57808,385380
2025-03,HX-C0226,3,0,1,47721630,235,85000,1206458,261047,65261,57586,383894
2025-04,HX-C0226,3,0,1,48527078,235,85000,1225386,263310,65827,58084,387221
2025-05,HX-C0226,3,0,1,49662750,235,85000,1252074,267172,66793,58935,392900
2025-06,HX-C0226,3,0,1,51244206,235,85000,1289238,273173,68293,60260,401726
2025-07,HX-C0226,3,0,1,52106593,235,85000,1309504,275508,68877,60775,405160
2025-08,HX-C0226,3,0,1,52751114,235,85000,1324651,276713,69178,61041,406932
2025-09,HX-C0226,3,0,1,54097293,235,85000,1356286,281293,70323,62051,413667
2025-10,HX-C0226,3,0,1,56097443,235,85000,1403289,288942,72235,63738,424915
2025-11,HX-C0226,3,0,1,56204937,235,85000,1405816,287359,71839,63390,422588
2025-12,HX-C0226,3,0,1,58299654,235,85000,1455041,295245,73811,65128,434184
2026-01,HX-C0226,3,0,1,58724138,235,85000,1465017,295077,73769,65092,433938
2026-02,HX-C0226,3,0,1,60067357,235,85000,1496582,299196,74799,66000,439995
2026-03,HX-C0226,3,0,1,60672637,235,85000,1510806,299780,74945,66128,440853
2026-04,HX-C0226,3,0,1,62694417,235,85000,1558318,306875,76718,67695,451288
2026-05,HX-C0226,3,0,1,64057015,235,85000,1590339,310802,77700,68561,457063
2026-06,HX-C0226,3,0,1,65993361,235,85000,1635843,317248,79312,69982,466542
2026-07,HX-C0226,3,0,1,66385378,235,85000,1645056,316574,79143,69833,465550
2024-08,HX-C0227,4,0,1,3811943,285,85000,193640,43926,10981,9691,64598
2024-09,HX-C0227,4,0,1,3893890,285,85000,195975,44163,11040,9743,64946
2024-10,HX-C0227,4,0,1,4063401,285,85000,200806,44951,11237,9917,66105
2024-11,HX-C0227,4,0,1,4203542,285,85000,204800,45538,11384,10047,66969
2024-12,HX-C0227,4,0,1,4345535,285,85000,208847,46126,11531,10176,67833
2025-01,HX-C0227,4,0,1,4491257,285,85000,213000,46724,11681,10308,68713
2025-02,HX-C0227,4,0,1,4574929,285,85000,215385,46926,11731,10352,69009
2025-03,HX-C0227,4,0,1,4713693,285,85000,219340,47459,11864,10470,69793
2025-04,HX-C0227,4,0,1,4803349,285,85000,221895,47680,11920,10518,70118
2025-05,HX-C0227,4,0,1,4829853,285,85000,222650,47509,11877,10481,69867
2025-06,HX-C0227,4,0,1,5020398,285,85000,228081,48327,12081,10662,71070
2025-07,HX-C0227,4,0,1,5240146,285,85000,234344,49304,12326,10876,72506
2025-08,HX-C0227,4,0,1,5308897,285,85000,236303,49362,12340,10890,72592
2025-09,HX-C0227,4,0,1,5381935,285,85000,238385,49440,12360,10907,72707
2025-10,HX-C0227,4,0,1,5501495,285,85000,241792,49785,12446,10983,73214
2025-11,HX-C0227,4,0,1,5527880,285,85000,242544,49577,12394,10937,72908
2025-12,HX-C0227,4,0,1,5708964,285,85000,247705,50262,12565,11088,73915
2026-01,HX-C0227,4,0,1,5806618,285,85000,250488,50451,12612,11131,74194
2026-02,HX-C0227,4,0,1,6027328,285,85000,256778,51334,12833,11325,75492
2026-03,HX-C0227,4,0,1,6101964,285,85000,258905,51372,12843,11333,75548
2026-04,HX-C0227,4,0,1,6284227,285,85000,264100,52008,13002,11473,76483
2026-05,HX-C0227,4,0,1,6531588,285,85000,271150,52991,13247,11690,77928
2026-06,HX-C0227,4,0,1,6664327,285,85000,274933,53318,13329,11763,78410
2026-07,HX-C0227,4,0,1,6691346,285,85000,275703,53055,13263,11705,78023
2024-08,HX-C0228,4,0,1,21325289,285,85000,692770,157153,39288,34667,231108
2024-09,HX-C0228,4,0,1,21966998,285,85000,711059,160237,40059,35348,235644
2024-10,HX-C0228,4,0,1,22261052,285,85000,719439,161050,40262,35527,236839
2024-11,HX-C0228,4,0,1,22798600,285,85000,734760,163380,40845,36041,240266
2024-12,HX-C0228,4,0,1,23765390,285,85000,762313,168367,42091,37141,247599
2025-01,HX-C0228,4,0,1,24538995,285,85000,784361,172063,43015,37956,253034
2025-02,HX-C0228,4,0,1,24799496,285,85000,791785,172507,43126,38054,253687
2025-03,HX-C0228,4,0,1,25868790,285,85000,822260,177917,44479,39247,261643
2025-04,HX-C0228,4,0,1,26549450,285,85000,841659,180855,45213,39896,265964
2025-05,HX-C0228,4,0,1,26926695,285,85000,852410,181890,45472,40124,267486
2025-06,HX-C0228,4,0,1,27401915,285,85000,865954,183485,45871,40475,269831
2025-07,HX-C0228,4,0,1,28283328,285,85000,891074,187474,46868,41356,275698
2025-08,HX-C0228,4,0,1,28786759,285,85000,905422,189138,47284,41723,278145
2025-09,HX-C0228,4,0,1,29427746,285,85000,923690,191573,47893,42259,281725
2025-10,HX-C0228,4,0,1,30413628,285,85000,951788,195976,48994,43231,288201
2025-11,HX-C0228,4,0,1,31047881,285,85000,969864,198247,49561,43733,291541
2025-12,HX-C0228,4,0,1,31923012,285,85000,994805,201857,50464,44528,296849
2026-01,HX-C0228,4,0,1,32447938,285,85000,1009766,203382,50845,44865,299092
2026-02,HX-C0228,4,0,1,33289312,285,85000,1033745,206666,51666,45589,303921
2026-03,HX-C0228,4,0,1,34596784,285,85000,1071008,212513,53128,46879,312520
2026-04,HX-C0228,4,0,1,34994824,285,85000,1082352,213145,53286,47018,313449
2026-05,HX-C0228,4,0,1,35926696,285,85000,1108910,216716,54179,47805,318700
2026-06,HX-C0228,4,0,1,37321397,285,85000,1148659,222765,55691,49141,327597
2026-07,HX-C0228,4,0,1,38233369,285,85000,1174651,226049,56512,49865,332426
2025-02,HX-C0229,6,0,1,26708968,285,85000,846205,184364,46091,40669,271124
2025-03,HX-C0229,6,0,1,27095329,285,85000,857216,185480,46370,40916,272766
2025-04,HX-C0229,6,0,1,27917499,285,85000,880648,189233,47308,41743,278284
2025-05,HX-C0229,6,0,1,28542672,285,85000,898466,191717,47929,42292,281938
2025-06,HX-C0229,6,0,1,29227282,285,85000,917977,194507,48626,42908,286041
2025-07,HX-C0229,6,0,1,30376006,285,85000,950716,200022,50005,44124,294151
2025-08,HX-C0229,6,0,1,30983032,285,85000,968016,202214,50553,44607,297374
2025-09,HX-C0229,6,0,1,31798953,285,85000,991270,205589,51397,45351,302337
2025-10,HX-C0229,6,0,1,32714984,285,85000,1017377,209481,52370,46210,308061
2025-11,HX-C0229,6,0,1,33587954,285,85000,1042256,213045,53261,46996,313302
2025-12,HX-C0229,6,0,1,34752302,285,85000,1075440,218219,54554,48138,320911
2026-01,HX-C0229,6,0,1,35721126,285,85000,1103052,222172,55543,49009,326724
2026-02,HX-C0229,6,0,1,36889012,285,85000,1136336,227175,56793,50114,334082
2026-03,HX-C0229,6,0,1,36697416,285,85000,1130876,224392,56098,49499,329989
2026-04,HX-C0229,6,0,1,38812608,285,85000,1191159,234572,58643,51744,344959
2026-05,HX-C0229,6,0,1,39599682,285,85000,1213590,237173,59293,52319,348785
2026-06,HX-C0229,6,0,1,40579161,285,85000,1241506,240772,60193,53112,354077
2026-07,HX-C0229,6,0,1,40763766,285,85000,1246767,239927,59981,52927,352835
2025-02,HX-C0230,6,0,1,5329082,285,85000,236878,51608,12902,11385,75895
2025-03,HX-C0230,6,0,1,5492286,285,85000,241530,52260,13065,11529,76854
2025-04,HX-C0230,6,0,1,5768038,285,85000,249389,53588,13397,11821,78806
2025-05,HX-C0230,6,0,1,5938251,285,85000,254240,54250,13562,11968,79780
2025-06,HX-C0230,6,0,1,6073562,285,85000,258096,54686,13671,12065,80422
2025-07,HX-C0230,6,0,1,6220448,285,85000,262282,55182,13795,12173,81150
2025-08,HX-C0230,6,0,1,6407442,285,85000,267612,55902,13975,12333,82210
2025-09,HX-C0230,6,0,1,6623004,285,85000,273755,56776,14194,12525,83495
2025-10,HX-C0230,6,0,1,6664163,285,85000,274928,56608,14152,12488,83248
2025-11,HX-C0230,6,0,1,6900799,285,85000,281672,57575,14393,12702,84670
2025-12,HX-C0230,6,0,1,7036301,285,85000,285534,57938,14484,12781,85203
2026-01,HX-C0230,6,0,1,7119621,285,85000,287909,57989,14497,12792,85278
2026-02,HX-C0230,6,0,1,7295738,285,85000,292928,58561,14640,12919,86120
2026-03,HX-C0230,6,0,1,7532366,285,85000,299672,59461,14865,13118,87444
2026-04,HX-C0230,6,0,1,7718571,285,85000,304979,60058,15014,13249,88321
2026-05,HX-C0230,6,0,1,7878356,285,85000,309533,60492,15123,13344,88959
2026-06,HX-C0230,6,0,1,8047086,285,85000,314341,60962,15240,13448,89650
2026-07,HX-C0230,6,0,1,8343619,285,85000,322793,62118,15529,13703,91350
2024-02,HX-C0231,2,0,1,50086071,285,85000,1512453,356672,89168,78678,524518
2024-03,HX-C0231,2,0,1,51451357,285,85000,1551363,363527,90881,80191,534599
2024-04,HX-C0231,2,0,1,51889114,285,85000,1563839,364111,91027,80320,535458
2024-05,HX-C0231,2,0,1,52168011,285,85000,1571788,363610,90902,80210,534722
2024-06,HX-C0231,2,0,1,54062370,285,85000,1625777,373668,93417,82427,549512
2024-07,HX-C0231,2,0,1,55451930,285,85000,1665380,380279,95069,83886,559234
2024-08,HX-C0231,2,0,1,55342369,285,85000,1662257,377079,94269,83180,554528
2024-09,HX-C0231,2,0,1,56501677,285,85000,1695297,382038,95509,84274,561821
2024-10,HX-C0231,2,0,1,58552279,285,85000,1753739,392584,98146,86600,577330
2024-11,HX-C0231,2,0,1,59153925,285,85000,1770886,393773,98443,86863,579079
2024-12,HX-C0231,2,0,1,60155664,285,85000,1799436,397430,99357,87669,584456
2025-01,HX-C0231,2,0,1,62923232,285,85000,1878312,412041,103010,90892,605943
2025-02,HX-C0231,2,0,1,65415570,285,85000,1949343,424706,106176,93687,624569
2025-03,HX-C0231,2,0,1,67634706,285,85000,2012589,435475,108868,96062,640405
2025-04,HX-C0231,2,0,1,70987859,285,85000,2108153,452999,113249,99928,666176
2025-05,HX-C0231,2,0,1,72206768,285,85000,2142892,457258,114314,100867,672439
2025-06,HX-C0231,2,0,1,74272482,285,85000,2201765,466526,116631,102912,686069
2025-07,HX-C0231,2,0,1,74449698,285,85000,2206816,464295,116073,102420,682788
2025-08,HX-C0231,2,0,1,78045036,285,85000,2309283,482399,120599,106413,709411
2025-09,HX-C0231,2,0,1,81280569,285,85000,2401496,498070,124517,109869,732456
2025-10,HX-C0231,2,0,1,83030499,285,85000,2451369,504746,126186,111342,742274
2025-11,HX-C0231,2,0,1,85377327,285,85000,2518253,514750,128687,113549,756986
2025-12,HX-C0231,2,0,1,87656664,285,85000,2583214,524165,131041,115625,770831
2026-01,HX-C0231,2,0,1,89653715,285,85000,2640130,531764,132941,117301,782006
2026-02,HX-C0231,2,0,1,94741124,285,85000,2785122,556801,139200,122824,818825
2026-03,HX-C0231,2,0,1,97164513,285,85000,2854188,566339,141584,124929,832852
2026-04,HX-C0231,2,0,1,99234150,285,85000,2913173,573684,143421,126549,843654
2026-05,HX-C0231,2,0,1,99218233,285,85000,2912719,569238,142309,125568,837115
2026-06,HX-C0231,2,0,1,101444840,285,85000,2976177,577187,144296,127322,848805
2026-07,HX-C0231,2,0,1,105923349,285,85000,3103815,597297,149324,131758,878379
2025-05,HX-C0232,7,0,1,7281520,285,85000,292523,62419,15604,13770,91793
2025-06,HX-C0232,7,0,1,7395003,285,85000,295757,62666,15666,13825,92157
2025-07,HX-C0232,7,0,1,7665749,285,85000,303473,63847,15961,14086,93894
2025-08,HX-C0232,7,0,1,7886484,285,85000,309764,64708,16177,14274,95159
2025-09,HX-C0232,7,0,1,7981254,285,85000,312465,64804,16201,14296,95301
2025-10,HX-C0232,7,0,1,7990016,285,85000,312715,64389,16097,14204,94690
2025-11,HX-C0232,7,0,1,8285598,285,85000,321139,65643,16410,14481,96534
2025-12,HX-C0232,7,0,1,8552211,285,85000,328738,66704,16676,14715,98095
2026-01,HX-C0232,7,0,1,8856325,285,85000,337405,67958,16989,14992,99939
2026-02,HX-C0232,7,0,1,8981335,285,85000,340968,68165,17041,15038,100244
2026-03,HX-C0232,7,0,1,9320735,285,85000,350640,69574,17393,15349,102316
2026-04,HX-C0232,7,0,1,9678582,285,85000,360839,71058,17764,15676,104498
2026-05,HX-C0232,7,0,1,9844188,285,85000,365559,71441,17860,15760,105061
2026-06,HX-C0232,7,0,1,10069930,285,85000,371993,72142,18035,15915,106092
2026-07,HX-C0232,7,0,1,10057822,285,85000,371647,71519,17879,15778,105176
2025-02,HX-C0233,6,0,1,21668059,285,85000,702539,153063,38265,33765,225093
2025-03,HX-C0233,6,0,1,22049594,285,85000,713413,154365,38591,34052,227008
2025-04,HX-C0233,6,0,1,22526856,285,85000,727015,156220,39055,34461,229736
2025-05,HX-C0233,6,0,1,22844374,285,85000,736064,157063,39265,34648,230976
2025-06,HX-C0233,6,0,1,23207301,285,85000,746408,158154,39538,34888,232580
2025-07,HX-C0233,6,0,1,23885023,285,85000,765723,161101,40275,35538,236914
2025-08,HX-C0233,6,0,1,24762524,285,85000,790731,165180,41295,36437,242912
2025-09,HX-C0233,6,0,1,25732891,285,85000,818387,169733,42433,37442,249608
2025-10,HX-C0233,6,0,1,26954502,285,85000,853203,175677,43919,38753,258349
2025-11,HX-C0233,6,0,1,27722291,285,85000,875085,178874,44718,39458,263050
2025-12,HX-C0233,6,0,1,27829809,285,85000,878149,178186,44546,39307,262039
2026-01,HX-C0233,6,0,1,28223501,285,85000,889369,179133,44783,39515,263431
2026-02,HX-C0233,6,0,1,28712190,285,85000,903297,180586,45146,39837,265569
2026-03,HX-C0233,6,0,1,29058895,285,85000,913178,181196,45299,39970,266465
2026-04,HX-C0233,6,0,1,30309629,285,85000,948824,186849,46712,41218,274779
2026-05,HX-C0233,6,0,1,31815074,285,85000,991729,193814,48453,42755,285022
2026-06,HX-C0233,6,0,1,32850860,285,85000,1021249,198056,49514,43690,291260
2026-07,HX-C0233,6,0,1,34124032,285,85000,1057534,203511,50877,44894,299282
2024-02,HX-C0234,2,0,1,45185887,285,85000,1372797,323737,80934,71414,476085
2024-03,HX-C0234,2,0,1,45956500,285,85000,1394760,326831,81707,72096,480634
2024-04,HX-C0234,2,0,1,47350353,285,85000,1434485,333993,83498,73676,491167
2024-05,HX-C0234,2,0,1,48520584,285,85000,1467836,339562,84890,74905,499357
2024-06,HX-C0234,2,0,1,49690339,285,85000,1501174,345029,86257,76110,507396
2024-07,HX-C0234,2,0,1,52070785,285,85000,1569017,358275,89568,79032,526875
2024-08,HX-C0234,2,0,1,52314132,285,85000,1575952,357501,89375,78861,525737
2024-09,HX-C0234,2,0,1,53581144,285,85000,1612062,363281,90820,80136,534237
2024-10,HX-C0234,2,0,1,54805891,285,85000,1646967,368683,92170,81328,542181
2024-11,HX-C0234,2,0,1,56765688,285,85000,1702822,378638,94659,83525,556822
2024-12,HX-C0234,2,0,1,58396463,285,85000,1749299,386356,96589,85227,568172
2025-01,HX-C0234,2,0,1,58828482,285,85000,1761611,386440,96610,85245,568295
2025-02,HX-C0234,2,0,1,60200038,285,85000,1800701,392321,98080,86543,576944
2025-03,HX-C0234,2,0,1,61701264,285,85000,1843486,398885,99721,87991,586597
2025-04,HX-C0234,2,0,1,62068012,285,85000,1853938,398373,99593,87878,585844
2025-05,HX-C0234,2,0,1,63120836,285,85000,1883943,402003,100500,88678,591181
2025-06,HX-C0234,2,0,1,65230674,285,85000,1944074,411925,102981,90867,605773
2025-07,HX-C0234,2,0,1,67213642,285,85000,2000588,420907,105226,92848,618981
2025-08,HX-C0234,2,0,1,69013606,285,85000,2051887,428630,107157,94552,630339
2025-09,HX-C0234,2,0,1,70204411,285,85000,2085825,432599,108149,95428,636176
2025-10,HX-C0234,2,0,1,73201458,285,85000,2171241,447066,111766,98619,657451
2025-11,HX-C0234,2,0,1,76552660,285,85000,2266750,463341,115835,102209,681385
2025-12,HX-C0234,2,0,1,78336143,285,85000,2317580,470264,117566,103735,691565
2026-01,HX-C0234,2,0,1,81158941,285,85000,2398029,483001,120750,106545,710296
2026-02,HX-C0234,2,0,1,82345259,285,85000,2431839,486172,121543,107245,714960
2026-03,HX-C0234,2,0,1,85267465,285,85000,2515122,499060,124765,110087,733912
2026-04,HX-C0234,2,0,1,86742094,285,85000,2557149,503574,125893,111083,740550
2026-05,HX-C0234,2,0,1,88924169,285,85000,2619338,511901,127975,112921,752797
2026-06,HX-C0234,2,0,1,91162447,285,85000,2683129,520355,130088,114785,765228
2026-07,HX-C0234,2,0,1,95374797,285,85000,2803181,539444,134861,118995,793300
2025-11,HX-C0235,9,0,1,88621392,285,85000,2610709,533649,133412,117718,784779
2025-12,HX-C0235,9,0,1,89807155,285,85000,2644503,536600,134150,118369,789119
2026-01,HX-C0235,9,0,1,93300197,285,85000,2744055,552696,138174,121919,812789
2026-02,HX-C0235,9,0,1,96547898,285,85000,2836615,567095,141773,125096,833964
2026-03,HX-C0235,9,0,1,100873912,285,85000,2959906,587316,146829,129555,863700
2026-04,HX-C0235,9,0,1,103199806,285,85000,3026194,595941,148985,131459,876385
2026-05,HX-C0235,9,0,1,105954479,285,85000,3104702,606757,151689,133845,892291
2026-06,HX-C0235,9,0,1,106795436,285,85000,3128669,606761,151690,133845,892296
2026-07,HX-C0235,9,0,1,109432996,285,85000,3203840,616546,154136,136004,906686
2025-11,HX-C0236,9,0,1,6334346,285,85000,265528,54275,13568,11974,79817
2025-12,HX-C0236,9,0,1,6495928,285,85000,270133,54812,13703,12092,80607
2026-01,HX-C0236,9,0,1,6533614,285,85000,271207,54625,13656,12050,80331
2026-02,HX-C0236,9,0,1,6649497,285,85000,274510,54879,13719,12107,80705
2026-03,HX-C0236,9,0,1,6765663,285,85000,277821,55126,13781,12161,81068
2026-04,HX-C0236,9,0,1,6988306,285,85000,284166,55959,13989,12346,82294
2026-05,HX-C0236,9,0,1,7215630,285,85000,290645,56801,14200,12530,83531
2026-06,HX-C0236,9,0,1,7411496,285,85000,296227,57448,14362,12673,84483
2026-07,HX-C0236,9,0,1,7494654,285,85000,298597,57461,14365,12676,84502
2025-08,HX-C0237,8,0,1,13610411,285,85000,472896,98785,24696,21792,145273
2025-09,HX-C0237,8,0,1,14022766,285,85000,484648,100515,25128,22174,147817
2025-10,HX-C0237,8,0,1,14490090,285,85000,497967,102533,25633,22618,150784
2025-11,HX-C0237,8,0,1,14983575,285,85000,512031,104662,26165,23089,153916
2025-12,HX-C0237,8,0,1,15450163,285,85000,525329,106595,26648,23515,156758
2026-01,HX-C0237,8,0,1,15843158,285,85000,536530,108065,27016,23839,158920
2026-02,HX-C0237,8,0,1,15871402,285,85000,537334,107423,26855,23698,157976
2026-03,HX-C0237,8,0,1,16490511,285,85000,554979,110120,27530,24292,161942
2026-04,HX-C0237,8,0,1,16690298,285,85000,560673,110411,27602,24357,162370
2026-05,HX-C0237,8,0,1,16936203,285,85000,567681,110942,27735,24474,163151
2026-06,HX-C0237,8,0,1,17170260,285,85000,574352,111387,27846,24572,163805
2026-07,HX-C0237,8,0,1,17740555,285,85000,590605,113655,28413,25073,167141
2026-02,HX-C0238,10,0,1,18156641,285,85000,602464,120444,30111,26569,177124
2026-03,HX-C0238,10,0,1,18616712,285,85000,615576,122145,30536,26944,179625
2026-04,HX-C0238,10,0,1,18682994,285,85000,617465,121595,30398,26824,178817
2026-05,HX-C0238,10,0,1,18960359,285,85000,625370,122217,30554,26960,179731
2026-06,HX-C0238,10,0,1,20134389,285,85000,658830,127770,31942,28186,187898
2026-07,HX-C0238,10,0,1,20898247,285,85000,680600,130974,32743,28892,192609
2024-11,HX-C0239,5,0,1,41975331,285,85000,1281296,284908,71227,62848,418983
2024-12,HX-C0239,5,0,1,43719510,285,85000,1331006,293970,73492,64848,432310
2025-01,HX-C0239,5,0,1,44244034,285,85000,1345954,295258,73814,65132,434204
2025-02,HX-C0239,5,0,1,44959179,285,85000,1366336,297686,74421,65667,437774
2025-03,HX-C0239,5,0,1,46459396,285,85000,1409092,304893,76223,67257,448373
2025-04,HX-C0239,5,0,1,47807530,285,85000,1447514,311041,77760,68613,457414
2025-05,HX-C0239,5,0,1,49209137,285,85000,1487460,317399,79349,70016,466764
2025-06,HX-C0239,5,0,1,50510763,285,85000,1524556,323034,80758,71259,475051
2025-07,HX-C0239,5,0,1,51295326,285,85000,1546916,325458,81364,71793,478615
2025-08,HX-C0239,5,0,1,53129527,285,85000,1599191,334064,83516,73691,491271
2025-09,HX-C0239,5,0,1,55698638,285,85000,1672411,346857,86714,76514,510085
2025-10,HX-C0239,5,0,1,57528478,285,85000,1724561,355093,88773,78331,522197
2025-11,HX-C0239,5,0,1,58936905,285,85000,1764701,360718,90179,79572,530469
2025-12,HX-C0239,5,0,1,60491657,285,85000,1809012,367070,91767,80972,539809
2026-01,HX-C0239,5,0,1,61525608,285,85000,1838479,370298,92574,81685,544557
2026-02,HX-C0239,5,0,1,63193051,285,85000,1886001,377049,94262,83173,554484
2026-03,HX-C0239,5,0,1,65032043,285,85000,1938413,384627,96156,84845,565628
2026-04,HX-C0239,5,0,1,66062027,285,85000,1967767,387508,96877,85480,569865
2026-05,HX-C0239,5,0,1,68756703,285,85000,2044566,399573,99893,88142,587608
2026-06,HX-C0239,5,0,1,70147586,285,85000,2084206,404202,101050,89163,594415
2026-07,HX-C0239,5,0,1,71689909,285,85000,2128162,409542,102385,90342,602269
2023-11,HX-C0240,1,0,1,18405549,285,85000,609558,146483,36620,32314,215417
2023-12,HX-C0240,1,0,1,18548922,285,85000,613644,146547,36636,32328,215511
2024-01,HX-C0240,1,0,1,18979733,285,85000,625922,148543,37135,32768,218446
2024-02,HX-C0240,1,0,1,19636396,285,85000,644637,152020,38005,33535,223560
2024-03,HX-C0240,1,0,1,19965841,285,85000,654026,153256,38314,33807,225377
2024-04,HX-C0240,1,0,1,20490650,285,85000,668983,155760,38940,34359,229059
2024-05,HX-C0240,1,0,1,21476622,285,85000,697083,161259,40314,35574,237147
2024-06,HX-C0240,1,0,1,22373264,285,85000,722638,166090,41522,36639,244251
2024-07,HX-C0240,1,0,1,22298514,285,85000,720507,164523,41130,36293,241946
2024-08,HX-C0240,1,0,1,22739502,285,85000,733075,166296,41574,36683,244553
2024-09,HX-C0240,1,0,1,23464379,285,85000,753734,169855,42463,37469,249787
2024-10,HX-C0240,1,0,1,23800216,285,85000,763306,170870,42717,37693,251280
2024-11,HX-C0240,1,0,1,24411299,285,85000,780722,173601,43400,38295,255296
2024-12,HX-C0240,1,0,1,24989481,285,85000,797200,176072,44018,38840,258930
2025-01,HX-C0240,1,0,1,25662457,285,85000,816380,179087,44771,39506,263364
2025-02,HX-C0240,1,0,1,26323266,285,85000,835213,181969,45492,40141,267602
2025-03,HX-C0240,1,0,1,27064316,285,85000,856333,185289,46322,40874,272485
2025-04,HX-C0240,1,0,1,27687826,285,85000,874103,187826,46956,41434,276216
2025-05,HX-C0240,1,0,1,28476000,285,85000,896566,191312,47828,42202,281342
2025-06,HX-C0240,1,0,1,29106382,285,85000,914531,193777,48444,42746,284967
2025-07,HX-C0240,1,0,1,29807358,285,85000,934509,196613,49153,43371,289137
2025-08,HX-C0240,1,0,1,30576977,285,85000,956443,199796,49949,44074,293819
2025-09,HX-C0240,1,0,1,30891968,285,85000,965421,200228,50057,44168,294453
2025-10,HX-C0240,1,0,1,31774693,285,85000,990578,203963,50990,44994,299947
2025-11,HX-C0240,1,0,1,32270567,285,85000,1004711,205370,51342,45304,302016
2025-12,HX-C0240,1,0,1,33171671,285,85000,1030392,209078,52269,46121,307468
2026-01,HX-C0240,1,0,1,33897901,285,85000,1051090,211705,52926,46701,311332
2026-02,HX-C0240,1,0,1,35272381,285,85000,1090262,217965,54491,48081,320537
2026-03,HX-C0240,1,0,1,35574577,285,85000,1098875,218042,54510,48099,320651
2026-04,HX-C0240,1,0,1,36041189,285,85000,1112173,219017,54754,48314,322085
2026-05,HX-C0240,1,0,1,37161688,285,85000,1144108,223594,55898,49324,328816
2026-06,HX-C0240,1,0,1,38011183,285,85000,1168318,226578,56644,49982,333204
2026-07,HX-C0240,1,0,1,39180742,285,85000,1201651,231245,57811,51011,340067
2023-08,HX-C0241,0,0,1,19337737,285,85000,636125,155723,38930,34352,229005
2023-09,HX-C0241,0,0,1,19856471,285,85000,650909,158368,39592,34935,232895
2023-10,HX-C0241,0,0,1,20245564,285,85000,661998,160076,40019,35311,235406
2023-11,HX-C0241,0,0,1,20764035,285,85000,676774,162636,40659,35876,239171
2023-12,HX-C0241,0,0,1,21400973,285,85000,694927,165959,41489,36610,244058
2024-01,HX-C0241,0,0,1,22126283,285,85000,715599,169825,42456,37463,249744
2024-02,HX-C0241,0,0,1,22781842,285,85000,734282,173160,43290,38198,254648
2024-03,HX-C0241,0,0,1,23675649,285,85000,759755,178031,44507,39273,261811
2024-04,HX-C0241,0,0,1,24426378,285,85000,781151,181876,45469,40121,267466
2024-05,HX-C0241,0,0,1,25262109,285,85000,804970,186218,46554,41078,273850
2024-06,HX-C0241,0,0,1,25985489,285,85000,825586,189752,47438,41858,279048
2024-07,HX-C0241,0,0,1,26683123,285,85000,845469,193057,48264,42587,283908
2024-08,HX-C0241,0,0,1,27320857,285,85000,863644,195915,48978,43218,288111
2024-09,HX-C0241,0,0,1,28110287,285,85000,886143,199693,49923,44051,293667
2024-10,HX-C0241,0,0,1,28370909,285,85000,893570,200030,50007,44126,294163
2024-11,HX-C0241,0,0,1,28435463,285,85000,895410,199103,49775,43921,292799
2024-12,HX-C0241,0,0,1,28676728,285,85000,902286,199282,49820,43960,293062
2025-01,HX-C0241,0,0,0,0,285,0,0,0,0,0,0
2025-02,HX-C0241,0,0,0,0,285,0,0,0,0,0,0
2025-03,HX-C0241,0,0,0,0,285,0,0,0,0,0,0
2025-04,HX-C0241,0,0,0,0,285,0,0,0,0,0,0
2025-05,HX-C0241,0,0,0,0,285,0,0,0,0,0,0
2025-06,HX-C0241,0,0,0,0,285,0,0,0,0,0,0
2025-07,HX-C0241,0,0,0,0,285,0,0,0,0,0,0
2025-08,HX-C0241,0,0,0,0,285,0,0,0,0,0,0
2025-09,HX-C0241,0,0,0,0,285,0,0,0,0,0,0
2025-10,HX-C0241,0,0,0,0,285,0,0,0,0,0,0
2025-11,HX-C0241,0,0,0,0,285,0,0,0,0,0,0
2025-12,HX-C0241,0,0,0,0,285,0,0,0,0,0,0
2026-01,HX-C0241,0,0,0,0,285,0,0,0,0,0,0
2026-02,HX-C0241,0,0,0,0,285,0,0,0,0,0,0
2026-03,HX-C0241,0,0,0,0,285,0,0,0,0,0,0
2026-04,HX-C0241,0,0,0,0,285,0,0,0,0,0,0
2026-05,HX-C0241,0,0,0,0,285,0,0,0,0,0,0
2026-06,HX-C0241,0,0,0,0,285,0,0,0,0,0,0
2026-07,HX-C0241,0,0,0,0,285,0,0,0,0,0,0
2025-02,HX-C0242,6,0,1,23286778,235,85000,632239,137746,34436,30387,202569
2025-03,HX-C0242,6,0,1,24120438,235,85000,651830,141040,35260,31112,207412
2025-04,HX-C0242,6,0,1,24572029,235,85000,662442,142345,35586,31400,209331
2025-05,HX-C0242,6,0,1,24989722,235,85000,672258,143448,35862,31644,210954
2025-06,HX-C0242,6,0,1,25696301,235,85000,688863,145961,36490,32198,214649
2025-07,HX-C0242,6,0,1,26104832,235,85000,698463,146950,36737,32417,216104
2025-08,HX-C0242,6,0,1,26037226,235,85000,696874,145573,36393,32113,214079
2025-09,HX-C0242,6,0,0,0,235,0,0,0,0,0,0
2025-10,HX-C0242,6,0,0,0,235,0,0,0,0,0,0
2025-11,HX-C0242,6,0,0,0,235,0,0,0,0,0,0
2025-12,HX-C0242,6,0,0,0,235,0,0,0,0,0,0
2026-01,HX-C0242,6,0,0,0,235,0,0,0,0,0,0
2026-02,HX-C0242,6,0,0,0,235,0,0,0,0,0,0
2026-03,HX-C0242,6,0,0,0,235,0,0,0,0,0,0
2026-04,HX-C0242,6,0,0,0,235,0,0,0,0,0,0
2026-05,HX-C0242,6,0,0,0,235,0,0,0,0,0,0
2026-06,HX-C0242,6,0,0,0,235,0,0,0,0,0,0
2026-07,HX-C0242,6,0,0,0,235,0,0,0,0,0,0
2024-05,HX-C0243,3,0,1,51449060,285,85000,1551298,358870,89717,79164,527751
2024-06,HX-C0243,3,0,1,53387189,285,85000,1606534,369245,92311,81452,543008
2024-07,HX-C0243,3,0,1,55302306,285,85000,1661115,379305,94826,83671,557802
2024-08,HX-C0243,3,0,1,56504734,285,85000,1695384,384594,96148,84838,565580
2024-09,HX-C0243,3,0,1,58219610,285,85000,1744258,393071,98267,86709,578047
2024-10,HX-C0243,3,0,1,59674201,285,85000,1785714,399742,99935,88180,587857
2024-11,HX-C0243,3,0,1,61980919,285,85000,1851456,411689,102922,90815,605426
2024-12,HX-C0243,3,0,1,62474722,285,85000,1865529,412027,103006,90890,605923
2025-01,HX-C0243,3,0,1,63361353,285,85000,1890798,414780,103695,91496,609971
2025-02,HX-C0243,3,0,1,64396952,285,85000,1920313,418382,104595,92291,615268
2025-03,HX-C0243,3,0,1,65404808,285,85000,1949037,421724,105431,93028,620183
2025-04,HX-C0243,3,0,1,66996179,285,85000,1994391,428554,107138,94535,630227
2025-05,HX-C0243,3,0,1,70175010,285,85000,2084987,444902,111225,98141,654268
2025-06,HX-C0243,3,0,1,71376242,285,85000,2119222,449037,112259,99053,660349
2025-07,HX-C0243,3,0,1,74652184,285,85000,2212587,465510,116377,102687,684574
2025-08,HX-C0243,3,0,1,78853970,285,85000,2332338,487215,121803,107476,716494
2025-09,HX-C0243,3,0,1,80964041,285,85000,2392475,496198,124049,109457,729704
2025-10,HX-C0243,3,0,1,82467038,285,85000,2435310,501439,125359,110613,737411
2025-11,HX-C0243,3,0,1,83571679,285,85000,2466792,504231,126057,111229,741517
2025-12,HX-C0243,3,0,1,85987830,285,85000,2535653,514513,128628,113497,756638
2026-01,HX-C0243,3,0,1,87321509,285,85000,2573663,518376,129594,114348,762318
2026-02,HX-C0243,3,0,1,87083190,285,85000,2566870,513168,128292,113199,754659
2026-03,HX-C0243,3,0,1,90827256,285,85000,2673576,530501,132625,117023,780149
2026-04,HX-C0243,3,0,1,91897065,285,85000,2704066,532505,133126,117466,783097
2026-05,HX-C0243,3,0,1,94640313,285,85000,2782248,543740,135935,119943,799618
2026-06,HX-C0243,3,0,1,95954182,285,85000,2819694,546839,136709,120628,804176
2026-07,HX-C0243,3,0,1,96568281,285,85000,2837196,545989,136497,120440,802926
2026-02,HX-C0244,10,0,1,2002788,285,85000,142079,28404,7101,6266,41771
2026-03,HX-C0244,10,0,1,2032929,285,85000,142938,28362,7090,6257,41709
2026-04,HX-C0244,10,0,1,2098252,285,85000,144800,28515,7128,6291,41934
2026-05,HX-C0244,10,0,1,2175663,285,85000,147006,28729,7182,6338,42249
2026-06,HX-C0244,10,0,1,2221533,285,85000,148313,28762,7190,6346,42298
2026-07,HX-C0244,10,0,1,2314427,285,85000,150961,29050,7262,6409,42721
2023-11,HX-C0245,1,0,1,16537044,285,85000,556305,133686,33421,29491,196598
2023-12,HX-C0245,1,0,1,16899636,285,85000,566639,135322,33830,29851,199003
2024-01,HX-C0245,1,0,1,17486067,285,85000,583352,138440,34610,30539,203589
2024-02,HX-C0245,1,0,1,18088171,285,85000,600512,141614,35403,31240,208257
2024-03,HX-C0245,1,0,1,18549846,285,85000,613670,143799,35949,31722,211470
2024-04,HX-C0245,1,0,1,19125423,285,85000,630074,146701,36675,32361,215737
2024-05,HX-C0245,1,0,1,19351369,285,85000,636514,147248,36812,32482,216542
2024-06,HX-C0245,1,0,1,19931603,285,85000,653050,150096,37524,33110,220730
2024-07,HX-C0245,1,0,1,20248470,285,85000,662081,151181,37795,33350,222326
2024-08,HX-C0245,1,0,1,20820817,285,85000,678393,153891,38472,33948,226311
2024-09,HX-C0245,1,0,1,20819243,285,85000,678348,152866,38216,33722,224804
2024-10,HX-C0245,1,0,1,21631690,285,85000,701503,157035,39258,34641,230934
2024-11,HX-C0245,1,0,1,21920367,285,85000,709730,157815,39453,34813,232081
2024-12,HX-C0245,1,0,1,22717007,285,85000,732434,161767,40441,35686,237894
2025-01,HX-C0245,1,0,1,23140681,285,85000,744509,163321,40830,36027,240178
2025-02,HX-C0245,1,0,1,23575297,285,85000,756895,164906,41226,36377,242509
2025-03,HX-C0245,1,0,1,23581880,285,85000,757083,163814,40953,36136,240903
2025-04,HX-C0245,1,0,1,23994673,285,85000,768848,165209,41302,36444,242955
2025-05,HX-C0245,1,0,1,24828563,285,85000,792614,169130,42282,37310,248722
2025-06,HX-C0245,1,0,1,25823303,285,85000,820964,173952,43488,38372,255812
2025-07,HX-C0245,1,0,1,26254959,285,85000,833266,175312,43828,38672,257812
2025-08,HX-C0245,1,0,1,27066690,285,85000,856400,178898,44724,39464,263086
2025-09,HX-C0245,1,0,1,27315160,285,85000,863482,179086,44771,39505,263362
2025-10,HX-C0245,1,0,1,28501548,285,85000,897294,184756,46189,40755,271700
2025-11,HX-C0245,1,0,1,28799868,285,85000,905796,185151,46287,40844,272282
2025-12,HX-C0245,1,0,1,29192836,285,85000,916995,186069,46517,41045,273631
2026-01,HX-C0245,1,0,1,29670227,285,85000,930601,187437,46859,41348,275644
2026-02,HX-C0245,1,0,1,30256151,285,85000,947300,189384,47346,41776,278506
2026-03,HX-C0245,1,0,1,30765653,285,85000,961821,190848,47712,42099,280659
2026-04,HX-C0245,1,0,1,31588896,285,85000,985283,194029,48507,42801,285337
2026-05,HX-C0245,1,0,1,32719052,285,85000,1017492,198850,49712,43865,292427
2026-06,HX-C0245,1,0,1,33840458,285,85000,1049453,203526,50881,44896,299303
2026-07,HX-C0245,1,0,1,35002091,285,85000,1082559,208327,52081,45956,306364
2025-08,HX-C0246,8,0,1,16283416,285,85000,549077,114699,28674,25303,168676
2025-09,HX-C0246,8,0,1,17019989,285,85000,570069,118232,29558,26081,173871
2025-10,HX-C0246,8,0,1,17529701,285,85000,584596,120370,30092,26553,177015
2025-11,HX-C0246,8,0,1,18095528,285,85000,600722,122792,30698,27087,180577
2025-12,HX-C0246,8,0,1,18520738,285,85000,612841,124352,31088,27431,182871
2026-01,HX-C0246,8,0,1,19081772,285,85000,628830,126656,31664,27939,186259
2026-02,HX-C0246,8,0,1,19452023,285,85000,639382,127825,31956,28197,187978
2026-03,HX-C0246,8,0,1,19795627,285,85000,649175,128811,32202,28416,189429
2026-04,HX-C0246,8,0,1,19915833,285,85000,652601,128515,32128,28350,188993
2026-05,HX-C0246,8,0,1,20702367,285,85000,675017,131919,32979,29101,193999
2026-06,HX-C0246,8,0,1,21241138,285,85000,690372,133887,33471,29536,196894
2026-07,HX-C0246,8,0,1,21706181,285,85000,703626,135405,33851,29870,199126
2026-05,HX-C0247,11,0,1,13892351,285,85000,480932,93988,23497,20734,138219
2026-06,HX-C0247,11,0,1,14368050,285,85000,494489,95899,23974,21155,141028
2026-07,HX-C0247,11,0,1,14682761,285,85000,503458,96885,24221,21372,142478
2025-02,HX-C0248,6,0,1,7933065,285,85000,311092,67777,16944,14952,99673
2025-03,HX-C0248,6,0,1,8032099,285,85000,313914,67923,16980,14984,99887
2025-04,HX-C0248,6,0,1,8243835,285,85000,319949,68750,17187,15166,101103
2025-05,HX-C0248,6,0,1,8376440,285,85000,323728,69077,17269,15239,101585
2025-06,HX-C0248,6,0,1,8727252,285,85000,333726,70712,17678,15599,103989
2025-07,HX-C0248,6,0,1,9151570,285,85000,345819,72757,18189,16050,106996
2025-08,HX-C0248,6,0,1,9207894,285,85000,347424,72575,18143,16010,106728
2025-09,HX-C0248,6,0,1,9333501,285,85000,351004,72798,18199,16059,107056
2025-10,HX-C0248,6,0,1,9478386,285,85000,355134,73123,18280,16131,107534
2025-11,HX-C0248,6,0,1,9917750,285,85000,367655,75151,18787,16579,110517
2025-12,HX-C0248,6,0,1,10195519,285,85000,375572,76207,19051,16812,112070
2026-01,HX-C0248,6,0,1,10498117,285,85000,384196,77382,19345,17071,113798
2026-02,HX-C0248,6,0,1,10654522,285,85000,388653,77698,19424,17141,114263
2026-03,HX-C0248,6,0,1,10836163,285,85000,393830,78144,19536,17239,114919
2026-04,HX-C0248,6,0,1,11228400,285,85000,405009,79757,19939,17594,117290
2026-05,HX-C0248,6,0,1,11351344,285,85000,408513,79836,19959,17611,117406
2026-06,HX-C0248,6,0,1,11578073,285,85000,414975,80478,20119,17753,118350
2026-07,HX-C0248,6,0,1,11956357,285,85000,425756,81931,20482,18075,120488
2026-02,HX-C0249,10,0,1,24431588,235,85000,659142,131775,32943,29069,193787
2026-03,HX-C0249,10,0,1,25333849,235,85000,680345,134996,33749,29779,198524
2026-04,HX-C0249,10,0,1,26526552,235,85000,708373,139497,34874,30773,205144
2026-05,HX-C0249,10,0,1,26567142,235,85000,709327,138624,34656,30580,203860
2026-06,HX-C0249,10,0,1,27545582,235,85000,732321,142022,35505,31330,208857
2026-07,HX-C0249,10,0,1,28710588,235,85000,759698,146195,36548,32251,214994
2025-11,HX-C0250,9,0,1,9200694,285,85000,347219,70974,17743,15657,104374
2025-12,HX-C0250,9,0,1,9546348,285,85000,357070,72453,18113,15983,106549
2026-01,HX-C0250,9,0,1,9807274,285,85000,364507,73416,18354,16196,107966
2026-02,HX-C0250,9,0,1,10145465,285,85000,374145,74798,18699,16501,109998
2026-03,HX-C0250,9,0,1,10449497,285,85000,382810,75958,18989,16756,111703
2026-04,HX-C0250,9,0,1,10577925,285,85000,386470,76106,19026,16789,111921
2026-05,HX-C0250,9,0,1,10951755,285,85000,397125,77610,19402,17121,114133
2026-06,HX-C0250,9,0,1,11375185,285,85000,409192,79356,19839,17506,116701
2026-07,HX-C0250,9,0,1,11690440,285,85000,418177,80473,20118,17753,118344
2025-11,HX-C0251,9,0,1,24962278,285,85000,796424,162795,40698,35912,239405
2025-12,HX-C0251,9,0,1,25821172,285,85000,820903,166570,41642,36745,244957
2026-01,HX-C0251,9,0,1,26545539,285,85000,841547,169500,42375,37391,249266
2026-02,HX-C0251,9,0,1,27095465,285,85000,857220,171374,42843,37805,252022
2026-03,HX-C0251,9,0,1,27626983,285,85000,872369,173098,43274,38185,254557
2026-04,HX-C0251,9,0,1,29049320,285,85000,912905,179776,44944,39657,264377
2026-05,HX-C0251,9,0,1,30252442,285,85000,947194,185111,46277,40835,272223
2026-06,HX-C0251,9,0,1,31286269,285,85000,976658,189408,47352,41782,278542
2026-07,HX-C0251,9,0,1,31635695,285,85000,986617,189864,47466,41882,279212
2025-02,HX-C0252,6,0,1,25762473,285,85000,819230,178487,44621,39373,262481
2025-03,HX-C0252,6,0,1,26634205,285,85000,844074,182637,45659,40288,268584
2025-04,HX-C0252,6,0,1,27103378,285,85000,857446,184247,46061,40644,270952
2025-05,HX-C0252,6,0,1,28411390,285,85000,894724,190919,47729,42116,280764
2025-06,HX-C0252,6,0,1,29459845,285,85000,924605,195912,48978,43216,288106
2025-07,HX-C0252,6,0,1,30584778,285,85000,956666,201274,50318,44400,295992
2025-08,HX-C0252,6,0,1,31585318,285,85000,985181,205799,51449,45399,302647
2025-09,HX-C0252,6,0,1,32361532,285,85000,1007303,208914,52228,46085,307227
2025-10,HX-C0252,6,0,1,33368022,285,85000,1035988,213313,53328,47056,313697
2025-11,HX-C0252,6,0,1,33745588,285,85000,1046749,213963,53490,47199,314652
2025-12,HX-C0252,6,0,1,34018549,285,85000,1054528,213976,53494,47201,314671
2026-01,HX-C0252,6,0,1,34630650,285,85000,1071973,215912,53978,47628,317518
2026-02,HX-C0252,6,0,1,35126287,285,85000,1086099,217132,54283,47898,319313
2026-03,HX-C0252,6,0,1,36389118,285,85000,1122089,222649,55662,49114,327425
2026-04,HX-C0252,6,0,1,37154690,285,85000,1143908,225267,56316,49692,331275
2026-05,HX-C0252,6,0,1,37463730,285,85000,1152716,225277,56319,49694,331290
2026-06,HX-C0252,6,0,1,37723429,285,85000,1160117,224988,56247,49630,330865
2026-07,HX-C0252,6,0,1,38074267,285,85000,1170116,225176,56294,49672,331142
2026-02,HX-C0253,10,0,1,74244197,285,85000,2200959,440015,110003,97063,647081
2026-03,HX-C0253,10,0,1,76352876,285,85000,2261056,448647,112161,98968,659776
2026-04,HX-C0253,10,0,1,77672725,285,85000,2298672,452672,113168,99855,665695
2026-05,HX-C0253,10,0,1,79102781,285,85000,2339429,457198,114299,100854,672351
2026-06,HX-C0253,10,0,1,81048422,285,85000,2394880,464452,116113,102454,683019
2026-07,HX-C0253,10,0,1,85343112,285,85000,2517278,484424,121106,106859,712389
2023-11,HX-C0254,1,0,1,6755343,285,85000,277527,66693,16673,14712,98078
2023-12,HX-C0254,1,0,1,6914539,285,85000,282064,67360,16840,14860,99060
2024-01,HX-C0254,1,0,1,7238317,285,85000,291292,69128,17282,15250,101660
2024-02,HX-C0254,1,0,1,7391002,285,85000,295643,69719,17429,15380,102528
2024-03,HX-C0254,1,0,1,7443475,285,85000,297139,69627,17406,15361,102394
2024-04,HX-C0254,1,0,1,7532335,285,85000,299671,69772,17443,15392,102607
2024-05,HX-C0254,1,0,1,7737171,285,85000,305509,70675,17668,15591,103934
2024-06,HX-C0254,1,0,1,8027546,285,85000,313785,72120,18030,15909,106059
2024-07,HX-C0254,1,0,1,8096402,285,85000,315747,72098,18024,15905,106027
2024-08,HX-C0254,1,0,1,8377656,285,85000,323763,73444,18361,16202,108007
2024-09,HX-C0254,1,0,1,8531378,285,85000,328144,73947,18486,16313,108746
2024-10,HX-C0254,1,0,1,8734375,285,85000,333929,74751,18687,16491,109929
2024-11,HX-C0254,1,0,1,9143691,285,85000,345595,76846,19211,16952,113009
2024-12,HX-C0254,1,0,1,9402048,285,85000,352958,77955,19488,17197,114640
2025-01,HX-C0254,1,0,1,9740406,285,85000,362601,79543,19885,17547,116975
2025-02,HX-C0254,1,0,1,10046459,285,85000,371324,80900,20225,17847,118972
2025-03,HX-C0254,1,0,1,10227084,285,85000,376471,81459,20364,17970,119793
2025-04,HX-C0254,1,0,1,10508252,285,85000,384485,82617,20654,18226,121497
2025-05,HX-C0254,1,0,1,10887661,285,85000,395298,84349,21087,18608,124044
2025-06,HX-C0254,1,0,1,11247556,285,85000,405555,85931,21482,18957,126370
2025-07,HX-C0254,1,0,1,11356324,285,85000,408655,85977,21494,18966,126437
2025-08,HX-C0254,1,0,1,11663223,285,85000,417401,87193,21798,19234,128225
2025-09,HX-C0254,1,0,1,11809828,285,85000,421580,87435,21858,19288,128581
2025-10,HX-C0254,1,0,1,12096109,285,85000,429739,88484,22121,19519,130124
2025-11,HX-C0254,1,0,1,12378609,285,85000,437790,89487,22371,19741,131599
2025-12,HX-C0254,1,0,1,12487215,285,85000,440885,89460,22365,19735,131560
2026-01,HX-C0254,1,0,1,12585287,285,85000,443680,89364,22341,19713,131418
2026-02,HX-C0254,1,0,1,13121440,285,85000,458961,91755,22938,20241,134934
2026-03,HX-C0254,1,0,1,13445866,285,85000,468207,92902,23225,20495,136622
2026-04,HX-C0254,1,0,1,13652935,285,85000,474108,93364,23341,20596,137301
2026-05,HX-C0254,1,0,1,13931274,285,85000,482041,94205,23551,20782,138538
2026-06,HX-C0254,1,0,1,14007369,285,85000,484210,93905,23476,20715,138096
2026-07,HX-C0254,1,0,1,14257185,285,85000,491329,94551,23637,20858,139046
2026-05,HX-C0255,11,0,1,21192374,235,85000,583020,113940,28485,25134,167559
2026-06,HX-C0255,11,0,1,22111499,235,85000,604620,117257,29314,25866,172437
2026-07,HX-C0255,11,0,1,22836456,235,85000,621656,119631,29907,26390,175928
2025-08,HX-C0256,8,0,1,62604306,285,85000,1869222,390472,97618,86134,574224
2025-09,HX-C0256,8,0,1,64829411,285,85000,1932638,400828,100207,88419,589454
2025-10,HX-C0256,8,0,1,66800003,285,85000,1988800,409501,102375,90332,602208
2025-11,HX-C0256,8,0,1,69288772,285,85000,2059730,421024,105256,92874,619154
2025-12,HX-C0256,8,0,1,72308998,285,85000,2145806,435409,108852,96047,640308
2026-01,HX-C0256,8,0,1,75301736,285,85000,2231099,449378,112344,99129,660851
2026-02,HX-C0256,8,0,1,77025089,285,85000,2280215,455860,113965,100558,670383
2026-03,HX-C0256,8,0,1,79759140,285,85000,2358135,467910,116977,103216,688103
2026-04,HX-C0256,8,0,1,81313489,285,85000,2402434,473105,118276,104363,695744
2026-05,HX-C0256,8,0,1,83857595,285,85000,2474941,483682,120920,106696,711298
2026-06,HX-C0256,8,0,1,85011165,285,85000,2507818,486355,121588,107286,715229
2026-07,HX-C0256,8,0,1,87954880,285,85000,2591714,498749,124687,110019,733455
2025-11,HX-C0257,9,0,1,11096182,285,85000,401241,82016,20504,18093,120613
2025-12,HX-C0257,9,0,1,11540543,285,85000,413905,83986,20996,18527,123509
2026-01,HX-C0257,9,0,1,11788161,285,85000,420962,84787,21196,18705,124688
2026-02,HX-C0257,9,0,1,12106168,285,85000,430025,85970,21492,18965,126427
2026-03,HX-C0257,9,0,1,12483190,285,85000,440770,87458,21864,19294,128616
2026-04,HX-C0257,9,0,1,13008726,285,85000,455748,89749,22437,19798,131984
2026-05,HX-C0257,9,0,1,13354209,285,85000,465594,90991,22747,20073,133811
2026-06,HX-C0257,9,0,1,14151536,285,85000,488318,94702,23675,20891,139268
2026-07,HX-C0257,9,0,1,14271991,285,85000,491751,94632,23658,20875,139165
2024-05,HX-C0258,3,0,1,14362949,285,85000,494344,114359,28589,25227,168175
2024-06,HX-C0258,3,0,1,14602036,285,85000,501158,115185,28796,25410,169391
2024-07,HX-C0258,3,0,1,14873887,285,85000,508905,116205,29051,25634,170890
2024-08,HX-C0258,3,0,1,15166921,285,85000,517257,117338,29334,25884,172556
2024-09,HX-C0258,3,0,1,15888660,285,85000,537826,121199,30299,26737,178235
2024-10,HX-C0258,3,0,1,16527245,285,85000,556026,124469,31117,27457,183043
2024-11,HX-C0258,3,0,1,16997405,285,85000,569426,126617,31654,27931,186202
2024-12,HX-C0258,3,0,1,17338916,285,85000,579159,127914,31978,28218,188110
2025-01,HX-C0258,3,0,1,17889625,285,85000,594854,130491,32622,28786,191899
2025-02,HX-C0258,3,0,1,18327241,285,85000,607326,132319,33079,29189,194587
2025-03,HX-C0258,3,0,1,18661322,285,85000,616847,133470,33367,29443,196280
2025-04,HX-C0258,3,0,1,18811839,285,85000,621137,133469,33367,29443,196279
2025-05,HX-C0258,3,0,1,19321336,285,85000,635658,135638,33909,29922,199469
2025-06,HX-C0258,3,0,1,19693216,285,85000,646256,136933,34233,30207,201373
2025-07,HX-C0258,3,0,1,19897201,285,85000,652070,137190,34297,30263,201750
2025-08,HX-C0258,3,0,1,20359487,285,85000,665245,138966,34741,30656,204363
2025-09,HX-C0258,3,0,1,20750006,285,85000,676375,140279,35069,30946,206294
2025-10,HX-C0258,3,0,1,20977126,285,85000,682848,140600,35150,31016,206766
2025-11,HX-C0258,3,0,1,21236483,285,85000,690239,141089,35272,31124,207485
2025-12,HX-C0258,3,0,1,21697769,285,85000,703386,142725,35681,31484,209890
2026-01,HX-C0258,3,0,1,21988409,285,85000,711669,143341,35835,31620,210796
2026-02,HX-C0258,3,0,1,22428644,285,85000,724216,144784,36196,31939,212919
2026-03,HX-C0258,3,0,1,22969271,285,85000,739624,146758,36689,32375,215822
2026-04,HX-C0258,3,0,1,23302481,285,85000,749120,147522,36880,32543,216945
2026-05,HX-C0258,3,0,1,24231649,285,85000,775601,151576,37894,33437,222907
2026-06,HX-C0258,3,0,1,24918601,285,85000,795180,154213,38553,34019,226785
2026-07,HX-C0258,3,0,1,25351172,285,85000,807508,155396,38849,34279,228524
2023-08,HX-C0259,0,0,1,2055876,285,85000,143592,35151,8787,7755,51693
2023-09,HX-C0259,0,0,1,2080365,285,85000,144290,35105,8776,7745,51626
2023-10,HX-C0259,0,0,1,2078622,285,85000,144240,34877,8719,7695,51291
2023-11,HX-C0259,0,0,1,2083739,285,85000,144386,34697,8674,7655,51026
2023-12,HX-C0259,0,0,1,2138694,285,85000,145952,34855,8713,7690,51258
2024-01,HX-C0259,0,0,1,2194065,285,85000,147530,35011,8752,7724,51487
2024-02,HX-C0259,0,0,1,2232993,285,85000,148640,35052,8763,7733,51548
2024-03,HX-C0259,0,0,1,2267230,285,85000,149616,35058,8764,7735,51557
2024-04,HX-C0259,0,0,1,2331263,285,85000,151440,35260,8815,7778,51853
2024-05,HX-C0259,0,0,1,2378153,285,85000,152777,35342,8835,7797,51974
2024-06,HX-C0259,0,0,1,2437378,285,85000,154465,35502,8875,7832,52209
2024-07,HX-C0259,0,0,0,0,285,0,0,0,0,0,0
2024-08,HX-C0259,0,0,0,0,285,0,0,0,0,0,0
2024-09,HX-C0259,0,0,0,0,285,0,0,0,0,0,0
2024-10,HX-C0259,0,0,0,0,285,0,0,0,0,0,0
2024-11,HX-C0259,0,0,0,0,285,0,0,0,0,0,0
2024-12,HX-C0259,0,0,0,0,285,0,0,0,0,0,0
2025-01,HX-C0259,0,0,0,0,285,0,0,0,0,0,0
2025-02,HX-C0259,0,0,0,0,285,0,0,0,0,0,0
2025-03,HX-C0259,0,0,0,0,285,0,0,0,0,0,0
2025-04,HX-C0259,0,0,0,0,285,0,0,0,0,0,0
2025-05,HX-C0259,0,0,0,0,285,0,0,0,0,0,0
2025-06,HX-C0259,0,0,0,0,285,0,0,0,0,0,0
2025-07,HX-C0259,0,0,0,0,285,0,0,0,0,0,0
2025-08,HX-C0259,0,0,0,0,285,0,0,0,0,0,0
2025-09,HX-C0259,0,0,0,0,285,0,0,0,0,0,0
2025-10,HX-C0259,0,0,0,0,285,0,0,0,0,0,0
2025-11,HX-C0259,0,0,0,0,285,0,0,0,0,0,0
2025-12,HX-C0259,0,0,0,0,285,0,0,0,0,0,0
2026-01,HX-C0259,0,0,0,0,285,0,0,0,0,0,0
2026-02,HX-C0259,0,0,0,0,285,0,0,0,0,0,0
2026-03,HX-C0259,0,0,0,0,285,0,0,0,0,0,0
2026-04,HX-C0259,0,0,0,0,285,0,0,0,0,0,0
2026-05,HX-C0259,0,0,0,0,285,0,0,0,0,0,0
2026-06,HX-C0259,0,0,0,0,285,0,0,0,0,0,0
2026-07,HX-C0259,0,0,0,0,285,0,0,0,0,0,0
2025-11,HX-C0260,9,0,1,20147927,285,85000,659215,134748,33687,29725,198160
2025-12,HX-C0260,9,0,1,20620328,285,85000,672679,136494,34123,30110,200727
2026-01,HX-C0260,9,0,1,21035166,285,85000,684502,137869,34467,30413,202749
2026-02,HX-C0260,9,0,1,21155820,285,85000,687940,137532,34383,30339,202254
2026-03,HX-C0260,9,0,1,21734876,285,85000,704443,139778,34944,30834,205556
2026-04,HX-C0260,9,0,1,21827103,285,85000,707072,139242,34810,30716,204768
2026-05,HX-C0260,9,0,1,22168765,285,85000,716809,140086,35021,30903,206010
2026-06,HX-C0260,9,0,1,22975852,285,85000,739811,143475,35868,31651,210994
2026-07,HX-C0260,9,0,1,23782077,285,85000,762789,146790,36697,32382,215869
2024-11,HX-C0261,5,0,1,5484713,285,85000,241314,53658,13414,11837,78909
2024-12,HX-C0261,5,0,1,5602948,285,85000,244684,54041,13510,11922,79473
2025-01,HX-C0261,5,0,1,5795581,285,85000,250174,54880,13720,12106,80706
2025-02,HX-C0261,5,0,1,5910085,285,85000,253437,55216,13804,12181,81201
2025-03,HX-C0261,5,0,1,5940897,285,85000,254315,55027,13756,12140,80923
2025-04,HX-C0261,5,0,1,6147239,285,85000,260196,55910,13977,12334,82221
2025-05,HX-C0261,5,0,1,6304222,285,85000,264670,56476,14119,12458,83053
2025-06,HX-C0261,5,0,1,6518654,285,85000,270781,57375,14343,12657,84375
2025-07,HX-C0261,5,0,1,6740560,285,85000,277105,58300,14575,12861,85736
2025-08,HX-C0261,5,0,1,6930794,285,85000,282527,59018,14754,13020,86792
2025-09,HX-C0261,5,0,1,6953276,285,85000,283168,58728,14682,12956,86366
2025-10,HX-C0261,5,0,1,7042167,285,85000,285701,58826,14706,12978,86510
2025-11,HX-C0261,5,0,1,7229139,285,85000,291030,59488,14872,13123,87483
2025-12,HX-C0261,5,0,1,7404013,285,85000,296014,60064,15016,13250,88330
2026-01,HX-C0261,5,0,1,7529131,285,85000,299580,60339,15084,13312,88735
2026-02,HX-C0261,5,0,1,7722923,285,85000,305103,60996,15249,13455,89700
2026-03,HX-C0261,5,0,1,7932988,285,85000,311090,61727,15431,13618,90776
2026-04,HX-C0261,5,0,1,8114145,285,85000,316253,62278,15569,13739,91586
2026-05,HX-C0261,5,0,1,8366872,285,85000,323455,63212,15803,13945,92960
2026-06,HX-C0261,5,0,1,8645343,285,85000,331392,64268,16067,14177,94512
2026-07,HX-C0261,5,0,1,8847199,285,85000,337145,64880,16220,14312,95412
2024-08,HX-C0262,4,0,1,31254143,285,85000,975743,221344,55336,48827,325507
2024-09,HX-C0262,4,0,1,31793249,285,85000,991107,223347,55836,49269,328452
2024-10,HX-C0262,4,0,0,0,285,0,0,0,0,0,0
2024-11,HX-C0262,4,0,0,0,285,0,0,0,0,0,0
2024-12,HX-C0262,4,0,0,0,285,0,0,0,0,0,0
2025-01,HX-C0262,4,0,0,0,285,0,0,0,0,0,0
2025-02,HX-C0262,4,0,0,0,285,0,0,0,0,0,0
2025-03,HX-C0262,4,0,0,0,285,0,0,0,0,0,0
2025-04,HX-C0262,4,0,0,0,285,0,0,0,0,0,0
2025-05,HX-C0262,4,0,0,0,285,0,0,0,0,0,0
2025-06,HX-C0262,4,0,0,0,285,0,0,0,0,0,0
2025-07,HX-C0262,4,0,0,0,285,0,0,0,0,0,0
2025-08,HX-C0262,4,0,0,0,285,0,0,0,0,0,0
2025-09,HX-C0262,4,0,0,0,285,0,0,0,0,0,0
2025-10,HX-C0262,4,0,0,0,285,0,0,0,0,0,0
2025-11,HX-C0262,4,0,0,0,285,0,0,0,0,0,0
2025-12,HX-C0262,4,0,0,0,285,0,0,0,0,0,0
2026-01,HX-C0262,4,0,0,0,285,0,0,0,0,0,0
2026-02,HX-C0262,4,0,0,0,285,0,0,0,0,0,0
2026-03,HX-C0262,4,0,0,0,285,0,0,0,0,0,0
2026-04,HX-C0262,4,0,0,0,285,0,0,0,0,0,0
2026-05,HX-C0262,4,0,0,0,285,0,0,0,0,0,0
2026-06,HX-C0262,4,0,0,0,285,0,0,0,0,0,0
2026-07,HX-C0262,4,0,0,0,285,0,0,0,0,0,0
2024-11,HX-C0263,5,0,1,25652948,235,85000,687844,152948,38237,33739,224924
2024-12,HX-C0263,5,0,1,26296127,235,85000,702958,155257,38814,34249,228320
2025-01,HX-C0263,5,0,1,26780443,235,85000,714340,156703,39175,34568,230446
2025-02,HX-C0263,5,0,1,27024484,235,85000,720075,156884,39221,34607,230712
2025-03,HX-C0263,5,0,1,27736498,235,85000,736807,159426,39856,35169,234451
2025-04,HX-C0263,5,0,1,28201150,235,85000,747727,160671,40167,35443,236281
2025-05,HX-C0263,5,0,1,28697517,235,85000,759391,162041,40510,35745,238296
2025-06,HX-C0263,5,0,1,29159543,235,85000,770249,163206,40801,36002,240009
2025-07,HX-C0263,5,0,1,30033967,235,85000,790798,166376,41594,36702,244672
2025-08,HX-C0263,5,0,1,31083301,235,85000,815457,170345,42586,37577,250508
2025-09,HX-C0263,5,0,1,32296937,235,85000,843978,175040,43760,38613,257413
2025-10,HX-C0263,5,0,1,32610846,235,85000,851354,175296,43824,38669,257789
2025-11,HX-C0263,5,0,1,34376725,235,85000,892853,182505,45626,40260,268391
2025-12,HX-C0263,5,0,1,34777486,235,85000,902270,183081,45770,40386,269237
2026-01,HX-C0263,5,0,1,35251189,235,85000,913402,183973,45993,40583,270549
2026-02,HX-C0263,5,0,1,36074345,235,85000,932747,186474,46618,41135,274227
2026-03,HX-C0263,5,0,1,37566102,235,85000,967803,192034,48008,42362,282404
2026-04,HX-C0263,5,0,1,38195659,235,85000,982597,193500,48375,42685,284560
2026-05,HX-C0263,5,0,1,39490009,235,85000,1013015,197975,49493,43672,291140
2026-06,HX-C0263,5,0,1,40483326,235,85000,1036358,200986,50246,44337,295569
2026-07,HX-C0263,5,0,1,40785550,235,85000,1043460,200803,50200,44296,295299
2023-11,HX-C0264,1,0,1,8015270,235,85000,273358,65690,16422,14492,96604
2023-12,HX-C0264,1,0,1,8371990,235,85000,281741,67283,16820,14844,98947
2024-01,HX-C0264,1,0,1,8751455,235,85000,290659,68978,17244,15217,101439
2024-02,HX-C0264,1,0,1,9075894,235,85000,298283,70341,17585,15518,103444
2024-03,HX-C0264,1,0,1,9329933,235,85000,304253,71294,17823,15728,104845
2024-04,HX-C0264,1,0,1,9794042,235,85000,315159,73378,18344,16188,107910
2024-05,HX-C0264,1,0,1,9802241,235,85000,315352,72951,18237,16094,107282
2024-06,HX-C0264,1,0,1,9984400,235,85000,319633,73463,18365,16207,108035
2024-07,HX-C0264,1,0,1,10357705,235,85000,328406,74989,18747,16542,110278
2024-08,HX-C0264,1,0,1,10595430,235,85000,333992,75764,18941,16714,111419
2024-09,HX-C0264,1,0,1,10884513,235,85000,340786,76796,19199,16941,112936
2024-10,HX-C0264,1,0,1,11133881,235,85000,346646,77598,19399,17118,114115
2024-11,HX-C0264,1,0,1,11577219,235,85000,357064,79396,19849,17514,116759
2024-12,HX-C0264,1,0,1,11907530,235,85000,364826,80576,20144,17775,118495
2025-01,HX-C0264,1,0,1,11939248,235,85000,365572,80194,20048,17691,117933
2025-02,HX-C0264,1,0,1,12077926,235,85000,368831,80357,20089,17727,118173
2025-03,HX-C0264,1,0,1,12424386,235,85000,376973,81567,20391,17994,119952
2025-04,HX-C0264,1,0,1,12912339,235,85000,388439,83467,20866,18413,122746
2025-05,HX-C0264,1,0,1,13519745,235,85000,402714,85932,21483,18956,126371
2025-06,HX-C0264,1,0,1,14095550,235,85000,416245,88196,22049,19456,129701
2025-07,HX-C0264,1,0,1,14411745,235,85000,423676,89137,22284,19664,131085
2025-08,HX-C0264,1,0,1,14958872,235,85000,436533,91189,22797,20116,134102
2025-09,HX-C0264,1,0,1,15236020,235,85000,443046,91887,22971,20271,135129
2025-10,HX-C0264,1,0,1,15647395,235,85000,452713,93215,23303,20563,137081
2025-11,HX-C0264,1,0,1,15880973,235,85000,458202,93659,23414,20662,137735
2025-12,HX-C0264,1,0,1,16098769,235,85000,463321,94012,23503,20739,138254
2026-01,HX-C0264,1,0,1,16499543,235,85000,472739,95217,23804,21004,140025
2026-02,HX-C0264,1,0,1,16928554,235,85000,482821,96525,24131,21293,141949
2026-03,HX-C0264,1,0,1,17887034,235,85000,505345,100272,25068,22119,147459
2026-04,HX-C0264,1,0,1,18157022,235,85000,511690,100765,25191,22229,148185
2026-05,HX-C0264,1,0,1,18631413,235,85000,522838,102178,25544,22541,150263
2026-06,HX-C0264,1,0,1,19478934,235,85000,542754,105259,26314,23220,154793
2026-07,HX-C0264,1,0,1,19984238,235,85000,554629,106732,26683,23545,156960
2024-02,HX-C0265,2,0,1,10544097,285,85000,385506,90911,22727,20055,133693
2024-03,HX-C0265,2,0,1,11041873,285,85000,399693,93659,23414,20661,137734
2024-04,HX-C0265,2,0,1,11327683,285,85000,407838,94957,23739,20947,139643
2024-05,HX-C0265,2,0,1,11406648,285,85000,410089,94868,23717,20927,139512
2024-06,HX-C0265,2,0,1,11877237,285,85000,423501,97337,24334,21472,143143
2024-07,HX-C0265,2,0,1,12329166,285,85000,436381,99644,24911,21981,146536
2024-08,HX-C0265,2,0,1,12675098,285,85000,446240,101228,25307,22330,148865
2024-09,HX-C0265,2,0,1,13174561,285,85000,460474,103768,25942,22891,152601
2024-10,HX-C0265,2,0,1,13552458,285,85000,471245,105490,26372,23271,155133
2024-11,HX-C0265,2,0,1,14066662,285,85000,485899,108043,27010,23835,158888
2024-12,HX-C0265,2,0,1,14639223,285,85000,502217,110921,27730,24469,163120
2025-01,HX-C0265,2,0,1,15097695,285,85000,515284,113036,28259,24935,166230
2025-02,HX-C0265,2,0,1,15180245,285,85000,517636,112778,28194,24878,165850
2025-03,HX-C0265,2,0,1,15351280,285,85000,522511,113058,28264,24941,166263
2025-04,HX-C0265,2,0,1,15648581,285,85000,530984,114097,28524,25169,167790
2025-05,HX-C0265,2,0,1,16140218,285,85000,544996,116292,29073,25654,171019
2025-06,HX-C0265,2,0,1,16560128,285,85000,556963,118013,29503,26033,173549
2025-07,HX-C0265,2,0,1,16935147,285,85000,567651,119429,29857,26345,175631
2025-08,HX-C0265,2,0,1,17296955,285,85000,577963,120734,30183,26633,177550
2025-09,HX-C0265,2,0,1,17708388,285,85000,589689,122301,30575,26979,179855
2025-10,HX-C0265,2,0,1,18143517,285,85000,602090,123972,30993,27347,182312
2025-11,HX-C0265,2,0,1,18689410,285,85000,617648,126251,31562,27851,185664
2025-12,HX-C0265,2,0,1,19498661,285,85000,640711,130007,32501,28680,191188
2026-01,HX-C0265,2,0,1,20051453,285,85000,656466,132222,33055,29168,194445
2026-02,HX-C0265,2,0,1,19999527,285,85000,654986,130944,32736,28885,192565
2026-03,HX-C0265,2,0,1,20682934,285,85000,674463,133829,33457,29522,196808
2026-04,HX-C0265,2,0,1,21283617,285,85000,691583,136191,34047,30044,200282
2026-05,HX-C0265,2,0,1,21749386,285,85000,704857,137751,34437,30387,202575
2026-06,HX-C0265,2,0,1,22062440,285,85000,713779,138426,34606,30537,203569
2026-07,HX-C0265,2,0,1,22543123,285,85000,727479,139995,34998,30883,205876
2025-02,HX-C0266,6,0,0,0,285,0,0,0,0,0,0
2025-03,HX-C0266,6,0,0,0,285,0,0,0,0,0,0
2025-04,HX-C0266,6,0,0,0,285,0,0,0,0,0,0
2025-05,HX-C0266,6,0,0,0,285,0,0,0,0,0,0
2025-06,HX-C0266,6,0,0,0,285,0,0,0,0,0,0
2025-07,HX-C0266,6,0,0,0,285,0,0,0,0,0,0
2025-08,HX-C0266,6,0,0,0,285,0,0,0,0,0,0
2025-09,HX-C0266,6,0,0,0,285,0,0,0,0,0,0
2025-10,HX-C0266,6,0,0,0,285,0,0,0,0,0,0
2025-11,HX-C0266,6,0,0,0,285,0,0,0,0,0,0
2025-12,HX-C0266,6,0,0,0,285,0,0,0,0,0,0
2026-01,HX-C0266,6,0,0,0,285,0,0,0,0,0,0
2026-02,HX-C0266,6,0,0,0,285,0,0,0,0,0,0
2026-03,HX-C0266,6,0,0,0,285,0,0,0,0,0,0
2026-04,HX-C0266,6,0,0,0,285,0,0,0,0,0,0
2026-05,HX-C0266,6,0,0,0,285,0,0,0,0,0,0
2026-06,HX-C0266,6,0,0,0,285,0,0,0,0,0,0
2026-07,HX-C0266,6,0,0,0,285,0,0,0,0,0,0
2024-05,HX-C0267,3,0,1,40071747,285,85000,1227044,283859,70964,62617,417440
2024-06,HX-C0267,3,0,1,40645856,285,85000,1243406,285784,71446,63041,420271
2024-07,HX-C0267,3,0,1,41831106,285,85000,1277186,291637,72909,64333,428879
2024-08,HX-C0267,3,0,1,43259258,285,85000,1317888,298959,74739,65949,439647
2024-09,HX-C0267,3,0,1,43170196,285,85000,1315350,296416,74104,65386,435906
2024-10,HX-C0267,3,0,1,45158251,285,85000,1372010,307132,76783,67750,451665
2024-11,HX-C0267,3,0,1,46557800,285,85000,1411897,313949,78487,69254,461690
2024-12,HX-C0267,3,0,1,47464544,285,85000,1437739,317544,79386,70047,466977
2025-01,HX-C0267,3,0,1,48075173,285,85000,1455142,319211,79802,70415,469428
2025-02,HX-C0267,3,0,1,49775177,285,85000,1503592,327590,81897,72263,481750
2025-03,HX-C0267,3,0,1,51413133,285,85000,1550274,335441,83860,73996,493297
2025-04,HX-C0267,3,0,1,52790430,285,85000,1589527,341557,85389,75344,502290
2025-05,HX-C0267,3,0,1,54848913,285,85000,1648194,351698,87924,77581,517203
2025-06,HX-C0267,3,0,1,57306829,285,85000,1718244,364074,91018,80312,535404
2025-07,HX-C0267,3,0,1,59119609,285,85000,1769908,372374,93093,82142,547609
2025-08,HX-C0267,3,0,1,60577725,285,85000,1811465,378407,94601,83474,556482
2025-09,HX-C0267,3,0,1,62237544,285,85000,1858770,385508,96377,85039,566924
2025-10,HX-C0267,3,0,1,63906660,285,85000,1906339,392522,98130,86587,577239
2025-11,HX-C0267,3,0,1,66887508,285,85000,1991293,407035,101758,89789,598582
2025-12,HX-C0267,3,0,1,69146665,285,85000,2055679,417121,104280,92013,613414
2026-01,HX-C0267,3,0,1,70905877,285,85000,2105817,424144,106036,93562,623742
2026-02,HX-C0267,3,0,1,72385149,285,85000,2147976,429422,107355,94727,631504
2026-03,HX-C0267,3,0,1,74655438,285,85000,2212679,439048,109762,96849,645659
2026-04,HX-C0267,3,0,1,74534530,285,85000,2209234,435059,108764,95971,639794
2026-05,HX-C0267,3,0,1,75215748,285,85000,2228648,435548,108887,96078,640513
2026-06,HX-C0267,3,0,1,78256427,285,85000,2315308,449021,112255,99049,660325
2026-07,HX-C0267,3,0,1,79520698,285,85000,2351339,452491,113122,99815,665428
2025-02,HX-C0268,6,0,1,13945968,285,85000,482460,105114,26278,23188,154580
2025-03,HX-C0268,6,0,1,14216026,285,85000,490156,106057,26514,23396,155967
2025-04,HX-C0268,6,0,1,14607002,285,85000,501299,107718,26929,23763,158410
2025-05,HX-C0268,6,0,1,14760654,285,85000,505678,107903,26975,23803,158681
2025-06,HX-C0268,6,0,1,15286843,285,85000,520675,110324,27581,24337,162242
2025-07,HX-C0268,6,0,1,15848452,285,85000,536680,112912,28228,24908,166048
2025-08,HX-C0268,6,0,1,15940343,285,85000,539299,112656,28164,24852,165672
2025-09,HX-C0268,6,0,1,15936954,285,85000,539203,111830,27957,24669,164456
2025-10,HX-C0268,6,0,1,16295271,285,85000,549415,113126,28281,24955,166362
2025-11,HX-C0268,6,0,1,16659919,285,85000,559807,114428,28607,25242,168277
2025-12,HX-C0268,6,0,1,17239246,285,85000,576318,116941,29235,25797,171973
2026-01,HX-C0268,6,0,1,17440137,285,85000,582043,117232,29308,25861,172401
2026-02,HX-C0268,6,0,1,18041062,285,85000,599170,119785,29946,26424,176155
2026-03,HX-C0268,6,0,1,18415350,285,85000,609837,121006,30251,26693,177950
2026-04,HX-C0268,6,0,1,18520098,285,85000,612822,120681,30170,26622,177473
2026-05,HX-C0268,6,0,1,19001457,285,85000,626541,122445,30611,27011,180067
2026-06,HX-C0268,6,0,1,19972306,285,85000,654210,126874,31718,27988,186580
2026-07,HX-C0268,6,0,1,20120970,285,85000,658447,126711,31677,27952,186340
2024-05,HX-C0269,3,0,1,44738335,285,85000,1360042,314626,78656,69404,462686
2024-06,HX-C0269,3,0,1,45443042,285,85000,1380126,317207,79301,69974,466482
2024-07,HX-C0269,3,0,1,46478732,285,85000,1409643,321883,80470,71005,473358
2024-08,HX-C0269,3,0,1,47052892,285,85000,1426007,323486,80871,71358,475715
2024-09,HX-C0269,3,0,1,47912861,285,85000,1450516,326876,81719,72106,480701
2024-10,HX-C0269,3,0,1,48565302,285,85000,1469111,328869,82217,72545,483631
2024-11,HX-C0269,3,0,1,49402699,285,85000,1492976,331978,82994,73231,488203
2024-12,HX-C0269,3,0,1,51036408,285,85000,1539537,340027,85006,75008,500041
2025-01,HX-C0269,3,0,1,52923404,285,85000,1593317,349522,87380,77102,514004
2025-02,HX-C0269,3,0,1,55225833,285,85000,1658936,361435,90358,79730,531523
2025-03,HX-C0269,3,0,1,54961357,285,85000,1651398,357322,89330,78822,525474
2025-04,HX-C0269,3,0,1,54805942,285,85000,1646969,353900,88475,78067,520442
2025-05,HX-C0269,3,0,1,56139148,285,85000,1684965,359544,89886,79312,528742
2025-06,HX-C0269,3,0,1,56443155,285,85000,1693629,358859,89714,79161,527734
2025-07,HX-C0269,3,0,1,57884802,285,85000,1734716,364970,91242,80509,536721
2025-08,HX-C0269,3,0,1,58207798,285,85000,1743922,364297,91074,80361,535732
2025-09,HX-C0269,3,0,1,59689657,285,85000,1786155,370448,92612,81717,544777
2025-10,HX-C0269,3,0,1,61377211,285,85000,1834250,377678,94419,83313,555410
2025-11,HX-C0269,3,0,1,62947574,285,85000,1879005,384083,96020,84725,564828
2025-12,HX-C0269,3,0,1,64164284,285,85000,1913682,388308,97077,85657,571042
2026-01,HX-C0269,3,0,1,66016578,285,85000,1966472,396078,99019,87372,582469
2026-02,HX-C0269,3,0,1,68468069,285,85000,2036339,407104,101776,89803,598683
2026-03,HX-C0269,3,0,1,71979167,285,85000,2136406,423914,105978,93511,623403
2026-04,HX-C0269,3,0,1,72911555,285,85000,2162979,425950,106487,93961,626398
2026-05,HX-C0269,3,0,1,73210521,285,85000,2171499,424379,106094,93615,624088
2026-06,HX-C0269,3,0,1,74071333,285,85000,2196032,425889,106472,93947,626308
2026-07,HX-C0269,3,0,1,74845998,285,85000,2218110,426853,106713,94159,627725
2023-08,HX-C0270,0,0,1,66234203,285,85000,1972674,482910,120727,106525,710162
2023-09,HX-C0270,0,0,1,66232960,285,85000,1972639,479950,119987,105873,705810
2023-10,HX-C0270,0,0,1,68331059,285,85000,2032435,491458,122864,108411,722733
2023-11,HX-C0270,0,0,1,71529105,285,85000,2123579,510320,127580,112572,750472
2023-12,HX-C0270,0,0,1,73477314,285,85000,2179103,520404,130101,114795,765300
2024-01,HX-C0270,0,0,1,75003520,285,85000,2222600,527467,131866,116354,775687
2024-02,HX-C0270,0,0,0,0,285,0,0,0,0,0,0
2024-03,HX-C0270,0,0,0,0,285,0,0,0,0,0,0
2024-04,HX-C0270,0,0,0,0,285,0,0,0,0,0,0
2024-05,HX-C0270,0,0,0,0,285,0,0,0,0,0,0
2024-06,HX-C0270,0,0,0,0,285,0,0,0,0,0,0
2024-07,HX-C0270,0,0,0,0,285,0,0,0,0,0,0
2024-08,HX-C0270,0,0,0,0,285,0,0,0,0,0,0
2024-09,HX-C0270,0,0,0,0,285,0,0,0,0,0,0
2024-10,HX-C0270,0,0,0,0,285,0,0,0,0,0,0
2024-11,HX-C0270,0,0,0,0,285,0,0,0,0,0,0
2024-12,HX-C0270,0,0,0,0,285,0,0,0,0,0,0
2025-01,HX-C0270,0,0,0,0,285,0,0,0,0,0,0
2025-02,HX-C0270,0,0,0,0,285,0,0,0,0,0,0
2025-03,HX-C0270,0,0,0,0,285,0,0,0,0,0,0
2025-04,HX-C0270,0,0,0,0,285,0,0,0,0,0,0
2025-05,HX-C0270,0,0,0,0,285,0,0,0,0,0,0
2025-06,HX-C0270,0,0,0,0,285,0,0,0,0,0,0
2025-07,HX-C0270,0,0,0,0,285,0,0,0,0,0,0
2025-08,HX-C0270,0,0,0,0,285,0,0,0,0,0,0
2025-09,HX-C0270,0,0,0,0,285,0,0,0,0,0,0
2025-10,HX-C0270,0,0,0,0,285,0,0,0,0,0,0
2025-11,HX-C0270,0,0,0,0,285,0,0,0,0,0,0
2025-12,HX-C0270,0,0,0,0,285,0,0,0,0,0,0
2026-01,HX-C0270,0,0,0,0,285,0,0,0,0,0,0
2026-02,HX-C0270,0,0,0,0,285,0,0,0,0,0,0
2026-03,HX-C0270,0,0,0,0,285,0,0,0,0,0,0
2026-04,HX-C0270,0,0,0,0,285,0,0,0,0,0,0
2026-05,HX-C0270,0,0,0,0,285,0,0,0,0,0,0
2026-06,HX-C0270,0,0,0,0,285,0,0,0,0,0,0
2026-07,HX-C0270,0,0,0,0,285,0,0,0,0,0,0
2024-02,HX-C0271,2,0,1,5656291,285,85000,246204,58060,14515,12808,85383
2024-03,HX-C0271,2,0,1,5752106,285,85000,248935,58332,14583,12868,85783
2024-04,HX-C0271,2,0,1,5863895,285,85000,252121,58701,14675,12950,86326
2024-05,HX-C0271,2,0,1,6044615,285,85000,257271,59515,14878,13130,87523
2024-06,HX-C0271,2,0,1,6059594,285,85000,257698,59228,14807,13066,87101
2024-07,HX-C0271,2,0,1,6243904,285,85000,262951,60042,15010,13246,88298
2024-08,HX-C0271,2,0,1,6541021,285,85000,271419,61570,15392,13583,90545
2024-09,HX-C0271,2,0,1,6758288,285,85000,277611,62560,15640,13800,92000
2024-10,HX-C0271,2,0,1,6787227,285,85000,278435,62328,15582,13750,91660
2024-11,HX-C0271,2,0,1,6947319,285,85000,282998,62927,15731,13882,92540
2024-12,HX-C0271,2,0,1,7135964,285,85000,288374,63690,15922,14051,93663
2025-01,HX-C0271,2,0,1,7358040,285,85000,294704,64648,16162,14261,95071
2025-02,HX-C0271,2,0,1,7558767,285,85000,300424,65453,16363,14439,96255
2025-03,HX-C0271,2,0,1,7537239,285,85000,299811,64871,16217,14311,95399
2025-04,HX-C0271,2,0,1,7677246,285,85000,303801,65280,16320,14401,96001
2025-05,HX-C0271,2,0,1,7976989,285,85000,312344,66648,16662,14703,98013
2025-06,HX-C0271,2,0,1,8207570,285,85000,318915,67573,16893,14907,99373
2025-07,HX-C0271,2,0,1,8567283,285,85000,329167,69253,17313,15278,101844
2025-08,HX-C0271,2,0,1,8695616,285,85000,332825,69525,17381,15337,102243
2025-09,HX-C0271,2,0,1,9021476,285,85000,342112,70953,17738,15653,104344
2025-10,HX-C0271,2,0,1,9228847,285,85000,348022,71659,17914,15808,105381
2025-11,HX-C0271,2,0,1,9689348,285,85000,361146,73820,18455,16285,108560
2025-12,HX-C0271,2,0,1,9692538,285,85000,361237,73299,18324,16170,107793
2026-01,HX-C0271,2,0,1,9932417,285,85000,368073,74135,18533,16355,109023
2026-02,HX-C0271,2,0,1,10171777,285,85000,374895,74948,18737,16534,110219
2026-03,HX-C0271,2,0,1,10504472,285,85000,384377,76269,19067,16825,112161
2026-04,HX-C0271,2,0,1,10625365,285,85000,387822,76372,19093,16848,112313
2026-05,HX-C0271,2,0,1,10949585,285,85000,397063,77598,19399,17118,114115
2026-06,HX-C0271,2,0,1,11217009,285,85000,404684,78482,19620,17313,115415
2026-07,HX-C0271,2,0,1,11532405,285,85000,413673,79606,19901,17562,117069
2024-08,HX-C0272,4,0,1,30192493,235,85000,794523,180235,45058,39759,265052
2024-09,HX-C0272,4,0,1,31148026,235,85000,816978,184107,46026,40613,270746
2024-10,HX-C0272,4,0,1,31906891,235,85000,834811,186876,46719,41224,274819
2024-11,HX-C0272,4,0,1,32558620,235,85000,850127,189033,47258,41700,277991
2024-12,HX-C0272,4,0,1,33470611,235,85000,871559,192495,48123,42464,283082
2025-01,HX-C0272,4,0,1,34283976,235,85000,890673,195385,48846,43100,287331
2025-02,HX-C0272,4,0,1,35460286,235,85000,918316,200075,50018,44135,294228
2025-03,HX-C0272,4,0,1,36028267,235,85000,931664,201589,50397,44469,296455
2025-04,HX-C0272,4,0,1,36731326,235,85000,948186,203745,50936,44945,299626
2025-05,HX-C0272,4,0,1,38020555,235,85000,978483,208791,52197,46059,307047
2025-06,HX-C0272,4,0,1,38687101,235,85000,994146,210647,52661,46467,309775
2025-07,HX-C0272,4,0,1,38639369,235,85000,993025,208923,52230,46088,307241
2025-08,HX-C0272,4,0,1,40015066,235,85000,1025354,214191,53547,47250,314988
2025-09,HX-C0272,4,0,1,40254960,235,85000,1030991,213827,53456,47169,314452
2025-10,HX-C0272,4,0,1,41418535,235,85000,1058335,217914,54478,48071,320463
2025-11,HX-C0272,4,0,1,42892945,235,85000,1092984,223414,55853,49283,328550
2025-12,HX-C0272,4,0,1,44561724,235,85000,1132200,229736,57434,50678,337848
2026-01,HX-C0272,4,0,1,45916292,235,85000,1164032,234454,58613,51719,344786
2026-02,HX-C0272,4,0,1,47352736,235,85000,1197789,239461,59865,52823,352149
2026-03,HX-C0272,4,0,1,48668158,235,85000,1228701,243803,60950,53781,358534
2026-04,HX-C0272,4,0,1,50678937,235,85000,1275955,251270,62817,55429,369516
2026-05,HX-C0272,4,0,1,50928658,235,85000,1281823,250508,62627,55260,368395
2026-06,HX-C0272,4,0,1,52247570,235,85000,1312817,254602,63650,56163,374415
2026-07,HX-C0272,4,0,1,52445550,235,85000,1317470,253533,63383,55928,372844
2023-11,HX-C0273,1,0,1,5651409,285,85000,246065,59132,14783,13044,86959
2023-12,HX-C0273,1,0,1,5842658,285,85000,251515,60065,15016,13251,88332
2024-01,HX-C0273,1,0,1,5932668,285,85000,254081,60298,15074,13302,88674
2024-02,HX-C0273,1,0,1,6029752,285,85000,256847,60570,15142,13362,89074
2024-03,HX-C0273,1,0,1,6260844,285,85000,263434,61729,15432,13618,90779
2024-04,HX-C0273,1,0,1,6436688,285,85000,268445,62502,15625,13788,91915
2024-05,HX-C0273,1,0,1,6508898,285,85000,270503,62577,15644,13804,92025
2024-06,HX-C0273,1,0,1,6659581,285,85000,274798,63159,15789,13933,92881
2024-07,HX-C0273,1,0,1,6908818,285,85000,281901,64370,16092,14200,94662
2024-08,HX-C0273,1,0,1,7120963,285,85000,287947,65320,16330,14409,96059
2024-09,HX-C0273,1,0,0,0,285,0,0,0,0,0,0
2024-10,HX-C0273,1,0,0,0,285,0,0,0,0,0,0
2024-11,HX-C0273,1,0,0,0,285,0,0,0,0,0,0
2024-12,HX-C0273,1,0,0,0,285,0,0,0,0,0,0
2025-01,HX-C0273,1,0,0,0,285,0,0,0,0,0,0
2025-02,HX-C0273,1,0,0,0,285,0,0,0,0,0,0
2025-03,HX-C0273,1,0,0,0,285,0,0,0,0,0,0
2025-04,HX-C0273,1,0,0,0,285,0,0,0,0,0,0
2025-05,HX-C0273,1,0,0,0,285,0,0,0,0,0,0
2025-06,HX-C0273,1,0,0,0,285,0,0,0,0,0,0
2025-07,HX-C0273,1,0,0,0,285,0,0,0,0,0,0
2025-08,HX-C0273,1,0,0,0,285,0,0,0,0,0,0
2025-09,HX-C0273,1,0,0,0,285,0,0,0,0,0,0
2025-10,HX-C0273,1,0,0,0,285,0,0,0,0,0,0
2025-11,HX-C0273,1,0,0,0,285,0,0,0,0,0,0
2025-12,HX-C0273,1,0,0,0,285,0,0,0,0,0,0
2026-01,HX-C0273,1,0,0,0,285,0,0,0,0,0,0
2026-02,HX-C0273,1,0,0,0,285,0,0,0,0,0,0
2026-03,HX-C0273,1,0,0,0,285,0,0,0,0,0,0
2026-04,HX-C0273,1,0,0,0,285,0,0,0,0,0,0
2026-05,HX-C0273,1,0,0,0,285,0,0,0,0,0,0
2026-06,HX-C0273,1,0,0,0,285,0,0,0,0,0,0
2026-07,HX-C0273,1,0,0,0,285,0,0,0,0,0,0
2023-11,HX-C0274,1,0,1,12416660,285,85000,438874,105466,26366,23266,155098
2023-12,HX-C0274,1,0,1,12541168,285,85000,442423,105657,26414,23307,155378
2024-01,HX-C0274,1,0,1,12830972,285,85000,450682,106955,26738,23595,157288
2024-02,HX-C0274,1,0,1,13108392,285,85000,458589,108145,27036,23857,159038
2024-03,HX-C0274,1,0,1,13426191,285,85000,467646,109582,27395,24173,161150
2024-04,HX-C0274,1,0,1,13818705,285,85000,478833,111487,27871,24594,163952
2024-05,HX-C0274,1,0,1,14213346,285,85000,490080,113373,28343,25009,166725
2024-06,HX-C0274,1,0,1,14341166,285,85000,493723,113477,28369,25032,166878
2024-07,HX-C0274,1,0,1,14801731,285,85000,506849,115735,28933,25531,170199
2024-08,HX-C0274,1,0,1,15100454,285,85000,515362,116908,29227,25789,171924
2024-09,HX-C0274,1,0,1,15578633,285,85000,528991,119208,29802,26297,175307
2024-10,HX-C0274,1,0,1,16136549,285,85000,544891,121977,30494,26907,179378
2024-11,HX-C0274,1,0,1,16738796,285,85000,562055,124977,31244,27570,183791
2024-12,HX-C0274,1,0,1,16858241,285,85000,565459,124889,31222,27550,183661
2025-01,HX-C0274,1,0,1,17334654,285,85000,579037,127021,31755,28021,186797
2025-02,HX-C0274,1,0,1,17878968,285,85000,594550,129535,32383,28575,190493
2025-03,HX-C0274,1,0,1,18601646,285,85000,615146,133102,33275,29362,195739
2025-04,HX-C0274,1,0,1,19168168,285,85000,631292,135651,33912,29925,199488
2025-05,HX-C0274,1,0,1,19292594,285,85000,634838,135464,33866,29882,199212
2025-06,HX-C0274,1,0,1,19815824,285,85000,649750,137674,34418,30370,202462
2025-07,HX-C0274,1,0,1,20370291,285,85000,665553,140026,35006,30890,205922
2025-08,HX-C0274,1,0,1,20972796,285,85000,682724,142617,35654,31461,209732
2025-09,HX-C0274,1,0,1,21753565,285,85000,704976,146211,36552,32254,215017
2025-10,HX-C0274,1,0,1,22395151,285,85000,723261,148922,37230,32851,219003
2025-11,HX-C0274,1,0,1,22869239,285,85000,736773,150601,37650,33222,221473
2025-12,HX-C0274,1,0,1,23365255,285,85000,750909,152368,38092,33611,224071
2026-01,HX-C0274,1,0,1,23954340,285,85000,767698,154626,38656,34110,227392
2026-02,HX-C0274,1,0,1,24252615,285,85000,776199,155177,38794,34231,228202
2026-03,HX-C0274,1,0,1,24651566,285,85000,787569,156272,39068,34472,229812
2026-04,HX-C0274,1,0,1,25093544,285,85000,800166,157575,39393,34760,231728
2026-05,HX-C0274,1,0,1,25491553,285,85000,811509,158594,39648,34985,233227
2026-06,HX-C0274,1,0,1,26322918,285,85000,835203,161975,40493,35731,238199
2026-07,HX-C0274,1,0,1,27471304,285,85000,867932,167024,41756,36844,245624
2025-05,HX-C0275,7,0,1,5905189,285,85000,253297,54049,13512,11923,79484
2025-06,HX-C0275,7,0,1,6127765,285,85000,259641,55014,13753,12137,80904
2025-07,HX-C0275,7,0,1,6255133,285,85000,263271,55390,13847,12219,81456
2025-08,HX-C0275,7,0,1,6372527,285,85000,266617,55694,13923,12287,81904
2025-09,HX-C0275,7,0,1,6540217,285,85000,271396,56287,14071,12417,82775
2025-10,HX-C0275,7,0,1,6764215,285,85000,277780,57195,14298,12618,84111
2025-11,HX-C0275,7,0,1,6935680,285,85000,282666,57778,14444,12747,84969
2025-12,HX-C0275,7,0,1,7039245,285,85000,285618,57955,14488,12785,85228
2026-01,HX-C0275,7,0,1,7254629,285,85000,291756,58764,14691,12963,86418
2026-02,HX-C0275,7,0,1,7320714,285,85000,293640,58704,14676,12950,86330
2026-03,HX-C0275,7,0,1,7519640,285,85000,299309,59389,14847,13102,87338
2026-04,HX-C0275,7,0,1,7709534,285,85000,304721,60007,15001,13239,88247
2026-05,HX-C0275,7,0,1,7977993,285,85000,312372,61047,15261,13467,89775
2026-06,HX-C0275,7,0,1,8203665,285,85000,318804,61826,15456,13640,90922
2026-07,HX-C0275,7,0,1,8648558,285,85000,331483,63790,15947,14072,93809
2026-02,HX-C0276,10,0,1,53805755,285,85000,1618464,323563,80890,71375,475828
2026-03,HX-C0276,10,0,1,53619497,285,85000,1613155,320088,80022,70608,470718
2026-04,HX-C0276,10,0,1,53936336,285,85000,1622185,319453,79863,70468,469784
2026-05,HX-C0276,10,0,1,55348864,285,85000,1662442,324893,81223,71669,477785
2026-06,HX-C0276,10,0,1,56472811,285,85000,1694475,328619,82154,72491,483264
2026-07,HX-C0276,10,0,1,58385362,285,85000,1748982,336573,84143,74245,494961
2026-05,HX-C0277,11,0,1,30226500,285,85000,946455,184967,46241,40803,272011
2026-06,HX-C0277,11,0,1,31186320,285,85000,973810,188856,47214,41660,277730
2026-07,HX-C0277,11,0,1,31071015,285,85000,970523,186767,46691,41200,274658
2026-05,HX-C0278,11,0,1,47086683,235,85000,1191537,232863,58215,51369,342447
2026-06,HX-C0278,11,0,1,48223249,235,85000,1218246,236261,59065,52117,347443
2026-07,HX-C0278,11,0,1,48912236,235,85000,1234437,237554,59388,52403,349345
2025-05,HX-C0279,7,0,1,80603948,235,85000,1979192,422327,105581,93162,621070
2025-06,HX-C0279,7,0,1,82919159,235,85000,2033600,430894,107723,95052,633669
2025-07,HX-C0279,7,0,1,85402614,235,85000,2091961,440131,110032,97089,647252
2025-08,HX-C0279,7,0,0,0,235,0,0,0,0,0,0
2025-09,HX-C0279,7,0,0,0,235,0,0,0,0,0,0
2025-10,HX-C0279,7,0,0,0,235,0,0,0,0,0,0
2025-11,HX-C0279,7,0,0,0,235,0,0,0,0,0,0
2025-12,HX-C0279,7,0,0,0,235,0,0,0,0,0,0
2026-01,HX-C0279,7,0,0,0,235,0,0,0,0,0,0
2026-02,HX-C0279,7,0,0,0,235,0,0,0,0,0,0
2026-03,HX-C0279,7,0,0,0,235,0,0,0,0,0,0
2026-04,HX-C0279,7,0,0,0,235,0,0,0,0,0,0
2026-05,HX-C0279,7,0,0,0,235,0,0,0,0,0,0
2026-06,HX-C0279,7,0,0,0,235,0,0,0,0,0,0
2026-07,HX-C0279,7,0,0,0,235,0,0,0,0,0,0
2025-11,HX-C0280,9,0,1,18968436,285,85000,625600,127877,31969,28209,188055
2025-12,HX-C0280,9,0,1,19173287,285,85000,631438,128126,32031,28264,188421
2026-01,HX-C0280,9,0,1,19911110,285,85000,652466,131416,32854,28990,193260
2026-02,HX-C0280,9,0,1,20414591,285,85000,666815,133309,33327,29407,196043
2026-03,HX-C0280,9,0,1,21103091,285,85000,686438,136205,34051,30046,200302
2026-04,HX-C0280,9,0,1,21645205,285,85000,701888,138220,34555,30491,203266
2026-05,HX-C0280,9,0,1,22163932,285,85000,716672,140060,35015,30896,205971
2026-06,HX-C0280,9,0,1,22622920,285,85000,729753,141525,35381,31219,208125
2026-07,HX-C0280,9,0,1,23121452,285,85000,743961,143167,35791,31582,210540
2024-08,HX-C0281,4,0,1,32241389,285,85000,1003879,227727,56931,50236,334894
2024-09,HX-C0281,4,0,1,33370273,285,85000,1036052,233475,58368,51504,343347
2024-10,HX-C0281,4,0,1,34408725,285,85000,1065648,238551,59637,52623,350811
2024-11,HX-C0281,4,0,1,35852570,285,85000,1106798,246106,61526,54290,361922
2024-12,HX-C0281,4,0,1,36893963,285,85000,1136477,251006,62751,55370,369127
2025-01,HX-C0281,4,0,1,37495082,285,85000,1153609,253064,63266,55824,372154
2025-02,HX-C0281,4,0,1,38644011,285,85000,1186354,258472,64618,57017,380107
2025-03,HX-C0281,4,0,1,39838176,285,85000,1220388,264062,66015,58250,388327
2025-04,HX-C0281,4,0,1,40771567,285,85000,1246989,267952,66988,59108,394048
2025-05,HX-C0281,4,0,1,42643857,285,85000,1300349,277473,69368,61208,408049
2025-06,HX-C0281,4,0,1,43176574,285,85000,1315532,278744,69686,61489,409919
2025-07,HX-C0281,4,0,1,44854831,285,85000,1363362,286840,71710,63274,421824
2025-08,HX-C0281,4,0,1,45795314,285,85000,1390166,290399,72599,64060,427058
2025-09,HX-C0281,4,0,1,47016113,285,85000,1424959,295536,73884,65192,434612
2025-10,HX-C0281,4,0,1,48151237,285,85000,1457310,300065,75016,66192,441273
2025-11,HX-C0281,4,0,1,49823743,285,85000,1504976,307628,76907,67860,452395
2025-12,HX-C0281,4,0,1,50148035,285,85000,1514218,307252,76813,67777,451842
2026-01,HX-C0281,4,0,1,51984868,285,85000,1566568,315531,78882,69604,464017
2026-02,HX-C0281,4,0,1,53658991,285,85000,1614281,322726,80681,71191,474598
2026-03,HX-C0281,4,0,1,54521465,285,85000,1638861,325188,81297,71734,478219
2026-04,HX-C0281,4,0,1,55375597,285,85000,1663204,327530,81882,72251,481663
2026-05,HX-C0281,4,0,1,55913052,285,85000,1678521,328036,82009,72361,482406
2026-06,HX-C0281,4,0,1,56897813,285,85000,1706587,330968,82742,73008,486718
2026-07,HX-C0281,4,0,1,58218955,285,85000,1744240,335660,83915,74044,493619
2024-02,HX-C0282,2,0,1,6283773,285,85000,264087,62277,15569,13739,91585
2024-03,HX-C0282,2,0,1,6326603,285,85000,265308,62169,15542,13714,91425
2024-04,HX-C0282,2,0,1,6368986,285,85000,266516,62053,15513,13689,91255
2024-05,HX-C0282,2,0,1,6614672,285,85000,273518,63274,15818,13958,93050
2024-06,HX-C0282,2,0,1,6919981,285,85000,282219,64865,16216,14309,95390
2024-07,HX-C0282,2,0,1,7021183,285,85000,285103,65101,16275,14361,95737
2024-08,HX-C0282,2,0,1,7136644,285,85000,288394,65421,16355,14432,96208
2024-09,HX-C0282,2,0,1,7242496,285,85000,291411,65669,16417,14487,96573
2024-10,HX-C0282,2,0,1,7528387,285,85000,299559,67057,16764,14793,98614
2024-11,HX-C0282,2,0,1,7732435,285,85000,305374,67902,16975,14980,99857
2024-12,HX-C0282,2,0,1,7964346,285,85000,311983,68905,17226,15201,101332
2025-01,HX-C0282,2,0,1,8100276,285,85000,315857,69288,17322,15285,101895
2025-02,HX-C0282,2,0,1,8111523,285,85000,316178,68886,17221,15196,101303
2025-03,HX-C0282,2,0,1,8388802,285,85000,324080,70122,17530,15470,103122
2025-04,HX-C0282,2,0,1,8627174,285,85000,330874,71098,17774,15684,104556
2025-05,HX-C0282,2,0,1,8972012,285,85000,340702,72700,18175,16037,106912
2025-06,HX-C0282,2,0,1,8929402,285,85000,339487,71933,17983,15868,105784
2025-07,HX-C0282,2,0,1,9311321,285,85000,350372,73715,18428,16262,108405
2025-08,HX-C0282,2,0,1,9719938,285,85000,362018,75623,18905,16683,111211
2025-09,HX-C0282,2,0,1,10021390,285,85000,370609,76863,19215,16957,113035
2025-10,HX-C0282,2,0,1,10151617,285,85000,374321,77073,19268,17003,113344
2025-11,HX-C0282,2,0,1,10531154,285,85000,385137,78724,19681,17367,115772
2025-12,HX-C0282,2,0,1,10981464,285,85000,397971,80752,20188,17814,118754
2026-01,HX-C0282,2,0,1,11225775,285,85000,404934,81559,20389,17993,119941
2026-02,HX-C0282,2,0,1,11390519,285,85000,409629,81892,20473,18065,120430
2026-03,HX-C0282,2,0,1,11849089,285,85000,422699,83873,20968,18502,123343
2026-04,HX-C0282,2,0,1,12140750,285,85000,431011,84877,21219,18724,124820
2026-05,HX-C0282,2,0,1,12509959,285,85000,441533,86289,21572,19035,126896
2026-06,HX-C0282,2,0,1,12681930,285,85000,446435,86579,21644,19100,127323
2026-07,HX-C0282,2,0,1,12955749,285,85000,454238,87413,21853,19283,128549
2023-08,HX-C0283,0,0,1,35825380,285,85000,1106023,270754,67688,59726,398168
2023-09,HX-C0283,0,0,1,37317987,285,85000,1148562,279449,69862,61644,410955
2023-10,HX-C0283,0,0,1,38093070,285,85000,1170652,283072,70768,62443,416283
2023-11,HX-C0283,0,0,1,38933879,285,85000,1194615,287079,71769,63328,422176
2023-12,HX-C0283,0,0,1,39792432,285,85000,1219084,291136,72784,64222,428142
2024-01,HX-C0283,0,0,1,40650370,285,85000,1243535,295115,73778,65100,433993
2024-02,HX-C0283,0,0,1,41091502,285,85000,1256107,296219,74054,65344,435617
2024-03,HX-C0283,0,0,1,41550809,285,85000,1269198,297408,74352,65605,437365
2024-04,HX-C0283,0,0,1,41787539,285,85000,1275944,297080,74270,65533,436883
2024-05,HX-C0283,0,0,1,42569315,285,85000,1298225,300326,75081,66249,441656
2024-06,HX-C0283,0,0,1,43589597,285,85000,1327303,305067,76266,67295,448628
2024-07,HX-C0283,0,0,1,44646187,285,85000,1357416,309957,77489,68374,455820
2024-08,HX-C0283,0,0,1,46199255,285,85000,1401678,317967,79491,70141,467599
2024-09,HX-C0283,0,0,1,45792944,285,85000,1390098,313261,78315,69102,460678
2024-10,HX-C0283,0,0,1,46268700,285,85000,1403657,314216,78554,69313,462083
2024-11,HX-C0283,0,0,1,47630964,285,85000,1442482,320749,80187,70755,471691
2024-12,HX-C0283,0,0,1,48553483,285,85000,1468774,324398,81099,71560,477057
2025-01,HX-C0283,0,0,1,49662946,285,85000,1500393,329137,82284,72605,484026
2025-02,HX-C0283,0,0,1,50559303,285,85000,1525940,332459,83114,73338,488911
2025-03,HX-C0283,0,0,1,51044917,285,85000,1539780,333170,83292,73495,489957
2025-04,HX-C0283,0,0,1,53098611,285,85000,1598310,343444,85861,75760,505065
2025-05,HX-C0283,0,0,1,54010795,285,85000,1624307,346600,86650,76457,509707
2025-06,HX-C0283,0,0,1,56212346,285,85000,1687051,357465,89366,78854,525685
2025-07,HX-C0283,0,0,1,58212142,285,85000,1744046,366932,91733,80942,539607
2025-08,HX-C0283,0,0,1,59846695,285,85000,1790630,374055,93513,82513,550081
2025-09,HX-C0283,0,0,1,60178400,285,85000,1800084,373337,93334,82354,549025
2025-10,HX-C0283,0,0,1,62052162,285,85000,1853486,381639,95409,84187,561235
2025-11,HX-C0283,0,0,1,64369952,285,85000,1919543,392369,98092,86553,577014
2025-12,HX-C0283,0,0,1,66588179,285,85000,1982763,402326,100581,88749,591656
2026-01,HX-C0283,0,0,1,68829420,285,85000,2046638,412225,103056,90933,606214
2026-02,HX-C0283,0,0,1,71462821,285,85000,2121690,424167,106041,93568,623776
2026-03,HX-C0283,0,0,1,72813543,285,85000,2160185,428631,107157,94553,630341
2026-04,HX-C0283,0,0,1,75968951,285,85000,2250115,443110,110777,97746,651633
2026-05,HX-C0283,0,0,1,77135286,285,85000,2283355,446240,111560,98436,656236
2026-06,HX-C0283,0,0,1,79573176,285,85000,2352835,456299,114074,100655,671028
2026-07,HX-C0283,0,0,1,82624611,285,85000,2439801,469514,117378,103571,690463
2025-05,HX-C0284,7,0,1,87171333,285,85000,2569382,548264,137066,120942,806272
2025-06,HX-C0284,7,0,1,89776215,285,85000,2643622,560151,140037,123564,823752
2025-07,HX-C0284,7,0,1,91699853,285,85000,2698445,567730,141932,125236,834898
2025-08,HX-C0284,7,0,1,95851855,285,85000,2816777,588412,147103,129798,865313
2025-09,HX-C0284,7,0,0,0,285,0,0,0,0,0,0
2025-10,HX-C0284,7,0,0,0,285,0,0,0,0,0,0
2025-11,HX-C0284,7,0,0,0,285,0,0,0,0,0,0
2025-12,HX-C0284,7,0,0,0,285,0,0,0,0,0,0
2026-01,HX-C0284,7,0,0,0,285,0,0,0,0,0,0
2026-02,HX-C0284,7,0,0,0,285,0,0,0,0,0,0
2026-03,HX-C0284,7,0,0,0,285,0,0,0,0,0,0
2026-04,HX-C0284,7,0,0,0,285,0,0,0,0,0,0
2026-05,HX-C0284,7,0,0,0,285,0,0,0,0,0,0
2026-06,HX-C0284,7,0,0,0,285,0,0,0,0,0,0
2026-07,HX-C0284,7,0,0,0,285,0,0,0,0,0,0
2026-02,HX-C0285,10,0,1,29374440,285,85000,922171,184360,46090,40668,271118
2026-03,HX-C0285,10,0,1,29610554,285,85000,928900,184316,46079,40658,271053
2026-04,HX-C0285,10,0,1,30306082,285,85000,948723,186830,46707,41213,274750
2026-05,HX-C0285,10,0,1,30861252,285,85000,964545,188502,47125,41583,277210
2026-06,HX-C0285,10,0,1,32065509,285,85000,998867,193715,48428,42733,284876
2026-07,HX-C0285,10,0,1,32589092,285,85000,1013789,195093,48773,43036,286902
2025-02,HX-C0286,6,0,1,36416537,285,85000,1122871,244641,61160,53966,359767
2025-03,HX-C0286,6,0,1,37186988,285,85000,1144829,247713,61928,54643,364284
2025-04,HX-C0286,6,0,1,38137610,285,85000,1171921,251822,62955,55550,370327
2025-05,HX-C0286,6,0,1,38790759,285,85000,1190536,254041,63510,56039,373590
2025-06,HX-C0286,6,0,1,40554195,285,85000,1240794,262909,65727,57995,386631
2025-07,HX-C0286,6,0,1,41482398,285,85000,1267248,266618,66654,58814,392086
2025-08,HX-C0286,6,0,1,43770751,285,85000,1332466,278346,69586,61401,409333
2025-09,HX-C0286,6,0,1,44396754,285,85000,1350307,280053,70013,61777,411843
2025-10,HX-C0286,6,0,1,46395536,285,85000,1407272,289762,72440,63919,426121
2025-11,HX-C0286,6,0,1,46813240,285,85000,1419177,290090,72522,63992,426604
2025-12,HX-C0286,6,0,1,48343789,285,85000,1462797,296818,74204,65476,436498
2026-01,HX-C0286,6,0,1,48538475,285,85000,1468346,295748,73937,65239,434924
2026-02,HX-C0286,6,0,1,49300853,285,85000,1490074,297895,74473,65713,438081
2026-03,HX-C0286,6,0,1,51214551,285,85000,1544614,306488,76622,67608,450718
2026-04,HX-C0286,6,0,1,52672938,285,85000,1586178,312362,78090,68905,459357
2026-05,HX-C0286,6,0,1,53609972,285,85000,1612884,315208,78802,69532,463542
2026-06,HX-C0286,6,0,1,54431863,285,85000,1636308,317339,79334,70002,466675
2026-07,HX-C0286,6,0,1,56421434,285,85000,1693010,325802,81450,71869,479121
2023-08,HX-C0287,0,0,1,53632402,285,85000,1613523,394990,98747,87131,580868
2023-09,HX-C0287,0,0,1,55170428,285,85000,1657357,403241,100810,88951,593002
2023-10,HX-C0287,0,0,1,57608081,285,85000,1726830,417560,104390,92110,614060
2023-11,HX-C0287,0,0,1,60546902,285,85000,1810586,435105,108776,95980,639861
2023-12,HX-C0287,0,0,1,63085961,285,85000,1882949,449677,112419,99195,661291
2024-01,HX-C0287,0,0,1,65061524,285,85000,1939253,460223,115055,101521,676799
2024-02,HX-C0287,0,0,1,67350343,285,85000,2004484,472705,118176,104274,695155
2024-03,HX-C0287,0,0,1,68663492,285,85000,2041909,478475,119618,105548,703641
2024-04,HX-C0287,0,0,1,70702192,285,85000,2100012,488949,122237,107858,719044
2024-05,HX-C0287,0,0,1,72153538,285,85000,2141375,495376,123844,109275,728495
2024-06,HX-C0287,0,0,1,72576802,285,85000,2153438,494946,123736,109180,727862
2024-07,HX-C0287,0,0,1,74058412,285,85000,2195664,501366,125341,110596,737303
2024-08,HX-C0287,0,0,1,76713460,285,85000,2271333,515246,128811,113659,757716
2024-09,HX-C0287,0,0,1,77790272,285,85000,2302022,518765,129691,114434,762890
2024-10,HX-C0287,0,0,1,79411975,285,85000,2348241,525667,131416,115957,773040
2024-11,HX-C0287,0,0,1,82135952,285,85000,2425874,539416,134854,118990,793260
2024-12,HX-C0287,0,0,1,84593638,285,85000,2495918,551258,137814,121602,810674
2025-01,HX-C0287,0,0,1,86771432,285,85000,2557985,561139,140284,123782,825205
2025-02,HX-C0287,0,0,1,90174668,285,85000,2654978,578444,144611,127599,850654
2025-03,HX-C0287,0,0,1,93804726,285,85000,2758434,596858,149214,131661,877733
2025-04,HX-C0287,0,0,1,96443759,285,85000,2833647,608893,152223,134316,895432
2025-05,HX-C0287,0,0,1,97862291,285,85000,2874075,613281,153320,135283,901884
2025-06,HX-C0287,0,0,1,99937099,285,85000,2933207,621511,155377,137099,913987
2025-07,HX-C0287,0,0,1,99635593,285,85000,2924614,615315,153828,135732,904875
2025-08,HX-C0287,0,0,1,101708465,285,85000,2983691,623280,155820,137489,916589
2025-09,HX-C0287,0,0,1,105978919,285,85000,3105399,644059,161014,142073,947146
2025-10,HX-C0287,0,0,1,107120872,285,85000,3137944,646114,161528,142527,950169
2025-11,HX-C0287,0,0,1,108695617,285,85000,3182825,650594,162648,143515,956757
2025-12,HX-C0287,0,0,1,113472942,285,85000,3318978,673460,168365,148558,990383
2026-01,HX-C0287,0,0,1,114355979,285,85000,3344145,673563,168390,148582,990535
2026-02,HX-C0287,0,0,1,119384468,285,85000,3487457,697212,174303,153797,1025312
2026-03,HX-C0287,0,0,1,120553755,285,85000,3520782,698607,174651,154106,1027364
2026-04,HX-C0287,0,0,1,124864323,285,85000,3643633,717533,179383,158280,1055196
2026-05,HX-C0287,0,0,1,124543359,285,85000,3634485,710294,177573,156683,1044550
2026-06,HX-C0287,0,0,1,124906780,285,85000,3644843,706866,176716,155927,1039509
2026-07,HX-C0287,0,0,1,128117948,285,85000,3736361,719025,179756,158609,1057390
2025-05,HX-C0288,7,0,1,3240490,285,85000,177353,37844,9461,8348,55653
2025-06,HX-C0288,7,0,1,3351136,285,85000,180507,38246,9561,8438,56245
2025-07,HX-C0288,7,0,1,3399036,285,85000,181872,38264,9566,8441,56271
2025-08,HX-C0288,7,0,1,3468866,285,85000,183862,38407,9601,8474,56482
2025-09,HX-C0288,7,0,1,3565471,285,85000,186615,38703,9675,8539,56917
2025-10,HX-C0288,7,0,1,3703771,285,85000,190557,39236,9809,8655,57700
2025-11,HX-C0288,7,0,1,3853847,285,85000,194834,39825,9956,8786,58567
2025-12,HX-C0288,7,0,1,3963839,285,85000,197969,40169,10042,8862,59073
2026-01,HX-C0288,7,0,1,4104827,285,85000,201987,40683,10170,8975,59828
2026-02,HX-C0288,7,0,1,4200230,285,85000,204706,40924,10231,9028,60183
2026-03,HX-C0288,7,0,1,4334574,285,85000,208535,41378,10344,9128,60850
2026-04,HX-C0288,7,0,1,4430957,285,85000,211282,41607,10401,9179,61187
2026-05,HX-C0288,7,0,1,4577083,285,85000,215446,42104,10526,9289,61919
2026-06,HX-C0288,7,0,1,4740194,285,85000,220095,42684,10671,9416,62771
2026-07,HX-C0288,7,0,1,4902870,285,85000,224731,43246,10811,9541,63598
2025-02,HX-C0289,6,0,1,7955762,285,85000,311739,67919,16979,14983,99881
2025-03,HX-C0289,6,0,1,8237384,285,85000,319765,69189,17297,15263,101749
2025-04,HX-C0289,6,0,1,8589294,285,85000,329794,70865,17716,15633,104214
2025-05,HX-C0289,6,0,1,8792837,285,85000,335595,71610,17902,15797,105309
2025-06,HX-C0289,6,0,1,9060927,285,85000,343236,72727,18181,16044,106952
2025-07,HX-C0289,6,0,1,9351550,285,85000,351519,73956,18489,16314,108759
2025-08,HX-C0289,6,0,1,9547835,285,85000,357113,74599,18649,16457,109705
2025-09,HX-C0289,6,0,1,9751143,285,85000,362907,75266,18816,16604,110686
2025-10,HX-C0289,6,0,1,10023077,285,85000,370657,76319,19079,16836,112234
2025-11,HX-C0289,6,0,1,10074524,285,85000,372123,76064,19016,16780,111860
2025-12,HX-C0289,6,0,1,9982401,285,85000,369498,74975,18743,16540,110258
2026-01,HX-C0289,6,0,1,10072109,285,85000,372055,74937,18734,16531,110202
2026-02,HX-C0289,6,0,1,10231683,285,85000,376602,75289,18822,16609,110720
2026-03,HX-C0289,6,0,1,10529653,285,85000,385095,76411,19102,16857,112370
2026-04,HX-C0289,6,0,1,10871595,285,85000,394840,77754,19438,17153,114345
2026-05,HX-C0289,6,0,1,11037498,285,85000,399568,78087,19521,17227,114835
2026-06,HX-C0289,6,0,1,11375277,285,85000,409195,79357,19839,17506,116702
2026-07,HX-C0289,6,0,1,11669674,285,85000,417585,80359,20089,17728,118176
2026-05,HX-C0290,11,0,1,10935134,285,85000,396651,77517,19379,17101,113997
2026-06,HX-C0290,11,0,1,11243326,285,85000,405434,78627,19656,17346,115629
2026-07,HX-C0290,11,0,1,11407123,285,85000,410103,78920,19730,17409,116059
2026-02,HX-C0291,10,0,1,28417463,285,85000,894897,178907,44726,39466,263099
2026-03,HX-C0291,10,0,1,28567080,285,85000,899161,178415,44603,39357,262375
2026-04,HX-C0291,10,0,1,29573222,285,85000,927836,182716,45679,40306,268701
2026-05,HX-C0291,10,0,1,29963368,285,85000,938955,183501,45875,40479,269855
2026-06,HX-C0291,10,0,1,31051710,285,85000,969973,188112,47028,41496,276636
2026-07,HX-C0291,10,0,1,31210058,285,85000,974486,187529,46882,41368,275779
2026-02,HX-C0292,10,0,1,10277452,285,85000,377907,75550,18887,16667,111104
2026-03,HX-C0292,10,0,1,10595411,285,85000,386969,76783,19195,16939,112917
2026-04,HX-C0292,10,0,1,11120095,285,85000,401922,79149,19787,17460,116396
2026-05,HX-C0292,10,0,1,11187844,285,85000,403853,78925,19731,17411,116067
2026-06,HX-C0292,10,0,1,11592502,285,85000,415386,80558,20139,17771,118468
2026-07,HX-C0292,10,0,1,11782995,285,85000,420815,80981,20245,17864,119090
2024-05,HX-C0293,3,0,1,9524535,285,85000,356449,82458,20614,18191,121263
2024-06,HX-C0293,3,0,1,9727232,285,85000,362226,83253,20813,18366,122432
2024-07,HX-C0293,3,0,1,9768145,285,85000,363392,82978,20744,18305,122027
2024-08,HX-C0293,3,0,1,9884804,285,85000,366716,83188,20797,18351,122336
2024-09,HX-C0293,3,0,1,10224286,285,85000,376392,84820,21205,18711,124736
2024-10,HX-C0293,3,0,1,10398132,285,85000,381346,85366,21341,18832,125539
2024-11,HX-C0293,3,0,1,10563808,285,85000,386068,85845,21461,18938,126244
2024-12,HX-C0293,3,0,1,10742747,285,85000,391168,86394,21598,19059,127051
2025-01,HX-C0293,3,0,1,11175531,285,85000,403502,88514,22128,19527,130169
2025-02,HX-C0293,3,0,1,11581886,285,85000,415083,90434,22608,19950,132992
2025-03,HX-C0293,3,0,1,11928854,285,85000,424972,91953,22988,20285,135226
2025-04,HX-C0293,3,0,1,12275338,285,85000,434847,93439,23359,20613,137411
2025-05,HX-C0293,3,0,1,12581524,285,85000,443573,94651,23662,20880,139193
2025-06,HX-C0293,3,0,1,12775164,285,85000,449092,95157,23789,20991,139937
2025-07,HX-C0293,3,0,1,13275936,285,85000,463364,97487,24371,21506,143364
2025-08,HX-C0293,3,0,1,13832268,285,85000,479219,100106,25026,22084,147216
2025-09,HX-C0293,3,0,1,14477834,285,85000,497618,103205,25801,22767,151773
2025-10,HX-C0293,3,0,1,14886581,285,85000,509267,104860,26215,23131,154206
2025-11,HX-C0293,3,0,1,15428364,285,85000,524708,107254,26813,23660,157727
2025-12,HX-C0293,3,0,1,15773553,285,85000,534546,108465,27116,23927,159508
2026-01,HX-C0293,3,0,1,16284657,285,85000,549112,110599,27649,24398,162646
2026-02,HX-C0293,3,0,1,16851086,285,85000,565255,113005,28251,24928,166184
2026-03,HX-C0293,3,0,1,17181161,285,85000,574663,114026,28506,25154,167686
2026-04,HX-C0293,3,0,1,17479982,285,85000,583179,114843,28710,25335,168888
2026-05,HX-C0293,3,0,1,18084036,285,85000,600395,117336,29334,25883,172553
2026-06,HX-C0293,3,0,1,18659127,285,85000,616785,119616,29904,26387,175907
2026-07,HX-C0293,3,0,1,18895466,285,85000,623520,119990,29997,26469,176456
2024-08,HX-C0294,4,0,1,34492802,285,85000,1068044,242283,60570,53446,356299
2024-09,HX-C0294,4,0,1,35331341,285,85000,1091943,246070,61517,54282,361869
2024-10,HX-C0294,4,0,1,36683300,285,85000,1130474,253063,63265,55824,372152
2024-11,HX-C0294,4,0,1,37285964,285,85000,1147649,255191,63797,56293,375281
2024-12,HX-C0294,4,0,1,37752304,285,85000,1160940,256409,64102,56562,377073
2025-01,HX-C0294,4,0,1,38768450,285,85000,1189900,261025,65256,57580,383861
2025-02,HX-C0294,4,0,1,40109089,285,85000,1228109,267570,66892,59024,393486
2025-03,HX-C0294,4,0,1,41249623,285,85000,1260614,272766,68191,60170,401127
2025-04,HX-C0294,4,0,1,42502372,285,85000,1296317,278552,69638,61446,409636
2025-05,HX-C0294,4,0,1,42538113,285,85000,1297336,276830,69207,61067,407104
2025-06,HX-C0294,4,0,1,43341890,285,85000,1320243,279743,69935,61709,411387
2025-07,HX-C0294,4,0,1,43602949,285,85000,1327684,279333,69833,61619,410785
2025-08,HX-C0294,4,0,1,44494468,285,85000,1353092,282654,70663,62352,415669
2025-09,HX-C0294,4,0,1,45106940,285,85000,1370547,284250,71062,62704,418016
2025-10,HX-C0294,4,0,1,46319497,285,85000,1405105,289316,72329,63820,425465
2025-11,HX-C0294,4,0,1,46898112,285,85000,1421596,290585,72646,64100,427331
2025-12,HX-C0294,4,0,1,47131748,285,85000,1428254,289809,72452,63929,426190
2026-01,HX-C0294,4,0,1,48033482,285,85000,1453954,292849,73212,64600,430661
2026-02,HX-C0294,4,0,1,50538258,285,85000,1525340,304945,76236,67268,448449
2026-03,HX-C0294,4,0,1,52087985,285,85000,1569507,311427,77856,68699,457982
2026-04,HX-C0294,4,0,1,53127759,285,85000,1599141,314915,78728,69468,463111
2026-05,HX-C0294,4,0,1,53693879,285,85000,1615275,315676,78919,69635,464230
2026-06,HX-C0294,4,0,1,53825396,285,85000,1619023,313986,78496,69263,461745
2026-07,HX-C0294,4,0,1,55558121,285,85000,1668406,321067,80266,70825,472158
2025-08,HX-C0295,8,0,1,89652847,285,85000,2640106,551507,137876,121657,811040
2025-09,HX-C0295,8,0,1,93082705,285,85000,2737857,567831,141957,125258,835046
2025-10,HX-C0295,8,0,1,93967445,285,85000,2763072,568927,142231,125500,836658
2025-11,HX-C0295,8,0,1,95120659,285,85000,2795938,571511,142877,126070,840458
2025-12,HX-C0295,8,0,1,96462553,285,85000,2834182,575088,143772,126859,845719
2026-01,HX-C0295,8,0,1,98838554,285,85000,2901898,584488,146122,128932,859542
2026-02,HX-C0295,8,0,1,99948333,285,85000,2933527,586470,146617,129369,862456
2026-03,HX-C0295,8,0,1,103448707,285,85000,3033288,601876,150469,132768,885113
2026-04,HX-C0295,8,0,1,104709675,285,85000,3069225,604415,151103,133329,888847
2026-05,HX-C0295,8,0,1,107543741,285,85000,3149996,615609,153902,135797,905308
2026-06,HX-C0295,8,0,1,110708534,285,85000,3240193,628390,157097,138616,924103
2026-07,HX-C0295,8,0,1,114836138,285,85000,3357829,646180,161545,142540,950265
2024-05,HX-C0296,3,0,1,25289948,285,85000,805763,186401,46600,41119,274120
2024-06,HX-C0296,3,0,1,25935355,285,85000,824157,189424,47356,41785,278565
2024-07,HX-C0296,3,0,1,26880170,285,85000,851084,194339,48584,42871,285794
2024-08,HX-C0296,3,0,1,27425862,285,85000,866637,196594,49148,43368,289110
2024-09,HX-C0296,3,0,1,27833050,285,85000,878241,197913,49478,43658,291049
2024-10,HX-C0296,3,0,1,28287188,285,85000,891184,199496,49874,44007,293377
2024-11,HX-C0296,3,0,1,29439766,285,85000,924033,205467,51366,45325,302158
2024-12,HX-C0296,3,0,1,30138542,285,85000,943948,208483,52120,45991,306594
2025-01,HX-C0296,3,0,1,31704501,285,85000,988578,216862,54215,47838,318915
2025-02,HX-C0296,3,0,1,32708418,285,85000,1017189,221616,55404,48887,325907
2025-03,HX-C0296,3,0,1,33789285,285,85000,1047994,226760,56690,50021,333471
2025-04,HX-C0296,3,0,1,34448888,285,85000,1066793,229232,57308,50566,337106
2025-05,HX-C0296,3,0,1,35305477,285,85000,1091206,232845,58211,51364,342420
2025-06,HX-C0296,3,0,1,36745076,285,85000,1132234,239906,59976,52922,352804
2025-07,HX-C0296,3,0,1,37109478,285,85000,1142620,240397,60099,53030,353526
2025-08,HX-C0296,3,0,1,37855601,285,85000,1163884,243130,60782,53633,357545
2025-09,HX-C0296,3,0,1,38800399,285,85000,1190811,246973,61743,54481,363197
2025-10,HX-C0296,3,0,1,39256907,285,85000,1203821,247870,61967,54679,364516
2025-11,HX-C0296,3,0,0,0,285,0,0,0,0,0,0
2025-12,HX-C0296,3,0,0,0,285,0,0,0,0,0,0
2026-01,HX-C0296,3,0,0,0,285,0,0,0,0,0,0
2026-02,HX-C0296,3,0,0,0,285,0,0,0,0,0,0
2026-03,HX-C0296,3,0,0,0,285,0,0,0,0,0,0
2026-04,HX-C0296,3,0,0,0,285,0,0,0,0,0,0
2026-05,HX-C0296,3,0,0,0,285,0,0,0,0,0,0
2026-06,HX-C0296,3,0,0,0,285,0,0,0,0,0,0
2026-07,HX-C0296,3,0,0,0,285,0,0,0,0,0,0
2025-11,HX-C0297,9,0,1,92328586,285,85000,2716364,555246,138811,122482,816539
2025-12,HX-C0297,9,0,1,94359693,285,85000,2774251,562928,140732,124176,827836
2026-01,HX-C0297,9,0,1,96199214,285,85000,2826677,569337,142334,125590,837261
2026-02,HX-C0297,9,0,1,96664836,285,85000,2839947,567761,141940,125243,834944
2026-03,HX-C0297,9,0,1,97680285,285,85000,2868888,569255,142313,125573,837141
2026-04,HX-C0297,9,0,1,99329911,285,85000,2915902,574222,143555,126668,844445
2026-05,HX-C0297,9,0,1,100901299,285,85000,2960687,578612,144653,127636,850901
2026-06,HX-C0297,9,0,1,104904799,285,85000,3074786,596311,149077,131540,876928
2026-07,HX-C0297,9,0,1,107193982,285,85000,3140028,604266,151066,133295,888627
2024-02,HX-C0298,2,0,1,27687514,285,85000,874094,206131,51532,45472,303135
2024-03,HX-C0298,2,0,1,28534044,285,85000,898220,210477,52619,46430,309526
2024-04,HX-C0298,2,0,1,29603032,285,85000,928686,216227,54056,47699,317982
2024-05,HX-C0298,2,0,1,30746403,285,85000,961272,222376,55594,49054,327024
2024-06,HX-C0298,2,0,1,31657841,285,85000,987248,226908,56727,50054,333689
2024-07,HX-C0298,2,0,1,33104395,285,85000,1028475,234845,58711,51805,345361
2024-08,HX-C0298,2,0,1,34503832,285,85000,1068359,242354,60588,53462,356404
2024-09,HX-C0298,2,0,1,35200270,285,85000,1088207,245229,61307,54095,360631
2024-10,HX-C0298,2,0,1,35768201,285,85000,1104393,247224,61806,54536,363566
2024-11,HX-C0298,2,0,1,36736600,285,85000,1131993,251709,62927,55525,370161
2024-12,HX-C0298,2,0,1,37353332,285,85000,1149569,253898,63474,56008,373380
2025-01,HX-C0298,2,0,1,38899619,285,85000,1193639,261845,65461,57761,385067
2025-02,HX-C0298,2,0,1,39977201,285,85000,1224350,266751,66687,58843,392281
2025-03,HX-C0298,2,0,1,40762660,285,85000,1246735,269763,67440,59508,396711
2025-04,HX-C0298,2,0,1,41590748,285,85000,1270336,272969,68242,60215,401426
2025-05,HX-C0298,2,0,1,43589903,285,85000,1327312,283226,70806,62478,416510
2025-06,HX-C0298,2,0,1,45186702,285,85000,1372821,290884,72721,64166,427771
2025-07,HX-C0298,2,0,1,46903101,285,85000,1421738,299121,74780,65984,439885
2025-08,HX-C0298,2,0,1,47537280,285,85000,1439812,300770,75192,66348,442310
2025-09,HX-C0298,2,0,1,48609913,285,85000,1470382,304956,76239,67271,448466
2025-10,HX-C0298,2,0,1,48712960,285,85000,1473319,303361,75840,66919,446120
2025-11,HX-C0298,2,0,1,49733458,285,85000,1502403,307102,76775,67745,451622
2025-12,HX-C0298,2,0,0,0,285,0,0,0,0,0,0
2026-01,HX-C0298,2,0,0,0,285,0,0,0,0,0,0
2026-02,HX-C0298,2,0,0,0,285,0,0,0,0,0,0
2026-03,HX-C0298,2,0,0,0,285,0,0,0,0,0,0
2026-04,HX-C0298,2,0,0,0,285,0,0,0,0,0,0
2026-05,HX-C0298,2,0,0,0,285,0,0,0,0,0,0
2026-06,HX-C0298,2,0,0,0,285,0,0,0,0,0,0
2026-07,HX-C0298,2,0,0,0,285,0,0,0,0,0,0
2025-11,HX-C0299,9,0,1,13074386,235,85000,392248,80178,20044,17687,117909
2025-12,HX-C0299,9,0,1,13349713,235,85000,398718,80904,20226,17847,118977
2026-01,HX-C0299,9,0,1,13657724,235,85000,405956,81765,20441,18038,120244
2026-02,HX-C0299,9,0,1,14026042,235,85000,414611,82888,20722,18285,121895
2026-03,HX-C0299,9,0,1,13961388,235,85000,413092,81967,20491,18082,120540
2026-04,HX-C0299,9,0,1,14398775,235,85000,423371,83373,20843,18392,122608
2026-05,HX-C0299,9,0,1,14896667,235,85000,435071,85026,21256,18757,125039
2026-06,HX-C0299,9,0,1,15175291,235,85000,441619,85645,21411,18893,125949
2026-07,HX-C0299,9,0,1,15527331,235,85000,449892,86576,21644,19099,127319
2024-11,HX-C0300,5,0,1,20992395,285,85000,683283,151934,37983,33516,223433
2024-12,HX-C0300,5,0,1,21535902,285,85000,698773,154333,38583,34045,226961
2025-01,HX-C0300,5,0,1,22268398,285,85000,719649,157867,39466,34825,232158
2025-02,HX-C0300,5,0,1,23493797,285,85000,754573,164400,41100,36265,241765
2025-03,HX-C0300,5,0,1,23345885,285,85000,750357,162358,40589,35816,238763
2025-04,HX-C0300,5,0,1,24074545,285,85000,771124,165699,41424,36552,243675
2025-05,HX-C0300,5,0,1,24699571,285,85000,788937,168346,42086,37136,247568
2025-06,HX-C0300,5,0,1,25298720,285,85000,806013,170784,42696,37673,251153
2025-07,HX-C0300,5,0,1,25700633,285,85000,817468,171988,42997,37939,252924
2025-08,HX-C0300,5,0,1,26353929,285,85000,836086,174654,43663,38528,256845
2025-09,HX-C0300,5,0,1,26961016,285,85000,853388,176992,44248,39043,260283
2025-10,HX-C0300,5,0,1,28419546,285,85000,894957,184274,46068,40650,270992
2025-11,HX-C0300,5,0,1,29098800,285,85000,914315,186893,46723,41227,274843
2025-12,HX-C0300,5,0,1,29382935,285,85000,922413,187168,46792,41288,275248
2026-01,HX-C0300,5,0,1,30394820,285,85000,951252,191596,47899,42265,281760
2026-02,HX-C0300,5,0,1,31022224,285,85000,969133,193749,48437,42739,284925
2026-03,HX-C0300,5,0,1,31692770,285,85000,988243,196090,49022,43257,288369
2026-04,HX-C0300,5,0,1,31859236,285,85000,992988,195546,48886,43137,287569
2026-05,HX-C0300,5,0,1,32179762,285,85000,1002123,195846,48961,43203,288010
2026-06,HX-C0300,5,0,1,33737111,285,85000,1046507,202954,50738,44771,298463
2026-07,HX-C0300,5,0,1,35020608,285,85000,1083087,208428,52107,45978,306513
2026-02,HX-C0301,10,0,1,18446913,235,85000,518502,103658,25914,22867,152439
2026-03,HX-C0301,10,0,1,19251557,235,85000,537411,106634,26658,23524,156816
2026-04,HX-C0301,10,0,1,19948218,235,85000,553783,109055,27263,24057,160375
2026-05,HX-C0301,10,0,1,20388255,235,85000,564123,110247,27561,24320,162128
2026-06,HX-C0301,10,0,1,21134482,235,85000,581660,112804,28201,24884,165889
2026-07,HX-C0301,10,0,1,21040964,235,85000,579462,111511,27877,24599,163987
2025-02,HX-C0302,6,0,1,13631154,235,85000,405332,88310,22077,19481,129868
2025-03,HX-C0302,6,0,1,14409876,235,85000,423632,91663,22915,20221,134799
2025-04,HX-C0302,6,0,1,14997779,235,85000,437447,93998,23499,20736,138233
2025-05,HX-C0302,6,0,1,15638933,235,85000,452514,96558,24139,21301,141998
2025-06,HX-C0302,6,0,1,15831532,235,85000,457041,96840,24210,21363,142413
2025-07,HX-C0302,6,0,1,15937644,235,85000,459534,96681,24170,21328,142179
2025-08,HX-C0302,6,0,1,16230499,235,85000,466416,97431,24357,21494,143282
2025-09,HX-C0302,6,0,0,0,235,0,0,0,0,0,0
2025-10,HX-C0302,6,0,0,0,235,0,0,0,0,0,0
2025-11,HX-C0302,6,0,0,0,235,0,0,0,0,0,0
2025-12,HX-C0302,6,0,0,0,235,0,0,0,0,0,0
2026-01,HX-C0302,6,0,0,0,235,0,0,0,0,0,0
2026-02,HX-C0302,6,0,0,0,235,0,0,0,0,0,0
2026-03,HX-C0302,6,0,0,0,235,0,0,0,0,0,0
2026-04,HX-C0302,6,0,0,0,235,0,0,0,0,0,0
2026-05,HX-C0302,6,0,0,0,235,0,0,0,0,0,0
2026-06,HX-C0302,6,0,0,0,235,0,0,0,0,0,0
2026-07,HX-C0302,6,0,0,0,235,0,0,0,0,0,0
2023-08,HX-C0303,0,0,1,14666755,235,85000,429668,105182,26295,23203,154680
2023-09,HX-C0303,0,0,1,14905488,235,85000,435278,105904,26476,23362,155742
2023-10,HX-C0303,0,0,1,15300878,235,85000,444570,107500,26875,23714,158089
2023-11,HX-C0303,0,0,1,15921596,235,85000,459157,110340,27585,24341,162266
2023-12,HX-C0303,0,0,1,16228362,235,85000,466366,111375,27843,24569,163787
2024-01,HX-C0303,0,0,1,17027044,235,85000,485135,115132,28783,25397,169312
2024-02,HX-C0303,0,0,1,17789105,235,85000,503043,118629,29657,26169,174455
2024-03,HX-C0303,0,0,1,18346436,235,85000,516141,120946,30236,26680,177862
2024-04,HX-C0303,0,0,1,18766509,235,85000,526012,122472,30618,27016,180106
2024-05,HX-C0303,0,0,1,18922026,235,85000,529667,122530,30632,27030,180192
2024-06,HX-C0303,0,0,1,19425734,235,85000,541504,124459,31114,27455,183028
2024-07,HX-C0303,0,0,1,19370356,235,85000,540203,123352,30838,27210,181400
2024-08,HX-C0303,0,0,1,19777778,235,85000,549777,124715,31178,27512,183405
2024-09,HX-C0303,0,0,1,19956046,235,85000,553967,124837,31209,27538,183584
2024-10,HX-C0303,0,0,1,20678575,235,85000,570946,127809,31952,28194,187955
2024-11,HX-C0303,0,0,1,21487604,235,85000,589958,131182,32795,28939,192916
2024-12,HX-C0303,0,0,1,22105437,235,85000,604477,133507,33376,29451,196334
2025-01,HX-C0303,0,0,1,22867751,235,85000,622392,136532,34133,30118,200783
2025-02,HX-C0303,0,0,1,23211997,235,85000,630481,137364,34341,30301,202006
2025-03,HX-C0303,0,0,1,24164454,235,85000,652864,141263,35315,31163,207741
2025-04,HX-C0303,0,0,1,25153996,235,85000,676118,145284,36321,32048,213653
2025-05,HX-C0303,0,0,1,25531093,235,85000,684980,146163,36540,32243,214946
2025-06,HX-C0303,0,0,1,26474150,235,85000,707142,149834,37458,33053,220345
2025-07,HX-C0303,0,0,1,27349965,235,85000,727724,153106,38276,33775,225157
2025-08,HX-C0303,0,0,1,27697823,235,85000,735898,153725,38431,33911,226067
2025-09,HX-C0303,0,0,1,28296667,235,85000,749971,155543,38885,34313,228741
2025-10,HX-C0303,0,0,1,28804416,235,85000,761903,156878,39219,34607,230704
2025-11,HX-C0303,0,0,1,29377635,235,85000,775374,158492,39623,34962,233077
2025-12,HX-C0303,0,0,1,30062154,235,85000,791460,160596,40149,35426,236171
2026-01,HX-C0303,0,0,1,30225033,235,85000,795288,160183,40045,35336,235564
2026-02,HX-C0303,0,0,1,30446135,235,85000,800484,160032,40008,35302,235342
2026-03,HX-C0303,0,0,1,31843485,235,85000,833321,165350,41337,36476,243163
2026-04,HX-C0303,0,0,1,31593688,235,85000,827451,162947,40736,35946,239629
2026-05,HX-C0303,0,0,1,32664300,235,85000,852611,166627,41656,36757,245040
2026-06,HX-C0303,0,0,1,33450758,235,85000,871092,168935,42233,37267,248435
2026-07,HX-C0303,0,0,1,34603961,235,85000,898193,172847,43211,38130,254188
2023-11,HX-C0304,1,0,1,16538384,285,85000,556343,133695,33423,29493,196611
2023-12,HX-C0304,1,0,1,16930516,285,85000,567519,135532,33883,29897,199312
2024-01,HX-C0304,1,0,1,17555134,285,85000,585321,138908,34727,30642,204277
2024-02,HX-C0304,1,0,1,18035418,285,85000,599009,141260,35315,31161,207736
2024-03,HX-C0304,1,0,1,18538983,285,85000,613361,143727,35931,31706,211364
2024-04,HX-C0304,1,0,1,18854207,285,85000,622344,144901,36225,31964,213090
2024-05,HX-C0304,1,0,1,19427917,285,85000,638695,147753,36938,32593,217284
2024-06,HX-C0304,1,0,1,20275203,285,85000,662843,152347,38086,33607,224040
2024-07,HX-C0304,1,0,1,20803897,285,85000,677911,154796,38699,34147,227642
2024-08,HX-C0304,1,0,1,21235230,285,85000,690204,156571,39142,34539,230252
2024-09,HX-C0304,1,0,1,21565069,285,85000,699604,157656,39414,34778,231848
2024-10,HX-C0304,1,0,1,22431426,285,85000,724295,162137,40534,35766,238437
2024-11,HX-C0304,1,0,1,23068514,285,85000,742452,165091,41272,36418,242781
2024-12,HX-C0304,1,0,1,23492261,285,85000,754529,166648,41662,36761,245071
2025-01,HX-C0304,1,0,1,23885911,285,85000,765748,167980,41995,37055,247030
2025-02,HX-C0304,1,0,1,24759863,285,85000,790656,172261,43065,38000,253326
2025-03,HX-C0304,1,0,1,25192720,285,85000,802992,173748,43437,38327,255512
2025-04,HX-C0304,1,0,1,25814931,285,85000,820725,176357,44089,38903,259349
2025-05,HX-C0304,1,0,1,26759643,285,85000,847649,180874,45218,39900,265992
2025-06,HX-C0304,1,0,1,28027748,285,85000,883790,187263,46815,41310,275388
2025-07,HX-C0304,1,0,1,28533469,285,85000,898203,188974,47243,41687,277904
2025-08,HX-C0304,1,0,1,29097222,285,85000,914270,190986,47746,42131,280863
2025-09,HX-C0304,1,0,1,29768021,285,85000,933388,193584,48396,42703,284683
2025-10,HX-C0304,1,0,1,30246114,285,85000,947014,194993,48748,43014,286755
2025-11,HX-C0304,1,0,1,31484181,285,85000,982299,200789,50197,44293,295279
2025-12,HX-C0304,1,0,1,32552561,285,85000,1012747,205498,51374,45331,302203
2026-01,HX-C0304,1,0,1,33395061,285,85000,1036759,208819,52204,46065,307088
2026-02,HX-C0304,1,0,1,34218982,285,85000,1060240,211962,52990,46758,311710
2026-03,HX-C0304,1,0,1,34995077,285,85000,1082359,214765,53691,47376,315832
2026-04,HX-C0304,1,0,1,35941720,285,85000,1109339,218459,54614,48191,321264
2026-05,HX-C0304,1,0,1,37021728,285,85000,1140119,222815,55703,49152,327670
2026-06,HX-C0304,1,0,1,37927403,285,85000,1165930,226115,56528,49880,332523
2026-07,HX-C0304,1,0,1,37513655,285,85000,1154139,222102,55525,48994,326621
2025-05,HX-C0305,7,0,1,26329749,285,85000,835397,178259,44564,39324,262147
2025-06,HX-C0305,7,0,1,26750491,285,85000,847388,179551,44887,39608,264046
2025-07,HX-C0305,7,0,1,27464268,285,85000,867731,182563,45640,40272,268475
2025-08,HX-C0305,7,0,1,27647956,285,85000,872966,182359,45589,40227,268175
2025-09,HX-C0305,7,0,1,28882250,285,85000,908144,188348,47087,41548,276983
2025-10,HX-C0305,7,0,1,29403330,285,85000,922994,190047,47511,41924,279482
2025-11,HX-C0305,7,0,1,29369347,285,85000,922026,188469,47117,41575,277161
2025-12,HX-C0305,7,0,1,29763105,285,85000,933248,189367,47341,41773,278481
2026-01,HX-C0305,7,0,1,30853030,285,85000,964311,194227,48556,42845,285628
2026-02,HX-C0305,7,0,1,31538100,285,85000,983835,196687,49171,43389,289247
2026-03,HX-C0305,7,0,1,32867461,285,85000,1021722,202733,50683,44722,298138
2026-04,HX-C0305,7,0,1,33457521,285,85000,1038539,204516,51129,45115,300760
2026-05,HX-C0305,7,0,1,34619822,285,85000,1071664,209437,52359,46200,307996
2026-06,HX-C0305,7,0,1,35175459,285,85000,1087500,210905,52726,46524,310155
2026-07,HX-C0305,7,0,1,36271296,285,85000,1118731,215288,53822,47490,316600
2025-08,HX-C0306,8,0,1,14228615,235,85000,419372,87605,21901,19325,128831
2025-09,HX-C0306,8,0,1,14467564,235,85000,424987,88142,22035,19444,129621
2025-10,HX-C0306,8,0,1,14937391,235,85000,436028,89779,22444,19806,132029
2025-11,HX-C0306,8,0,1,15115256,235,85000,440208,89981,22495,19850,132326
2025-12,HX-C0306,8,0,1,15761774,235,85000,455401,92405,23101,20385,135891
2026-01,HX-C0306,8,0,1,16036860,235,85000,461866,93026,23256,20522,136804
2026-02,HX-C0306,8,0,1,16440172,235,85000,471344,94231,23557,20787,138575
2026-03,HX-C0306,8,0,1,16725697,235,85000,478053,94856,23714,20925,139495
2026-04,HX-C0306,8,0,1,16897403,235,85000,482088,94936,23734,20942,139612
2026-05,HX-C0306,8,0,1,17509113,235,85000,496464,97024,24256,21403,142683
2026-06,HX-C0306,8,0,1,18154380,235,85000,511627,99222,24805,21889,145916
2026-07,HX-C0306,8,0,1,18596210,235,85000,522010,100455,25113,22160,147728
2026-02,HX-C0307,10,0,1,45251290,285,85000,1374661,274822,68705,60623,404150
2026-03,HX-C0307,10,0,1,46850970,285,85000,1420252,281811,70452,62166,414429
2026-04,HX-C0307,10,0,1,47848612,285,85000,1448685,285286,71321,62932,419539
2026-05,HX-C0307,10,0,1,48598711,285,85000,1470063,287297,71824,63375,422496
2026-06,HX-C0307,10,0,1,48873567,285,85000,1477896,286616,71654,63225,421495
2026-07,HX-C0307,10,0,1,49610344,285,85000,1498894,288447,72111,63629,424187
2024-05,HX-C0308,3,0,1,8052145,235,85000,274225,63437,15859,13995,93291
2024-06,HX-C0308,3,0,1,8316211,235,85000,280430,64453,16113,14219,94785
2024-07,HX-C0308,3,0,1,8527369,235,85000,285393,65167,16291,14376,95834
2024-08,HX-C0308,3,0,1,8769816,235,85000,291090,66032,16508,14567,97107
2024-09,HX-C0308,3,0,1,9069158,235,85000,298125,67182,16795,14821,98798
2024-10,HX-C0308,3,0,1,9194941,235,85000,301081,67398,16849,14868,99115
2024-11,HX-C0308,3,0,1,9166912,235,85000,300422,66801,16700,14736,98237
2024-12,HX-C0308,3,0,1,9345626,235,85000,304622,67279,16819,14843,98941
2025-01,HX-C0308,3,0,1,9662871,235,85000,312077,68459,17114,15103,100676
2025-02,HX-C0308,3,0,1,9765556,235,85000,314490,68518,17129,15115,100762
2025-03,HX-C0308,3,0,1,10059420,235,85000,321396,69542,17385,15341,102268
2025-04,HX-C0308,3,0,1,10292198,235,85000,326866,70236,17559,15494,103289
2025-05,HX-C0308,3,0,1,10446726,235,85000,330498,70522,17630,15558,103710
2025-06,HX-C0308,3,0,1,11011613,235,85000,343772,72840,18210,16069,107119
2025-07,HX-C0308,3,0,1,11088718,235,85000,345584,72707,18176,16040,106923
2025-08,HX-C0308,3,0,1,11217765,235,85000,348617,72824,18206,16065,107095
2025-09,HX-C0308,3,0,1,11365852,235,85000,352097,73024,18256,16109,107389
2025-10,HX-C0308,3,0,1,11443762,235,85000,353928,72874,18218,16077,107169
2025-11,HX-C0308,3,0,1,11781430,235,85000,361863,73967,18491,16318,108776
2025-12,HX-C0308,3,0,1,12060406,235,85000,368419,74756,18689,16491,109936
2026-01,HX-C0308,3,0,1,12359731,235,85000,375453,75622,18905,16682,111209
2026-02,HX-C0308,3,0,1,12706816,235,85000,383610,76691,19172,16918,112781
2026-03,HX-C0308,3,0,1,12976670,235,85000,389951,77375,19343,17069,113787
2026-04,HX-C0308,3,0,1,13597328,235,85000,404537,79664,19916,17573,117153
2026-05,HX-C0308,3,0,1,13834584,235,85000,410112,80148,20037,17681,117866
2026-06,HX-C0308,3,0,1,14042208,235,85000,414991,80481,20120,17754,118355
2026-07,HX-C0308,3,0,1,14201226,235,85000,418728,80580,20145,17775,118500
2024-05,HX-C0309,3,0,1,67678684,285,85000,2013842,465874,116468,102767,685109
2024-06,HX-C0309,3,0,1,69096435,285,85000,2054248,472147,118036,104152,694335
2024-07,HX-C0309,3,0,1,72350806,285,85000,2146997,490253,122563,108145,720961
2024-08,HX-C0309,3,0,1,74912931,285,85000,2220018,503606,125901,111091,740598
2024-09,HX-C0309,3,0,0,0,285,0,0,0,0,0,0
2024-10,HX-C0309,3,0,0,0,285,0,0,0,0,0,0
2024-11,HX-C0309,3,0,0,0,285,0,0,0,0,0,0
2024-12,HX-C0309,3,0,0,0,285,0,0,0,0,0,0
2025-01,HX-C0309,3,0,0,0,285,0,0,0,0,0,0
2025-02,HX-C0309,3,0,0,0,285,0,0,0,0,0,0
2025-03,HX-C0309,3,0,0,0,285,0,0,0,0,0,0
2025-04,HX-C0309,3,0,0,0,285,0,0,0,0,0,0
2025-05,HX-C0309,3,0,0,0,285,0,0,0,0,0,0
2025-06,HX-C0309,3,0,0,0,285,0,0,0,0,0,0
2025-07,HX-C0309,3,0,0,0,285,0,0,0,0,0,0
2025-08,HX-C0309,3,0,0,0,285,0,0,0,0,0,0
2025-09,HX-C0309,3,0,0,0,285,0,0,0,0,0,0
2025-10,HX-C0309,3,0,0,0,285,0,0,0,0,0,0
2025-11,HX-C0309,3,0,0,0,285,0,0,0,0,0,0
2025-12,HX-C0309,3,0,0,0,285,0,0,0,0,0,0
2026-01,HX-C0309,3,0,0,0,285,0,0,0,0,0,0
2026-02,HX-C0309,3,0,0,0,285,0,0,0,0,0,0
2026-03,HX-C0309,3,0,0,0,285,0,0,0,0,0,0
2026-04,HX-C0309,3,0,0,0,285,0,0,0,0,0,0
2026-05,HX-C0309,3,0,0,0,285,0,0,0,0,0,0
2026-06,HX-C0309,3,0,0,0,285,0,0,0,0,0,0
2026-07,HX-C0309,3,0,0,0,285,0,0,0,0,0,0
2024-08,HX-C0310,4,0,1,10466284,285,85000,383289,86948,21737,19180,127865
2024-09,HX-C0310,4,0,1,10861533,285,85000,394553,88912,22228,19614,130754
2024-10,HX-C0310,4,0,1,11097275,285,85000,401272,89826,22456,19816,132098
2024-11,HX-C0310,4,0,1,11572477,285,85000,414815,92237,23059,20348,135644
2024-12,HX-C0310,4,0,1,12087670,285,85000,429498,94860,23715,20925,139500
2025-01,HX-C0310,4,0,1,12412323,285,85000,438751,96247,24061,21233,141541
2025-02,HX-C0310,4,0,1,12592837,285,85000,443895,96711,24177,21335,142223
2025-03,HX-C0310,4,0,1,12746722,285,85000,448281,96997,24249,21397,142643
2025-04,HX-C0310,4,0,1,13015004,285,85000,455927,97968,24492,21612,144072
2025-05,HX-C0310,4,0,0,0,285,0,0,0,0,0,0
2025-06,HX-C0310,4,0,0,0,285,0,0,0,0,0,0
2025-07,HX-C0310,4,0,0,0,285,0,0,0,0,0,0
2025-08,HX-C0310,4,0,0,0,285,0,0,0,0,0,0
2025-09,HX-C0310,4,0,0,0,285,0,0,0,0,0,0
2025-10,HX-C0310,4,0,0,0,285,0,0,0,0,0,0
2025-11,HX-C0310,4,0,0,0,285,0,0,0,0,0,0
2025-12,HX-C0310,4,0,0,0,285,0,0,0,0,0,0
2026-01,HX-C0310,4,0,0,0,285,0,0,0,0,0,0
2026-02,HX-C0310,4,0,0,0,285,0,0,0,0,0,0
2026-03,HX-C0310,4,0,0,0,285,0,0,0,0,0,0
2026-04,HX-C0310,4,0,0,0,285,0,0,0,0,0,0
2026-05,HX-C0310,4,0,0,0,285,0,0,0,0,0,0
2026-06,HX-C0310,4,0,0,0,285,0,0,0,0,0,0
2026-07,HX-C0310,4,0,0,0,285,0,0,0,0,0,0
2025-05,HX-C0311,7,0,1,9876494,285,85000,366480,78200,19550,17251,115001
2025-06,HX-C0311,7,0,1,10181572,285,85000,375174,79494,19873,17537,116904
2025-07,HX-C0311,7,0,1,10414617,285,85000,381816,80330,20082,17721,118133
2025-08,HX-C0311,7,0,1,10644247,285,85000,388361,81126,20281,17897,119304
2025-09,HX-C0311,7,0,1,10961903,285,85000,397414,82423,20605,18183,121211
2025-10,HX-C0311,7,0,1,11039110,285,85000,399614,82282,20570,18151,121003
2025-11,HX-C0311,7,0,1,11232299,285,85000,405120,82809,20702,18268,121779
2025-12,HX-C0311,7,0,1,11571769,285,85000,414795,84166,21041,18567,123774
2026-01,HX-C0311,7,0,1,11969994,285,85000,426144,85831,21457,18935,126223
2026-02,HX-C0311,7,0,1,12477557,285,85000,440610,88086,22021,19432,129539
2026-03,HX-C0311,7,0,1,12898599,285,85000,452610,89808,22452,19811,132071
2026-04,HX-C0311,7,0,1,13311449,285,85000,464376,91448,22862,20173,134483
2026-05,HX-C0311,7,0,1,13681879,285,85000,474933,92816,23204,20475,136495
2026-06,HX-C0311,7,0,1,13954652,285,85000,482707,93614,23403,20651,137668
2026-07,HX-C0311,7,0,1,14472154,285,85000,497456,95730,23932,21118,140780
2026-02,HX-C0312,10,0,1,35845012,285,85000,1106582,221227,55306,48802,325335
2026-03,HX-C0312,10,0,1,36833339,285,85000,1134750,225161,56290,49669,331120
2026-04,HX-C0312,10,0,1,36481255,285,85000,1124715,221487,55371,48859,325717
2026-05,HX-C0312,10,0,1,37466087,285,85000,1152783,225290,56322,49697,331309
2026-06,HX-C0312,10,0,1,38486914,285,85000,1181877,229208,57302,50561,337071
2026-07,HX-C0312,10,0,1,39973969,285,85000,1224258,235596,58899,51970,346465
2024-05,HX-C0313,3,0,1,48124334,235,85000,1215921,281286,70321,62049,413656
2024-06,HX-C0313,3,0,1,49176379,235,85000,1240644,285149,71287,62901,419337
2024-07,HX-C0313,3,0,1,50864221,235,85000,1280309,292350,73087,64490,429927
2024-08,HX-C0313,3,0,1,52057982,235,85000,1308362,296798,74199,65472,436469
2024-09,HX-C0313,3,0,1,53841312,235,85000,1350270,304285,76071,67123,447479
2024-10,HX-C0313,3,0,1,54809895,235,85000,1373032,307361,76840,67801,452002
2024-11,HX-C0313,3,0,1,55840698,235,85000,1397256,310693,77673,68536,456902
2024-12,HX-C0313,3,0,1,56820041,235,85000,1420270,313686,78421,69196,461303
2025-01,HX-C0313,3,0,1,59058020,235,85000,1472863,323098,80774,71273,475145
2025-02,HX-C0313,3,0,1,61324214,235,85000,1526119,332498,83124,73346,488968
2025-03,HX-C0313,3,0,1,62508577,235,85000,1553951,336237,84059,74171,494467
2025-04,HX-C0313,3,0,1,65887923,235,85000,1633366,350977,87744,77422,516143
2025-05,HX-C0313,3,0,1,65356236,235,85000,1620871,345867,86466,76296,508629
2025-06,HX-C0313,3,0,1,65682589,235,85000,1628540,345068,86267,76118,507453
2025-07,HX-C0313,3,0,1,68603910,235,85000,1697191,357074,89268,78768,525110
2025-08,HX-C0313,3,0,1,70733453,235,85000,1747236,364990,91247,80513,536750
2025-09,HX-C0313,3,0,1,73345210,235,85000,1808612,375105,93776,82745,551626
2025-10,HX-C0313,3,0,1,74526848,235,85000,1836380,378117,94529,83409,556055
2025-11,HX-C0313,3,0,1,77012126,235,85000,1894784,387308,96827,85437,569572
2025-12,HX-C0313,3,0,1,79531554,235,85000,1953991,396487,99121,87462,583070
2026-01,HX-C0313,3,0,1,81997363,235,85000,2011938,405236,101309,89391,595936
2026-02,HX-C0313,3,0,1,84309156,235,85000,2066265,413087,103271,91123,607481
2026-03,HX-C0313,3,0,1,85185742,235,85000,2086864,414083,103520,91343,608946
2026-04,HX-C0313,3,0,1,87949713,235,85000,2151818,423752,105938,93476,623166
2026-05,HX-C0313,3,0,1,88373505,235,85000,2161777,422479,105619,93196,621294
2026-06,HX-C0313,3,0,1,90290203,235,85000,2206819,427981,106995,94408,629384
2026-07,HX-C0313,3,0,1,93575848,235,85000,2284032,439539,109884,96958,646381
2025-08,HX-C0314,8,0,1,59413011,285,85000,1778270,371473,92868,81943,546284
2025-09,HX-C0314,8,0,1,60123994,285,85000,1798533,373015,93253,82284,548552
2025-10,HX-C0314,8,0,1,62490460,285,85000,1865978,384212,96053,84753,565018
2025-11,HX-C0314,8,0,1,64029635,285,85000,1909844,390387,97596,86116,574099
2025-12,HX-C0314,8,0,1,64356408,285,85000,1919157,389419,97354,85903,572676
2026-01,HX-C0314,8,0,1,65683872,285,85000,1956990,394168,98542,86950,579660
2026-02,HX-C0314,8,0,1,67256751,285,85000,2001817,400203,100050,88281,588534
2026-03,HX-C0314,8,0,1,68527953,285,85000,2038046,404396,101099,89206,594701
2026-04,HX-C0314,8,0,1,69198873,285,85000,2057167,405113,101278,89364,595755
2026-05,HX-C0314,8,0,1,71290908,285,85000,2116790,413688,103422,91255,608365
2026-06,HX-C0314,8,0,1,74032510,285,85000,2194926,425674,106418,93900,625992
2026-07,HX-C0314,8,0,1,76309196,285,85000,2259812,434877,108719,95930,639526
2025-08,HX-C0315,8,0,1,17764068,285,85000,591275,123514,30878,27247,181639
2025-09,HX-C0315,8,0,1,18099596,285,85000,600838,124613,31153,27489,183255
2025-10,HX-C0315,8,0,1,18346056,285,85000,607862,125160,31290,27610,184060
2025-11,HX-C0315,8,0,1,18557835,285,85000,613898,125485,31371,27681,184537
2025-12,HX-C0315,8,0,1,18909446,285,85000,623919,126600,31650,27927,186177
2026-01,HX-C0315,8,0,1,19386304,285,85000,637509,128404,32101,28325,188830
2026-02,HX-C0315,8,0,1,20044836,285,85000,656277,131202,32800,28943,192945
2026-03,HX-C0315,8,0,1,20633974,285,85000,673068,133552,33388,29461,196401
2026-04,HX-C0315,8,0,1,20850838,285,85000,679248,133762,33440,29508,196710
2026-05,HX-C0315,8,0,1,20966853,285,85000,682555,133392,33348,29426,196166
2026-06,HX-C0315,8,0,1,21643278,285,85000,701833,136110,34027,30025,200162
2026-07,HX-C0315,8,0,1,21949292,285,85000,710554,136738,34184,30164,201086
2025-05,HX-C0316,7,0,1,74230420,285,85000,2200566,469565,117391,103581,690537
2025-06,HX-C0316,7,0,1,75461891,285,85000,2235663,473709,118427,104496,696632
2025-07,HX-C0316,7,0,1,76538692,285,85000,2266352,476822,119205,105182,701209
2025-08,HX-C0316,7,0,1,78197309,285,85000,2313623,483305,120826,106613,710744
2025-09,HX-C0316,7,0,1,80054546,285,85000,2366554,490822,122705,108271,721798
2025-10,HX-C0316,7,0,1,79891641,285,85000,2361911,486326,121581,107279,715186
2025-11,HX-C0316,7,0,1,82782015,285,85000,2444287,499631,124907,110214,734752
2025-12,HX-C0316,7,0,1,82918353,285,85000,2448173,496763,124190,109581,730534
2026-01,HX-C0316,7,0,1,85491268,285,85000,2521501,507870,126967,112031,746868
2026-02,HX-C0316,7,0,1,87407803,285,85000,2576122,515017,128754,113608,757379
2026-03,HX-C0316,7,0,1,90159029,285,85000,2654532,526722,131680,116190,774592
2026-04,HX-C0316,7,0,1,91581636,285,85000,2695076,530735,132683,117076,780494
2026-05,HX-C0316,7,0,1,92682366,285,85000,2726447,532834,133208,117538,783580
2026-06,HX-C0316,7,0,1,95146316,285,85000,2796670,542374,135593,119643,797610
2026-07,HX-C0316,7,0,1,95867922,285,85000,2817235,542148,135537,119592,797277
2024-11,HX-C0317,5,0,1,4947742,285,85000,226010,50255,12563,11087,73905
2024-12,HX-C0317,5,0,1,5191004,285,85000,232943,51448,12862,11349,75659
2025-01,HX-C0317,5,0,1,5349754,285,85000,237467,52092,13023,11491,76606
2025-02,HX-C0317,5,0,1,5478032,285,85000,241123,52533,13133,11589,77255
2025-03,HX-C0317,5,0,1,5616299,285,85000,245064,53025,13256,11698,77979
2025-04,HX-C0317,5,0,1,5760265,285,85000,249167,53540,13385,11811,78736
2025-05,HX-C0317,5,0,1,5878426,285,85000,252535,53886,13471,11888,79245
2025-06,HX-C0317,5,0,1,6087900,285,85000,258505,54774,13693,12083,80550
2025-07,HX-C0317,5,0,1,6240060,285,85000,262841,55299,13824,12200,81323
2025-08,HX-C0317,5,0,1,6391082,285,85000,267145,55804,13951,12311,82066
2025-09,HX-C0317,5,0,1,6644381,285,85000,274364,56903,14225,12553,83681
2025-10,HX-C0317,5,0,1,6876685,285,85000,280985,57855,14463,12764,85082
2025-11,HX-C0317,5,0,1,7026474,285,85000,285254,58307,14576,12864,85747
2025-12,HX-C0317,5,0,1,7261337,285,85000,291948,59239,14809,13069,87117
2026-01,HX-C0317,5,0,1,7447437,285,85000,297251,59870,14967,13208,88045
2026-02,HX-C0317,5,0,1,7647659,285,85000,302958,60566,15141,13362,89069
2026-03,HX-C0317,5,0,1,7856175,285,85000,308900,61293,15323,13521,90137
2026-04,HX-C0317,5,0,1,8138382,285,85000,316943,62414,15603,13769,91786
2026-05,HX-C0317,5,0,1,8311563,285,85000,321879,62905,15726,13877,92508
2026-06,HX-C0317,5,0,1,8448514,285,85000,325782,63180,15795,13938,92913
2026-07,HX-C0317,5,0,0,0,285,0,0,0,0,0,0
2023-08,HX-C0318,0,0,1,13030126,285,85000,456358,111715,27928,24645,164288
2023-09,HX-C0318,0,0,1,13460234,285,85000,468616,114015,28503,25152,167670
2023-10,HX-C0318,0,0,1,14002885,285,85000,484082,117054,29263,25822,172139
2023-11,HX-C0318,0,0,1,14474653,285,85000,497527,119561,29890,26375,175826
2023-12,HX-C0318,0,0,1,14857438,285,85000,508436,121422,30355,26785,178562
2024-01,HX-C0318,0,0,1,15275778,285,85000,520359,123491,30872,27242,181605
2024-02,HX-C0318,0,0,1,15807588,285,85000,535516,126286,31571,27859,185716
2024-03,HX-C0318,0,0,1,15924902,285,85000,538859,126269,31567,27854,185690
2024-04,HX-C0318,0,0,1,16227443,285,85000,547482,127470,31867,28120,187457
2024-05,HX-C0318,0,0,1,16668994,285,85000,560066,129563,32390,28581,190534
2024-06,HX-C0318,0,0,1,16753004,285,85000,562460,129275,32318,28518,190111
2024-07,HX-C0318,0,0,1,17392211,285,85000,580678,132593,33148,29250,194991
2024-08,HX-C0318,0,0,1,17516397,285,85000,584217,132527,33131,29236,194894
2024-09,HX-C0318,0,0,1,17796103,285,85000,592188,133450,33362,29439,196251
2024-10,HX-C0318,0,0,1,18247676,285,85000,605058,135445,33861,29879,199185
2024-11,HX-C0318,0,0,1,19131959,285,85000,630260,140144,35036,30915,206095
2024-12,HX-C0318,0,0,1,19242960,285,85000,633424,139900,34975,30861,205736
2025-01,HX-C0318,0,0,1,19465417,285,85000,639764,140343,35085,30959,206387
2025-02,HX-C0318,0,0,1,19989893,285,85000,654711,142642,35660,31467,209769
2025-03,HX-C0318,0,0,1,20891805,285,85000,680416,147225,36806,32477,216508
2025-04,HX-C0318,0,0,1,21164769,285,85000,688195,147878,36969,32622,217469
2025-05,HX-C0318,0,0,1,21612521,285,85000,700956,149572,37393,32994,219959
2025-06,HX-C0318,0,0,1,22198271,285,85000,717650,152060,38015,33544,223619
2025-07,HX-C0318,0,0,1,22918171,285,85000,738167,155303,38825,34260,228388
2025-08,HX-C0318,0,0,1,23776210,285,85000,762621,159308,39827,35142,234277
2025-09,HX-C0318,0,0,1,24176638,285,85000,774034,160534,40133,35413,236080
2025-10,HX-C0318,0,0,1,24788946,285,85000,791484,162969,40742,35950,239661
2025-11,HX-C0318,0,0,1,25132619,285,85000,801279,163787,40946,36131,240864
2025-12,HX-C0318,0,0,1,25713007,285,85000,817820,165945,41486,36606,244037
2026-01,HX-C0318,0,0,1,26680579,285,85000,845396,170276,42569,37561,250406
2026-02,HX-C0318,0,0,1,27743788,285,85000,875697,175068,43767,38619,257454
2026-03,HX-C0318,0,0,1,28585218,285,85000,899678,178517,44629,39380,262526
2026-04,HX-C0318,0,0,1,29071379,285,85000,913534,179900,44975,39684,264559
2026-05,HX-C0318,0,0,1,29633426,285,85000,929552,181664,45416,40073,267153
2026-06,HX-C0318,0,0,1,30310523,285,85000,948849,184015,46003,40593,270611
2026-07,HX-C0318,0,0,1,30893453,285,85000,965463,185793,46448,40985,273226
2024-05,HX-C0319,3,0,1,69266737,285,85000,2059102,476344,119086,105076,700506
2024-06,HX-C0319,3,0,1,71613224,285,85000,2125976,488633,122158,107788,718579
2024-07,HX-C0319,3,0,1,73516332,285,85000,2180215,497838,124459,109819,732116
2024-08,HX-C0319,3,0,1,74111435,285,85000,2197175,498424,124606,109947,732977
2024-09,HX-C0319,3,0,1,76989288,285,85000,2279194,513620,128405,113299,755324
2024-10,HX-C0319,3,0,1,78101722,285,85000,2310899,517307,129326,114114,760747
2024-11,HX-C0319,3,0,1,78995243,285,85000,2336364,519513,129878,114600,763991
2024-12,HX-C0319,3,0,1,81580708,285,85000,2410050,532293,133073,117418,782784
2025-01,HX-C0319,3,0,1,85129440,285,85000,2511189,550874,137718,121517,810109
2025-02,HX-C0319,3,0,1,86496325,285,85000,2550145,555604,138901,122561,817066
2025-03,HX-C0319,3,0,1,88243680,285,85000,2599944,562565,140641,124096,827302
2025-04,HX-C0319,3,0,1,90612911,285,85000,2667467,573184,143296,126439,842919
2025-05,HX-C0319,3,0,1,92909347,285,85000,2732916,583160,145790,128639,857589
2025-06,HX-C0319,3,0,1,95133190,285,85000,2796295,592501,148125,130699,871325
2025-07,HX-C0319,3,0,1,97157781,285,85000,2853996,600457,150114,132455,883026
2025-08,HX-C0319,3,0,1,96838233,285,85000,2844889,594285,148571,131093,873949
2025-09,HX-C0319,3,0,1,99353011,285,85000,2916560,604894,151223,133433,889550
2025-10,HX-C0319,3,0,1,102424479,285,85000,3004097,618555,154638,136447,909640
2025-11,HX-C0319,3,0,1,104574109,285,85000,3065362,626583,156645,138219,921447
2025-12,HX-C0319,3,0,1,107814105,285,85000,3157701,640734,160183,141340,942257
2026-01,HX-C0319,3,0,1,109065889,285,85000,3193377,643197,160799,141882,945878
2026-02,HX-C0319,3,0,1,112839791,285,85000,3300934,659922,164980,145572,970474
2026-03,HX-C0319,3,0,1,114108697,285,85000,3337097,662159,165539,146066,973764
2026-04,HX-C0319,3,0,1,119323469,285,85000,3485718,686434,171608,151421,1009463
2026-05,HX-C0319,3,0,1,122188433,285,85000,3567370,697178,174294,153790,1025262
2026-06,HX-C0319,3,0,1,124614662,285,85000,3636517,705251,176312,155571,1037134
2026-07,HX-C0319,3,0,1,128710466,285,85000,3753248,722274,180568,159327,1062169
2025-05,HX-C0320,7,0,1,14832461,285,85000,507725,108340,27085,23899,159324
2025-06,HX-C0320,7,0,1,15336388,285,85000,522087,110623,27655,24404,162682
2025-07,HX-C0320,7,0,1,16131747,285,85000,544754,114611,28652,25283,168546
2025-08,HX-C0320,7,0,1,16444708,285,85000,553674,115659,28914,25515,170088
2025-09,HX-C0320,7,0,1,16753497,285,85000,562474,116656,29164,25734,171554
2025-10,HX-C0320,7,0,1,16987327,285,85000,569138,117187,29296,25851,172334
2025-11,HX-C0320,7,0,1,16920418,285,85000,567231,115946,28986,25577,170509
2025-12,HX-C0320,7,0,1,17255806,285,85000,576790,117037,29259,25818,172114
2026-01,HX-C0320,7,0,1,17405634,285,85000,581060,117034,29258,25817,172109
2026-02,HX-C0320,7,0,1,18035994,285,85000,599025,119756,29939,26418,176113
2026-03,HX-C0320,7,0,1,18404852,285,85000,609538,120946,30236,26681,177863
2026-04,HX-C0320,7,0,1,18984888,285,85000,626069,123290,30822,27197,181309
2026-05,HX-C0320,7,0,1,19812885,285,85000,649667,126965,31741,28008,186714
2026-06,HX-C0320,7,0,1,20465977,285,85000,668280,129603,32400,28590,190593
2026-07,HX-C0320,7,0,1,20975931,285,85000,682814,131400,32850,28986,193236
2023-11,HX-C0321,1,0,1,28429856,285,85000,895250,215139,53784,47458,316381
2023-12,HX-C0321,1,0,0,0,285,0,0,0,0,0,0
2024-01,HX-C0321,1,0,0,0,285,0,0,0,0,0,0
2024-02,HX-C0321,1,0,0,0,285,0,0,0,0,0,0
2024-03,HX-C0321,1,0,0,0,285,0,0,0,0,0,0
2024-04,HX-C0321,1,0,0,0,285,0,0,0,0,0,0
2024-05,HX-C0321,1,0,0,0,285,0,0,0,0,0,0
2024-06,HX-C0321,1,0,0,0,285,0,0,0,0,0,0
2024-07,HX-C0321,1,0,0,0,285,0,0,0,0,0,0
2024-08,HX-C0321,1,0,0,0,285,0,0,0,0,0,0
2024-09,HX-C0321,1,0,0,0,285,0,0,0,0,0,0
2024-10,HX-C0321,1,0,0,0,285,0,0,0,0,0,0
2024-11,HX-C0321,1,0,0,0,285,0,0,0,0,0,0
2024-12,HX-C0321,1,0,0,0,285,0,0,0,0,0,0
2025-01,HX-C0321,1,0,0,0,285,0,0,0,0,0,0
2025-02,HX-C0321,1,0,0,0,285,0,0,0,0,0,0
2025-03,HX-C0321,1,0,0,0,285,0,0,0,0,0,0
2025-04,HX-C0321,1,0,0,0,285,0,0,0,0,0,0
2025-05,HX-C0321,1,0,0,0,285,0,0,0,0,0,0
2025-06,HX-C0321,1,0,0,0,285,0,0,0,0,0,0
2025-07,HX-C0321,1,0,0,0,285,0,0,0,0,0,0
2025-08,HX-C0321,1,0,0,0,285,0,0,0,0,0,0
2025-09,HX-C0321,1,0,0,0,285,0,0,0,0,0,0
2025-10,HX-C0321,1,0,0,0,285,0,0,0,0,0,0
2025-11,HX-C0321,1,0,0,0,285,0,0,0,0,0,0
2025-12,HX-C0321,1,0,0,0,285,0,0,0,0,0,0
2026-01,HX-C0321,1,0,0,0,285,0,0,0,0,0,0
2026-02,HX-C0321,1,0,0,0,285,0,0,0,0,0,0
2026-03,HX-C0321,1,0,0,0,285,0,0,0,0,0,0
2026-04,HX-C0321,1,0,0,0,285,0,0,0,0,0,0
2026-05,HX-C0321,1,0,0,0,285,0,0,0,0,0,0
2026-06,HX-C0321,1,0,0,0,285,0,0,0,0,0,0
2026-07,HX-C0321,1,0,0,0,285,0,0,0,0,0,0
2026-02,HX-C0322,10,0,1,45544505,285,85000,1383018,276492,69123,60992,406607
2026-03,HX-C0322,10,0,1,46048581,285,85000,1397384,277274,69318,61164,407756
2026-04,HX-C0322,10,0,1,46601775,285,85000,1413150,278288,69572,61388,409248
2026-05,HX-C0322,10,0,1,47262437,285,85000,1431979,279854,69963,61733,411550
2026-06,HX-C0322,10,0,1,48179371,285,85000,1458112,282780,70695,62378,415853
2026-07,HX-C0322,10,0,1,48987506,285,85000,1481143,285030,71257,62876,419163
2025-08,HX-C0323,8,0,1,9448759,285,85000,354289,74009,18502,16326,108837
2025-09,HX-C0323,8,0,1,9852337,285,85000,365791,75864,18966,16736,111566
2025-10,HX-C0323,8,0,1,10044376,285,85000,371264,76444,19111,16863,112418
2025-11,HX-C0323,8,0,1,10347931,285,85000,379916,77657,19414,17131,114202
2025-12,HX-C0323,8,0,1,10499590,285,85000,384238,77966,19491,17199,114656
2026-01,HX-C0323,8,0,1,10697856,285,85000,389888,78529,19632,17323,115484
2026-02,HX-C0323,8,0,1,11149932,285,85000,402773,80522,20130,17763,118415
2026-03,HX-C0323,8,0,1,11579525,285,85000,415016,82348,20587,18166,121101
2026-04,HX-C0323,8,0,1,12059188,285,85000,428686,84419,21104,18624,124147
2026-05,HX-C0323,8,0,1,12414875,285,85000,438823,85759,21439,18919,126117
2026-06,HX-C0323,8,0,1,12673788,285,85000,446202,86534,21633,19089,127256
2026-07,HX-C0323,8,0,1,13024794,285,85000,456206,87792,21948,19366,129106
2025-08,HX-C0324,8,0,1,18886891,235,85000,528841,110472,27618,24369,162459
2025-09,HX-C0324,8,0,1,19179510,235,85000,535718,111107,27776,24510,163393
2025-10,HX-C0324,8,0,1,19635836,235,85000,546442,112514,28128,24820,165462
2025-11,HX-C0324,8,0,0,0,235,0,0,0,0,0,0
2025-12,HX-C0324,8,0,0,0,235,0,0,0,0,0,0
2026-01,HX-C0324,8,0,0,0,235,0,0,0,0,0,0
2026-02,HX-C0324,8,0,0,0,235,0,0,0,0,0,0
2026-03,HX-C0324,8,0,0,0,235,0,0,0,0,0,0
2026-04,HX-C0324,8,0,0,0,235,0,0,0,0,0,0
2026-05,HX-C0324,8,0,0,0,235,0,0,0,0,0,0
2026-06,HX-C0324,8,0,0,0,235,0,0,0,0,0,0
2026-07,HX-C0324,8,0,0,0,235,0,0,0,0,0,0
2024-11,HX-C0325,5,0,1,11130586,235,85000,346568,77062,19265,17000,113327
2024-12,HX-C0325,5,0,1,11449931,235,85000,354073,78201,19550,17251,115002
2025-01,HX-C0325,5,0,1,11732912,235,85000,360723,79130,19782,17457,116369
2025-02,HX-C0325,5,0,1,12128122,235,85000,370010,80614,20153,17784,118551
2025-03,HX-C0325,5,0,1,12391426,235,85000,376198,81400,20350,17956,119706
2025-04,HX-C0325,5,0,1,12531733,235,85000,379495,81545,20386,17989,119920
2025-05,HX-C0325,5,0,1,12816564,235,85000,386189,82406,20601,18179,121186
2025-06,HX-C0325,5,0,1,13109885,235,85000,393082,83289,20822,18373,122484
2025-07,HX-C0325,5,0,1,13335424,235,85000,398382,83816,20954,18489,123259
2025-08,HX-C0325,5,0,1,13713291,235,85000,407262,85074,21268,18768,125110
2025-09,HX-C0325,5,0,1,14139311,235,85000,417273,86542,21635,19091,127268
2025-10,HX-C0325,5,0,1,14285735,235,85000,420714,86626,21656,19110,127392
2025-11,HX-C0325,5,0,1,14926089,235,85000,435763,89073,22268,19649,130990
2025-12,HX-C0325,5,0,1,16017362,235,85000,461408,93625,23406,20653,137684
2026-01,HX-C0325,5,0,1,16434586,235,85000,471212,94908,23727,20937,139572
2026-02,HX-C0325,5,0,1,16834437,235,85000,480609,96083,24020,21196,141299
2026-03,HX-C0325,5,0,1,16833846,235,85000,480595,95361,23840,21036,140237
2026-04,HX-C0325,5,0,1,17267848,235,85000,490794,96650,24162,21321,142133
2026-05,HX-C0325,5,0,1,17695675,235,85000,500848,97881,24470,21592,143943
2026-06,HX-C0325,5,0,1,18169196,235,85000,511976,99290,24822,21903,146015
2026-07,HX-C0325,5,0,1,18933540,235,85000,529938,101980,25495,22497,149972
2025-11,HX-C0326,9,0,1,72398874,285,85000,2148367,439143,109785,96871,645799
2025-12,HX-C0326,9,0,1,74395546,285,85000,2205273,447476,111869,98708,658053
2026-01,HX-C0326,9,0,1,76192387,285,85000,2256483,454491,113622,100257,668370
2026-02,HX-C0326,9,0,1,77144935,285,85000,2283630,456543,114135,100709,671387
2026-03,HX-C0326,9,0,1,79143456,285,85000,2340588,464428,116107,102448,682983
2026-04,HX-C0326,9,0,1,80814317,285,85000,2388208,470305,117576,103744,691625
2026-05,HX-C0326,9,0,1,81448375,285,85000,2406278,470263,117565,103736,691564
2026-06,HX-C0326,9,0,1,84620691,285,85000,2496689,484197,121049,106809,712055
2026-07,HX-C0326,9,0,1,86029612,285,85000,2536843,488189,122047,107690,717926
2023-08,HX-C0327,0,0,1,3498247,285,85000,184700,45214,11303,9975,66492
2023-09,HX-C0327,0,0,1,3665649,285,85000,189470,46098,11524,10170,67792
2023-10,HX-C0327,0,0,1,3745285,285,85000,191740,46363,11590,10229,68182
2023-11,HX-C0327,0,0,1,3887751,285,85000,195800,47052,11763,10380,69195
2023-12,HX-C0327,0,0,1,3904806,285,85000,196286,46875,11718,10342,68935
2024-01,HX-C0327,0,0,1,4041036,285,85000,200169,47503,11875,10480,69858
2024-02,HX-C0327,0,0,1,4106506,285,85000,202035,47644,11911,10510,70065
2024-03,HX-C0327,0,0,1,4194367,285,85000,204539,47929,11982,10573,70484
2024-04,HX-C0327,0,0,1,4322216,285,85000,208183,48471,12117,10693,71281
2024-05,HX-C0327,0,0,1,4421660,285,85000,211017,48815,12203,10769,71787
2024-06,HX-C0327,0,0,1,4572785,285,85000,215324,49489,12372,10918,72779
2024-07,HX-C0327,0,0,1,4740619,285,85000,220107,50259,12564,11088,73911
2024-08,HX-C0327,0,0,1,4729698,285,85000,219796,49859,12464,11000,73323
2024-09,HX-C0327,0,0,1,4888878,285,85000,224333,50553,12638,11152,74343
2024-10,HX-C0327,0,0,1,4955713,285,85000,226237,50644,12661,11172,74477
2024-11,HX-C0327,0,0,1,5035745,285,85000,228518,50813,12703,11209,74725
2024-12,HX-C0327,0,0,1,5118764,285,85000,230884,50993,12748,11250,74991
2025-01,HX-C0327,0,0,1,5404867,285,85000,239038,52436,13109,11568,77113
2025-02,HX-C0327,0,0,1,5609414,285,85000,244868,53349,13337,11769,78455
2025-03,HX-C0327,0,0,1,5833960,285,85000,251267,54368,13592,11993,79953
2025-04,HX-C0327,0,0,1,6024431,285,85000,256696,55158,13789,12168,81115
2025-05,HX-C0327,0,0,1,6123427,285,85000,259517,55376,13844,12216,81436
2025-06,HX-C0327,0,0,1,6266598,285,85000,263598,55853,13963,12321,82137
2025-07,HX-C0327,0,0,1,6451445,285,85000,268866,56567,14141,12479,83187
2025-08,HX-C0327,0,0,1,6658000,285,85000,274753,57394,14348,12662,84404
2025-09,HX-C0327,0,0,1,6966196,285,85000,283536,58805,14701,12972,86478
2025-10,HX-C0327,0,0,1,7190245,285,85000,289921,59695,14923,13170,87788
2025-11,HX-C0327,0,0,1,7459702,285,85000,297601,60831,15207,13420,89458
2025-12,HX-C0327,0,0,1,7664399,285,85000,303435,61570,15392,13583,90545
2026-01,HX-C0327,0,0,1,7831476,285,85000,308197,62075,15518,13694,91287
2026-02,HX-C0327,0,0,1,7978444,285,85000,312385,62451,15612,13778,91841
2026-03,HX-C0327,0,0,1,8264448,285,85000,320536,63601,15900,14031,93532
2026-04,HX-C0327,0,0,1,8310349,285,85000,321844,63380,15845,13981,93206
2026-05,HX-C0327,0,0,1,8476426,285,85000,326578,63823,15955,14080,93858
2026-06,HX-C0327,0,0,1,8609900,285,85000,330382,64072,16018,14134,94224
2026-07,HX-C0327,0,0,1,9041798,285,85000,342691,65947,16486,14548,96981
2026-02,HX-C0328,10,0,1,42173945,285,85000,1286957,257288,64322,56755,378365
2026-03,HX-C0328,10,0,1,42805889,285,85000,1304967,258936,64734,57119,380789
2026-04,HX-C0328,10,0,0,0,285,0,0,0,0,0,0
2026-05,HX-C0328,10,0,0,0,285,0,0,0,0,0,0
2026-06,HX-C0328,10,0,0,0,285,0,0,0,0,0,0
2026-07,HX-C0328,10,0,0,0,285,0,0,0,0,0,0
2025-11,HX-C0329,9,0,0,0,285,0,0,0,0,0,0
2025-12,HX-C0329,9,0,0,0,285,0,0,0,0,0,0
2026-01,HX-C0329,9,0,0,0,285,0,0,0,0,0,0
2026-02,HX-C0329,9,0,0,0,285,0,0,0,0,0,0
2026-03,HX-C0329,9,0,0,0,285,0,0,0,0,0,0
2026-04,HX-C0329,9,0,0,0,285,0,0,0,0,0,0
2026-05,HX-C0329,9,0,0,0,285,0,0,0,0,0,0
2026-06,HX-C0329,9,0,0,0,285,0,0,0,0,0,0
2026-07,HX-C0329,9,0,0,0,285,0,0,0,0,0,0
2023-11,HX-C0330,1,0,1,6549789,285,85000,271668,65284,16321,14402,96007
2023-12,HX-C0330,1,0,1,6814539,285,85000,279214,66680,16670,14709,98059
2024-01,HX-C0330,1,0,1,6968879,285,85000,283613,67306,16826,14848,98980
2024-02,HX-C0330,1,0,1,7110998,285,85000,287663,67837,16959,14965,99761
2024-03,HX-C0330,1,0,1,7371690,285,85000,295093,69148,17287,15254,101689
2024-04,HX-C0330,1,0,1,7659447,285,85000,303294,70615,17653,15579,103847
2024-05,HX-C0330,1,0,1,7890473,285,85000,309878,71685,17921,15814,105420
2024-06,HX-C0330,1,0,1,8162926,285,85000,317643,73006,18251,16106,107363
2024-07,HX-C0330,1,0,1,8454713,285,85000,325959,74430,18607,16420,109457
2024-08,HX-C0330,1,0,1,8688768,285,85000,332629,75456,18864,16645,110965
2024-09,HX-C0330,1,0,1,8711112,285,85000,333266,75101,18775,16568,110444
2024-10,HX-C0330,1,0,1,9122792,285,85000,344999,77229,19307,17037,113573
2024-11,HX-C0330,1,0,1,9372404,285,85000,352113,78295,19573,17272,115140
2024-12,HX-C0330,1,0,1,9611853,285,85000,358937,79275,19818,17489,116582
2025-01,HX-C0330,1,0,1,9901095,285,85000,367181,80547,20136,17769,118452
2025-02,HX-C0330,1,0,1,10267494,285,85000,377623,82273,20568,18149,120990
2025-03,HX-C0330,1,0,1,10458971,285,85000,383080,82889,20722,18285,121896
2025-04,HX-C0330,1,0,1,10578223,285,85000,386479,83046,20761,18320,122127
2025-05,HX-C0330,1,0,1,10966139,285,85000,397534,84827,21206,18713,124746
2025-06,HX-C0330,1,0,1,11479811,285,85000,412174,87334,21833,19266,128433
2025-07,HX-C0330,1,0,1,11892162,285,85000,423926,89190,22297,19675,131162
2025-08,HX-C0330,1,0,1,12124036,285,85000,430535,89936,22484,19840,132260
2025-09,HX-C0330,1,0,1,12618911,285,85000,444638,92217,23054,20343,135614
2025-10,HX-C0330,1,0,1,13238514,285,85000,462297,95188,23797,20998,139983
2025-11,HX-C0330,1,0,1,13617024,285,85000,473085,96702,24175,21332,142209
2025-12,HX-C0330,1,0,1,13888608,285,85000,480825,97565,24391,21522,143478
2026-01,HX-C0330,1,0,1,14063070,285,85000,485797,97847,24461,21585,143893
2026-02,HX-C0330,1,0,1,14516711,285,85000,498726,99705,24926,21994,146625
2026-03,HX-C0330,1,0,1,15046966,285,85000,513838,101957,25489,22491,149937
2026-04,HX-C0330,1,0,1,15572970,285,85000,528829,104140,26035,22973,153148
2026-05,HX-C0330,1,0,1,16071923,285,85000,543049,106128,26532,23412,156072
2026-06,HX-C0330,1,0,1,16698716,285,85000,560913,108780,27195,23997,159972
2026-07,HX-C0330,1,0,1,17525695,285,85000,584482,112477,28119,24812,165408
2026-02,HX-C0331,10,0,1,29966935,285,85000,939057,187735,46933,41414,276082
2026-03,HX-C0331,10,0,1,29914883,285,85000,937574,186037,46509,41038,273584
2026-04,HX-C0331,10,0,1,31094007,285,85000,971179,191252,47813,42188,281253
2026-05,HX-C0331,10,0,1,31587432,285,85000,985241,192547,48136,42475,283158
2026-06,HX-C0331,10,0,1,32439950,285,85000,1009538,195785,48946,43189,287920
2026-07,HX-C0331,10,0,1,33912977,285,85000,1051519,202353,50588,44638,297579
2026-02,HX-C0332,10,0,1,18193195,235,85000,512540,102466,25616,22604,150686
2026-03,HX-C0332,10,0,1,18572895,235,85000,521463,103470,25867,22825,152162
2026-04,HX-C0332,10,0,1,19027444,235,85000,532144,104793,26198,23117,154108
2026-05,HX-C0332,10,0,1,19836218,235,85000,551151,107712,26928,23760,158400
2026-06,HX-C0332,10,0,1,19980622,235,85000,554544,107545,26886,23724,158155
2026-07,HX-C0332,10,0,1,20294199,235,85000,561913,108134,27033,23854,159021
2025-02,HX-C0333,6,0,1,31763142,235,85000,831433,181145,45286,39960,266391
2025-03,HX-C0333,6,0,1,32725607,235,85000,854051,184796,46199,40764,271759
2025-04,HX-C0333,6,0,1,33867967,235,85000,880897,189286,47321,41756,278363
2025-05,HX-C0333,6,0,1,35026481,235,85000,908122,193778,48444,42746,284968
2025-06,HX-C0333,6,0,1,36021716,235,85000,931510,197375,49343,43540,290258
2025-07,HX-C0333,6,0,1,36459619,235,85000,941801,198147,49536,43710,291393
2025-08,HX-C0333,6,0,1,36103611,235,85000,933434,194990,48747,43013,286750
2025-09,HX-C0333,6,0,1,37811678,235,85000,973574,201919,50479,44542,296940
2025-10,HX-C0333,6,0,1,39018658,235,85000,1001938,206302,51575,45509,303386
2025-11,HX-C0333,6,0,1,39234533,235,85000,1007011,205840,51460,45407,302707
2025-12,HX-C0333,6,0,1,40853200,235,85000,1045050,212052,53013,46777,311842
2026-01,HX-C0333,6,0,1,41984864,235,85000,1071644,215845,53961,47614,317420
2026-02,HX-C0333,6,0,1,43178607,235,85000,1099697,219850,54962,48498,323310
2026-03,HX-C0333,6,0,1,44616091,235,85000,1133478,224908,56227,49613,330748
2026-04,HX-C0333,6,0,1,44357169,235,85000,1127393,222015,55503,48975,326493
2026-05,HX-C0333,6,0,1,44195838,235,85000,1123602,219587,54896,48440,322923
2026-06,HX-C0333,6,0,1,44975478,235,85000,1141923,221459,55364,48853,325676
2026-07,HX-C0333,6,0,1,46266922,235,85000,1172272,225591,56397,49764,331752
2024-11,HX-C0334,5,0,1,8918872,285,85000,339187,75421,18855,16638,110914
2024-12,HX-C0334,5,0,1,9075879,285,85000,343662,75902,18975,16744,111621
2025-01,HX-C0334,5,0,1,9265393,285,85000,349063,76572,19143,16892,112607
2025-02,HX-C0334,5,0,1,9415267,285,85000,353335,76981,19245,16982,113208
2025-03,HX-C0334,5,0,1,9788280,285,85000,363965,78752,19688,17373,115813
2025-04,HX-C0334,5,0,1,10079017,285,85000,372251,79989,19997,17645,117631
2025-05,HX-C0334,5,0,1,10302537,285,85000,378622,80791,20197,17823,118811
2025-06,HX-C0334,5,0,1,10364105,285,85000,380376,80597,20149,17779,118525
2025-07,HX-C0334,5,0,1,10808088,285,85000,393030,82690,20672,18241,121603
2025-08,HX-C0334,5,0,1,11183922,285,85000,403741,84339,21084,18606,124029
2025-09,HX-C0334,5,0,1,11480092,285,85000,412182,85486,21371,18858,125715
2025-10,HX-C0334,5,0,1,11597985,285,85000,415542,85561,21390,18875,125826
2025-11,HX-C0334,5,0,1,11544189,285,85000,414009,84626,21156,18669,124451
2025-12,HX-C0334,5,0,1,11560757,285,85000,414481,84103,21025,18553,123681
2026-01,HX-C0334,5,0,1,11842504,285,85000,422511,85099,21274,18774,125147
2026-02,HX-C0334,5,0,1,12210323,285,85000,432994,86564,21641,19095,127300
2026-03,HX-C0334,5,0,1,12680137,285,85000,446383,88572,22143,19539,130254
2026-04,HX-C0334,5,0,1,12804719,285,85000,449934,88604,22151,19545,130300
2026-05,HX-C0334,5,0,1,12919756,285,85000,453213,88572,22143,19538,130253
2026-06,HX-C0334,5,0,1,13272726,285,85000,463272,89845,22461,19819,132125
2026-07,HX-C0334,5,0,1,13682720,285,85000,474957,91400,22850,20162,134412
2024-05,HX-C0335,3,0,1,6710995,285,85000,276263,63909,15977,14098,93984
2024-06,HX-C0335,3,0,1,6869293,285,85000,280774,64532,16133,14236,94901
2024-07,HX-C0335,3,0,1,7201818,285,85000,290251,66276,16569,14621,97466
2024-08,HX-C0335,3,0,1,7310292,285,85000,293343,66544,16636,14679,97859
2024-09,HX-C0335,3,0,1,7507488,285,85000,298963,67371,16842,14863,99076
2024-10,HX-C0335,3,0,1,7633448,285,85000,302553,67728,16932,14940,99600
2024-11,HX-C0335,3,0,1,7945833,285,85000,311456,69255,17313,15278,101846
2024-12,HX-C0335,3,0,1,8159263,285,85000,317538,70132,17533,15471,103136
2025-01,HX-C0335,3,0,1,8315830,285,85000,322001,70636,17659,15582,103877
2025-02,HX-C0335,3,0,1,8448461,285,85000,325781,70978,17744,15658,104380
2025-03,HX-C0335,3,0,1,8501272,285,85000,327286,70816,17704,15622,104142
2025-04,HX-C0335,3,0,1,8759692,285,85000,334651,71909,17977,15863,105749
2025-05,HX-C0335,3,0,1,9134400,285,85000,345330,73687,18421,16256,108364
2025-06,HX-C0335,3,0,1,9415914,285,85000,353353,74870,18717,16517,110104
2025-07,HX-C0335,3,0,1,9618767,285,85000,359134,75558,18889,16669,111116
2025-08,HX-C0335,3,0,1,9889351,285,85000,366846,76632,19158,16905,112695
2025-09,HX-C0335,3,0,1,10102189,285,85000,372912,77341,19335,17062,113738
2025-10,HX-C0335,3,0,1,10545641,285,85000,385550,79385,19846,17513,116744
2025-11,HX-C0335,3,0,1,10646316,285,85000,388420,79396,19849,17514,116759
2025-12,HX-C0335,3,0,1,10837576,285,85000,393870,79920,19980,17630,117530
2026-01,HX-C0335,3,0,1,11213480,285,85000,404584,81489,20372,17976,119837
2026-02,HX-C0335,3,0,1,11411945,285,85000,410240,82014,20503,18093,120610
2026-03,HX-C0335,3,0,1,11440619,285,85000,411057,81563,20390,17993,119946
2026-04,HX-C0335,3,0,1,11494281,285,85000,412587,81249,20312,17924,119485
2026-05,HX-C0335,3,0,1,11698980,285,85000,418420,81772,20443,18038,120253
2026-06,HX-C0335,3,0,1,11959995,285,85000,425859,82588,20647,18219,121454
2026-07,HX-C0335,3,0,1,12238256,285,85000,433790,83478,20869,18415,122762
2023-11,HX-C0336,1,0,1,2468238,285,85000,155344,37330,9332,8236,54898
2023-12,HX-C0336,1,0,0,0,285,0,0,0,0,0,0
2024-01,HX-C0336,1,0,0,0,285,0,0,0,0,0,0
2024-02,HX-C0336,1,0,0,0,285,0,0,0,0,0,0
2024-03,HX-C0336,1,0,0,0,285,0,0,0,0,0,0
2024-04,HX-C0336,1,0,0,0,285,0,0,0,0,0,0
2024-05,HX-C0336,1,0,0,0,285,0,0,0,0,0,0
2024-06,HX-C0336,1,0,0,0,285,0,0,0,0,0,0
2024-07,HX-C0336,1,0,0,0,285,0,0,0,0,0,0
2024-08,HX-C0336,1,0,0,0,285,0,0,0,0,0,0
2024-09,HX-C0336,1,0,0,0,285,0,0,0,0,0,0
2024-10,HX-C0336,1,0,0,0,285,0,0,0,0,0,0
2024-11,HX-C0336,1,0,0,0,285,0,0,0,0,0,0
2024-12,HX-C0336,1,0,0,0,285,0,0,0,0,0,0
2025-01,HX-C0336,1,0,0,0,285,0,0,0,0,0,0
2025-02,HX-C0336,1,0,0,0,285,0,0,0,0,0,0
2025-03,HX-C0336,1,0,0,0,285,0,0,0,0,0,0
2025-04,HX-C0336,1,0,0,0,285,0,0,0,0,0,0
2025-05,HX-C0336,1,0,0,0,285,0,0,0,0,0,0
2025-06,HX-C0336,1,0,0,0,285,0,0,0,0,0,0
2025-07,HX-C0336,1,0,0,0,285,0,0,0,0,0,0
2025-08,HX-C0336,1,0,0,0,285,0,0,0,0,0,0
2025-09,HX-C0336,1,0,0,0,285,0,0,0,0,0,0
2025-10,HX-C0336,1,0,0,0,285,0,0,0,0,0,0
2025-11,HX-C0336,1,0,0,0,285,0,0,0,0,0,0
2025-12,HX-C0336,1,0,0,0,285,0,0,0,0,0,0
2026-01,HX-C0336,1,0,0,0,285,0,0,0,0,0,0
2026-02,HX-C0336,1,0,0,0,285,0,0,0,0,0,0
2026-03,HX-C0336,1,0,0,0,285,0,0,0,0,0,0
2026-04,HX-C0336,1,0,0,0,285,0,0,0,0,0,0
2026-05,HX-C0336,1,0,0,0,285,0,0,0,0,0,0
2026-06,HX-C0336,1,0,0,0,285,0,0,0,0,0,0
2026-07,HX-C0336,1,0,0,0,285,0,0,0,0,0,0
2026-05,HX-C0337,11,0,1,2647139,285,85000,160443,31355,7838,6918,46111
2026-06,HX-C0337,11,0,1,2726854,285,85000,162715,31556,7889,6961,46406
2026-07,HX-C0337,11,0,1,2773513,285,85000,164045,31568,7892,6964,46424
2025-11,HX-C0338,9,0,1,107138782,235,85000,2602761,532024,133006,117359,782389
2025-12,HX-C0338,9,0,1,108880839,235,85000,2643699,536437,134109,118333,788879
2026-01,HX-C0338,9,0,1,111335994,235,85000,2701395,544104,136026,120023,800153
2026-02,HX-C0338,9,0,1,114363793,235,85000,2772549,554287,138571,122271,815129
2026-03,HX-C0338,9,0,1,116159390,235,85000,2814745,558512,139628,123202,821342
2026-04,HX-C0338,9,0,1,118345066,235,85000,2866109,564417,141104,124504,830025
2026-05,HX-C0338,9,0,1,122712066,235,85000,2968733,580184,145046,127983,853213
2026-06,HX-C0338,9,0,1,125409233,235,85000,3032116,588036,147009,129714,864759
2026-07,HX-C0338,9,0,1,128541398,235,85000,3105722,597664,149416,131839,878919
2026-05,HX-C0339,11,0,1,32426683,235,85000,847027,165535,41383,36517,243435
2026-06,HX-C0339,11,0,1,33017207,235,85000,860904,166959,41739,36831,245529
2026-07,HX-C0339,11,0,1,33092111,235,85000,862664,166010,41502,36621,244133
2025-05,HX-C0340,7,0,1,28436537,285,85000,895441,191072,47768,42149,280989
2025-06,HX-C0340,7,0,1,28902689,285,85000,908726,192548,48137,42474,283159
2025-07,HX-C0340,7,0,1,29595905,285,85000,928483,195344,48836,43092,287272
2025-08,HX-C0340,7,0,1,30208366,285,85000,945938,197602,49400,43590,290592
2025-09,HX-C0340,7,0,1,30868796,285,85000,964760,200090,50022,44139,294251
2025-10,HX-C0340,7,0,1,32012628,285,85000,997359,205360,51340,45300,302000
2025-11,HX-C0340,7,0,1,33408239,285,85000,1037134,211998,52999,46765,311762
2025-12,HX-C0340,7,0,1,34618117,285,85000,1071616,217443,54360,47967,319770
2026-01,HX-C0340,7,0,1,35980597,285,85000,1110447,223661,55915,49338,328914
2026-02,HX-C0340,7,0,1,37156998,285,85000,1143974,228703,57175,50450,336328
2026-03,HX-C0340,7,0,1,38859663,285,85000,1192500,236620,59155,52196,347971
2026-04,HX-C0340,7,0,1,40888619,285,85000,1250325,246223,61555,54316,362094
2026-05,HX-C0340,7,0,1,41939456,285,85000,1280274,250206,62551,55193,367950
2026-06,HX-C0340,7,0,1,42716195,285,85000,1302411,252583,63145,55719,371447
2026-07,HX-C0340,7,0,1,43427234,285,85000,1322676,254535,63633,56149,374317
2025-11,HX-C0341,9,0,1,33150908,235,85000,864046,176617,44154,38961,259732
2025-12,HX-C0341,9,0,1,33711808,235,85000,877227,177999,44499,39266,261764
2026-01,HX-C0341,9,0,1,35126876,235,85000,910481,183385,45846,40453,269684
2026-02,HX-C0341,9,0,1,35470095,235,85000,918547,183635,45908,40509,270052
2026-03,HX-C0341,9,0,1,36308104,235,85000,938240,186169,46542,41067,273778
2026-04,HX-C0341,9,0,1,37108625,235,85000,957052,188470,47117,41575,277162
2026-05,HX-C0341,9,0,1,38086242,235,85000,980026,191528,47882,42249,281659
2026-06,HX-C0341,9,0,1,39205561,235,85000,1006330,195163,48790,43052,287005
2026-07,HX-C0341,9,0,1,39775822,235,85000,1019731,196236,49059,43288,288583
2023-11,HX-C0342,1,0,1,70851069,285,85000,2104255,505677,126419,111547,743643
2023-12,HX-C0342,1,0,1,72094300,285,85000,2139687,510991,127747,112720,751458
2024-01,HX-C0342,1,0,1,74992203,285,85000,2222277,527390,131847,116337,775574
2024-02,HX-C0342,1,0,1,77183978,285,85000,2284743,538796,134699,118853,792348
2024-03,HX-C0342,1,0,1,77549062,285,85000,2295148,537817,134454,118637,790908
2024-04,HX-C0342,1,0,1,78172291,285,85000,2312910,538519,134629,118792,791940
2024-05,HX-C0342,1,0,1,78378842,285,85000,2318796,536420,134105,118329,788854
2024-06,HX-C0342,1,0,1,80822203,285,85000,2388432,548957,137239,121094,807290
2024-07,HX-C0342,1,0,1,81379345,285,85000,2404311,549009,137252,121106,807367
2024-08,HX-C0342,1,0,1,80977171,285,85000,2392849,542812,135703,119739,798254
2024-09,HX-C0342,1,0,1,82321220,285,85000,2431154,547865,136966,120853,805684
2024-10,HX-C0342,1,0,1,86309579,285,85000,2544823,569673,142418,125664,837755
2024-11,HX-C0342,1,0,1,88518874,285,85000,2607787,579867,144966,127913,852746
2024-12,HX-C0342,1,0,1,88958725,285,85000,2620323,578734,144683,127663,851080
2025-01,HX-C0342,1,0,1,91605213,285,85000,2695748,591360,147840,130448,869648
2025-02,HX-C0342,1,0,1,92684637,285,85000,2726512,594030,148507,131037,873574
2025-03,HX-C0342,1,0,1,95233909,285,85000,2799166,605671,151417,133606,890694
2025-04,HX-C0342,1,0,1,97195667,285,85000,2855076,613498,153374,135332,902204
2025-05,HX-C0342,1,0,1,99098997,285,85000,2909321,620801,155200,136943,912944
2025-06,HX-C0342,1,0,1,103860157,285,85000,3045014,645201,161300,142325,948826
2025-07,HX-C0342,1,0,1,105271726,285,85000,3085244,649110,162277,143187,954574
2025-08,HX-C0342,1,0,1,107834069,285,85000,3158270,659749,164937,145534,970220
2025-09,HX-C0342,1,0,1,109962316,285,85000,3218926,667604,166901,147267,981772
2025-10,HX-C0342,1,0,1,114685931,285,85000,3353549,690508,172627,152319,1015454
2025-11,HX-C0342,1,0,1,117703336,285,85000,3439545,703070,175767,155090,1033927
2025-12,HX-C0342,1,0,1,120073965,285,85000,3507108,711634,177908,156979,1046521
2026-01,HX-C0342,1,0,1,126722005,285,85000,3696577,744549,186137,164240,1094926
2026-02,HX-C0342,1,0,1,130885497,285,85000,3815236,762741,190685,168253,1121679
2026-03,HX-C0342,1,0,1,134149824,285,85000,3908269,775493,193873,171066,1140432
2026-04,HX-C0342,1,0,1,136969186,285,85000,3988621,785470,196367,173267,1155104
2026-05,HX-C0342,1,0,1,139259851,285,85000,4053905,792262,198065,174765,1165092
2026-06,HX-C0342,1,0,1,143063681,285,85000,4162314,807221,201805,178065,1187091
2026-07,HX-C0342,1,0,1,142654412,285,85000,4150650,798750,199687,176196,1174633
2024-11,HX-C0343,5,0,1,25031586,235,85000,673242,149702,37425,33023,220150
2024-12,HX-C0343,5,0,1,25927093,235,85000,694286,153342,38335,33827,225504
2025-01,HX-C0343,5,0,1,27047342,235,85000,720612,158078,39519,34872,232469
2025-02,HX-C0343,5,0,1,27351975,235,85000,727771,158560,39640,34977,233177
2025-03,HX-C0343,5,0,1,28097752,235,85000,745297,161264,40316,35573,237153
2025-04,HX-C0343,5,0,1,28723526,235,85000,760002,163308,40827,36025,240160
2025-05,HX-C0343,5,0,1,29737116,235,85000,783822,167254,41813,36896,245963
2025-06,HX-C0343,5,0,1,30640996,235,85000,805063,170582,42645,37630,250857
2025-07,HX-C0343,5,0,1,31613705,235,85000,827922,174188,43547,38424,256159
2025-08,HX-C0343,5,0,1,32210252,235,85000,841940,175877,43969,38797,258643
2025-09,HX-C0343,5,0,1,33128384,235,85000,863517,179092,44773,39507,263372
2025-10,HX-C0343,5,0,1,33920825,235,85000,882139,181635,45408,40068,267111
2025-11,HX-C0343,5,0,1,34453158,235,85000,894649,182873,45718,40340,268931
2025-12,HX-C0343,5,0,1,35470059,235,85000,918546,186383,46595,41116,274094
2026-01,HX-C0343,5,0,1,36408380,235,85000,940596,189450,47362,41792,278604
2026-02,HX-C0343,5,0,1,37218281,235,85000,959629,191848,47962,42320,282130
2026-03,HX-C0343,5,0,1,39004983,235,85000,1001617,198744,49686,43841,292271
2026-04,HX-C0343,5,0,1,39254509,235,85000,1007480,198400,49600,43766,291766
2026-05,HX-C0343,5,0,1,39880525,235,85000,1022192,199768,49942,44067,293777
2026-06,HX-C0343,5,0,1,41138012,235,85000,1051743,203970,50992,44995,299957
2026-07,HX-C0343,5,0,1,41928385,235,85000,1070317,205971,51492,45436,302899
2023-08,HX-C0344,0,0,1,16254189,285,85000,548244,134209,33552,29606,197367
2023-09,HX-C0344,0,0,1,16410741,285,85000,552706,134475,33618,29665,197758
2023-10,HX-C0344,0,0,1,16788842,285,85000,563481,136253,34063,30057,200373
2023-11,HX-C0344,0,0,1,17209729,285,85000,575477,138293,34573,30507,203373
2023-12,HX-C0344,0,0,1,17654957,285,85000,588166,140462,35115,30986,206563
2024-01,HX-C0344,0,0,1,18302392,285,85000,606618,143962,35990,31757,211709
2024-02,HX-C0344,0,0,1,18635633,285,85000,616115,145294,36323,32051,213668
2024-03,HX-C0344,0,0,1,18660180,285,85000,616815,144536,36134,31884,212554
2024-04,HX-C0344,0,0,1,19030926,285,85000,627381,146074,36518,32223,214815
2024-05,HX-C0344,0,0,0,0,285,0,0,0,0,0,0
2024-06,HX-C0344,0,0,0,0,285,0,0,0,0,0,0
2024-07,HX-C0344,0,0,0,0,285,0,0,0,0,0,0
2024-08,HX-C0344,0,0,0,0,285,0,0,0,0,0,0
2024-09,HX-C0344,0,0,0,0,285,0,0,0,0,0,0
2024-10,HX-C0344,0,0,0,0,285,0,0,0,0,0,0
2024-11,HX-C0344,0,0,0,0,285,0,0,0,0,0,0
2024-12,HX-C0344,0,0,0,0,285,0,0,0,0,0,0
2025-01,HX-C0344,0,0,0,0,285,0,0,0,0,0,0
2025-02,HX-C0344,0,0,0,0,285,0,0,0,0,0,0
2025-03,HX-C0344,0,0,0,0,285,0,0,0,0,0,0
2025-04,HX-C0344,0,0,0,0,285,0,0,0,0,0,0
2025-05,HX-C0344,0,0,0,0,285,0,0,0,0,0,0
2025-06,HX-C0344,0,0,0,0,285,0,0,0,0,0,0
2025-07,HX-C0344,0,0,0,0,285,0,0,0,0,0,0
2025-08,HX-C0344,0,0,0,0,285,0,0,0,0,0,0
2025-09,HX-C0344,0,0,0,0,285,0,0,0,0,0,0
2025-10,HX-C0344,0,0,0,0,285,0,0,0,0,0,0
2025-11,HX-C0344,0,0,0,0,285,0,0,0,0,0,0
2025-12,HX-C0344,0,0,0,0,285,0,0,0,0,0,0
2026-01,HX-C0344,0,0,0,0,285,0,0,0,0,0,0
2026-02,HX-C0344,0,0,0,0,285,0,0,0,0,0,0
2026-03,HX-C0344,0,0,0,0,285,0,0,0,0,0,0
2026-04,HX-C0344,0,0,0,0,285,0,0,0,0,0,0
2026-05,HX-C0344,0,0,0,0,285,0,0,0,0,0,0
2026-06,HX-C0344,0,0,0,0,285,0,0,0,0,0,0
2026-07,HX-C0344,0,0,0,0,285,0,0,0,0,0,0
2025-02,HX-C0345,6,0,1,17980707,235,85000,507546,110579,27644,24394,162617
2025-03,HX-C0345,6,0,1,18212303,235,85000,512989,110998,27749,24486,163233
2025-04,HX-C0345,6,0,1,18743982,235,85000,525483,112915,28228,24909,166052
2025-05,HX-C0345,6,0,1,19228686,235,85000,536874,114560,28640,25271,168471
2025-06,HX-C0345,6,0,1,19402188,235,85000,540951,114620,28655,25285,168560
2025-07,HX-C0345,6,0,1,19809921,235,85000,550533,115827,28956,25551,170334
2025-08,HX-C0345,6,0,1,20102471,235,85000,557408,116439,29109,25687,171235
2025-09,HX-C0345,6,0,1,20535841,235,85000,567592,117718,29429,25968,173115
2025-10,HX-C0345,6,0,1,21268204,235,85000,584802,120413,30103,26562,177078
2025-11,HX-C0345,6,0,1,21848574,235,85000,598441,122325,30581,26985,179891
2025-12,HX-C0345,6,0,1,22255509,235,85000,608004,123371,30842,27215,181428
2026-01,HX-C0345,6,0,1,22588348,235,85000,615826,124036,31009,27362,182407
2026-02,HX-C0345,6,0,1,22931167,235,85000,623882,124726,31181,27514,183421
2026-03,HX-C0345,6,0,1,23328427,235,85000,633218,125645,31411,27717,184773
2026-04,HX-C0345,6,0,1,23993790,235,85000,648854,127777,31944,28187,187908
2026-05,HX-C0345,6,0,1,24742434,235,85000,666447,130244,32561,28731,191536
2026-06,HX-C0345,6,0,1,25243353,235,85000,678218,131530,32882,29015,193427
2026-07,HX-C0345,6,0,1,25469770,235,85000,683539,131539,32884,29018,193441
2025-05,HX-C0346,7,0,1,18835269,285,85000,621805,132682,33170,29270,195122
2025-06,HX-C0346,7,0,1,18998348,285,85000,626452,132737,33184,29281,195202
2025-07,HX-C0346,7,0,1,19867418,285,85000,651221,137011,34252,30224,201487
2025-08,HX-C0346,7,0,1,20337944,285,85000,664631,138838,34709,30627,204174
2025-09,HX-C0346,7,0,1,20559268,285,85000,670939,139152,34788,30696,204636
2025-10,HX-C0346,7,0,1,21229631,285,85000,690044,142082,35520,31343,208945
2025-11,HX-C0346,7,0,1,21921083,285,85000,709750,145078,36269,32003,213350
2025-12,HX-C0346,7,0,1,22322741,285,85000,721198,146339,36584,32282,215205
2026-01,HX-C0346,7,0,1,23116281,285,85000,743814,149815,37453,33049,220317
2026-02,HX-C0346,7,0,1,23070402,285,85000,742506,148441,37110,32745,218296
2026-03,HX-C0346,7,0,1,23724124,285,85000,761137,151027,37756,33316,222099
2026-04,HX-C0346,7,0,1,24203424,285,85000,774797,152579,38144,33658,224381
2026-05,HX-C0346,7,0,1,24399834,285,85000,780395,152513,38128,33644,224285
2026-06,HX-C0346,7,0,1,25396444,285,85000,808798,156854,39213,34602,230669
2026-07,HX-C0346,7,0,0,0,285,0,0,0,0,0,0
2024-11,HX-C0347,5,0,1,13402928,285,85000,466983,103838,25959,22906,152703
2024-12,HX-C0347,5,0,1,14034548,285,85000,484984,107114,26778,23630,157522
2025-01,HX-C0347,5,0,1,14141265,285,85000,488026,107057,26764,23616,157437
2025-02,HX-C0347,5,0,1,14373763,285,85000,494652,107770,26942,23774,158486
2025-03,HX-C0347,5,0,1,14948897,285,85000,511043,110576,27644,24393,162613
2025-04,HX-C0347,5,0,1,15366327,285,85000,522940,112369,28092,24788,165249
2025-05,HX-C0347,5,0,1,15888190,285,85000,537813,114760,28690,25315,168765
2025-06,HX-C0347,5,0,1,16609598,285,85000,558373,118312,29578,26099,173989
2025-07,HX-C0347,5,0,1,17188240,285,85000,574864,120946,30236,26680,177862
2025-08,HX-C0347,5,0,1,17679091,285,85000,588854,123008,30752,27135,180895
2025-09,HX-C0347,5,0,1,17927021,285,85000,595920,123593,30898,27264,181755
2025-10,HX-C0347,5,0,1,18565650,285,85000,614121,126449,31612,27894,185955
2025-11,HX-C0347,5,0,1,18595621,285,85000,614975,125705,31426,27730,184861
2025-12,HX-C0347,5,0,1,19419100,285,85000,638444,129547,32386,28578,190511
2026-01,HX-C0347,5,0,1,20024303,285,85000,655692,132066,33016,29133,194215
2026-02,HX-C0347,5,0,1,20833588,285,85000,678757,135696,33924,29934,199554
2026-03,HX-C0347,5,0,1,21603928,285,85000,700711,139037,34759,30671,204467
2026-04,HX-C0347,5,0,1,22289865,285,85000,720261,141839,35459,31289,208587
2026-05,HX-C0347,5,0,1,22959434,285,85000,739343,144491,36122,31874,212487
2026-06,HX-C0347,5,0,1,22913764,285,85000,738042,143132,35783,31574,210489
2026-07,HX-C0347,5,0,1,23406046,285,85000,752072,144728,36182,31926,212836
2024-02,HX-C0348,2,0,1,18521107,235,85000,520246,122686,30671,27064,180421
2024-03,HX-C0348,2,0,1,19183560,235,85000,535813,125555,31388,27698,184641
2024-04,HX-C0348,2,0,1,20034891,235,85000,555819,129412,32353,28547,190312
2024-05,HX-C0348,2,0,1,20982734,235,85000,578094,133733,33433,29501,196667
2024-06,HX-C0348,2,0,1,21623653,235,85000,593155,136330,34082,30074,200486
2024-07,HX-C0348,2,0,1,22207874,235,85000,606885,138577,34644,30570,203791
2024-08,HX-C0348,2,0,1,22879309,235,85000,622663,141249,35312,31159,207720
2024-09,HX-C0348,2,0,1,23449458,235,85000,636062,143337,35834,31619,210790
2024-10,HX-C0348,2,0,1,23982802,235,85000,648595,145191,36297,32029,213517
2024-11,HX-C0348,2,0,1,24307674,235,85000,656230,145919,36479,32189,214587
2024-12,HX-C0348,2,0,1,24555423,235,85000,662052,146223,36555,32256,215034
2025-01,HX-C0348,2,0,1,25462128,235,85000,683360,149906,37476,33069,220451
2025-02,HX-C0348,2,0,1,26086726,235,85000,698038,152082,38020,33549,223651
2025-03,HX-C0348,2,0,1,26888112,235,85000,716870,155113,38778,34217,228108
2025-04,HX-C0348,2,0,1,27359094,235,85000,727938,156419,39104,34505,230028
2025-05,HX-C0348,2,0,1,28179990,235,85000,747229,159446,39861,35173,234480
2025-06,HX-C0348,2,0,1,28156285,235,85000,746672,158210,39552,34900,232662
2025-07,HX-C0348,2,0,1,28632067,235,85000,757853,159445,39861,35173,234479
2025-08,HX-C0348,2,0,1,29206622,235,85000,771355,161132,40283,35545,236960
2025-09,HX-C0348,2,0,1,29749073,235,85000,784103,162622,40655,35874,239151
2025-10,HX-C0348,2,0,1,30446372,235,85000,800489,164823,41205,36360,242388
2025-11,HX-C0348,2,0,1,30739215,235,85000,807371,165032,41258,36405,242695
2025-12,HX-C0348,2,0,1,31706152,235,85000,830094,168436,42109,37155,247700
2026-01,HX-C0348,2,0,1,32429798,235,85000,847100,170619,42654,37638,250911
2026-02,HX-C0348,2,0,1,33591196,235,85000,874393,174808,43702,38561,257071
2026-03,HX-C0348,2,0,1,34213332,235,85000,889013,176400,44100,38913,259413
2026-04,HX-C0348,2,0,1,34985244,235,85000,907153,178643,44660,39408,262711
2026-05,HX-C0348,2,0,1,36381572,235,85000,939966,183699,45924,40523,270146
2026-06,HX-C0348,2,0,1,37038517,235,85000,955405,185287,46321,40873,272481
2026-07,HX-C0348,2,0,1,37813619,235,85000,973620,187363,46840,41331,275534
2024-05,HX-C0349,3,0,1,11067735,285,85000,400430,92633,23158,20435,136226
2024-06,HX-C0349,3,0,1,11087902,285,85000,401005,92166,23041,20332,135539
2024-07,HX-C0349,3,0,1,11178592,285,85000,403589,92157,23039,20329,135525
2024-08,HX-C0349,3,0,1,11478370,285,85000,412133,93491,23372,20624,137487
2024-09,HX-C0349,3,0,1,11805866,285,85000,421467,94978,23744,20952,139674
2024-10,HX-C0349,3,0,1,11929000,285,85000,424976,95133,23783,20986,139902
2024-11,HX-C0349,3,0,1,12238664,285,85000,433801,96459,24114,21279,141852
2024-12,HX-C0349,3,0,1,12783585,285,85000,449332,99241,24810,21892,145943
2025-01,HX-C0349,3,0,1,13106333,285,85000,458530,100586,25146,22189,147921
2025-02,HX-C0349,3,0,1,13377641,285,85000,466262,101585,25396,22409,149390
2025-03,HX-C0349,3,0,1,13850702,285,85000,479745,103804,25951,22899,152654
2025-04,HX-C0349,3,0,1,14278353,285,85000,491933,105706,26426,23318,155450
2025-05,HX-C0349,3,0,1,14994462,285,85000,512342,109324,27331,24117,160772
2025-06,HX-C0349,3,0,1,15561849,285,85000,528512,111985,27996,24703,164684
2025-07,HX-C0349,3,0,1,15762964,285,85000,534244,112400,28100,24795,165295
2025-08,HX-C0349,3,0,1,16167748,285,85000,545780,114010,28502,25151,167663
2025-09,HX-C0349,3,0,1,16728538,285,85000,561763,116509,29127,25701,171337
2025-10,HX-C0349,3,0,1,17341573,285,85000,579234,119266,29816,26310,175392
2025-11,HX-C0349,3,0,1,17663984,285,85000,588423,120277,30069,26533,176879
2025-12,HX-C0349,3,0,1,17912390,285,85000,595503,120834,30208,26656,177698
2026-01,HX-C0349,3,0,1,18143075,285,85000,602077,121267,30316,26752,178335
2026-02,HX-C0349,3,0,1,18793514,285,85000,620615,124072,31018,27370,182460
2026-03,HX-C0349,3,0,1,19181528,285,85000,631673,125338,31334,27650,184322
2026-04,HX-C0349,3,0,1,19586407,285,85000,643212,126666,31666,27942,186274
2026-05,HX-C0349,3,0,1,20367755,285,85000,665481,130056,32514,28689,191259
2026-06,HX-C0349,3,0,1,21138071,285,85000,687435,133318,33329,29409,196056
2026-07,HX-C0349,3,0,1,21873810,285,85000,708403,136325,34081,30072,200478
2023-08,HX-C0350,0,0,1,50863846,285,85000,1534619,375674,93918,82870,552462
2023-09,HX-C0350,0,0,1,51826253,285,85000,1562048,380052,95013,83835,558900
2023-10,HX-C0350,0,0,1,52973712,285,85000,1594750,385623,96405,85065,567093
2023-11,HX-C0350,0,0,1,53578743,285,85000,1611994,387381,96845,85452,569678
2023-12,HX-C0350,0,0,1,55236916,285,85000,1659252,396255,99063,87411,582729
2024-01,HX-C0350,0,0,1,56043818,285,85000,1682248,399230,99807,88067,587104
2024-02,HX-C0350,0,0,1,57847738,285,85000,1733660,408838,102209,90186,601233
2024-03,HX-C0350,0,0,1,59741170,285,85000,1787623,418889,104722,92403,616014
2024-04,HX-C0350,0,0,1,61227382,285,85000,1829980,426077,106519,93989,626585
2024-05,HX-C0350,0,0,1,62749398,285,85000,1873357,433374,108343,95599,637316
2024-06,HX-C0350,0,0,1,64639443,285,85000,1927224,442952,110738,97711,651401
2024-07,HX-C0350,0,0,1,65996348,285,85000,1965895,448899,112224,99024,660147
2024-08,HX-C0350,0,0,1,67527359,285,85000,2009529,455857,113964,100557,670378
2024-09,HX-C0350,0,0,1,69885142,285,85000,2076726,467993,116998,103235,688226
2024-10,HX-C0350,0,0,1,72045835,285,85000,2138306,478672,119668,105590,703930
2024-11,HX-C0350,0,0,1,73787778,285,85000,2187951,486512,121628,107319,715459
2024-12,HX-C0350,0,0,1,74911216,285,85000,2219969,490310,122577,108158,721045
2025-01,HX-C0350,0,0,1,77863505,285,85000,2304109,505447,126361,111497,743305
2025-02,HX-C0350,0,0,1,78309376,285,85000,2316817,504769,126192,111347,742308
2025-03,HX-C0350,0,0,1,80909238,285,85000,2390913,517335,129333,114120,760788
2025-04,HX-C0350,0,0,1,83430103,285,85000,2462757,529197,132299,116735,778231
2025-05,HX-C0350,0,0,1,85699110,285,85000,2527424,539311,134827,118967,793105
2025-06,HX-C0350,0,0,1,86328862,285,85000,2545372,539333,134833,118971,793137
2025-07,HX-C0350,0,0,1,87817843,285,85000,2587808,544453,136113,120101,800667
2025-08,HX-C0350,0,0,1,90099058,285,85000,2652823,554163,138540,122244,814947
2025-09,HX-C0350,0,0,1,91755657,285,85000,2700036,559986,139996,123528,823510
2025-10,HX-C0350,0,0,1,95104175,285,85000,2795468,575597,143899,126971,846467
2025-11,HX-C0350,0,0,1,95805096,285,85000,2815445,575498,143874,126950,846322
2025-12,HX-C0350,0,0,1,96644102,285,85000,2839356,576138,144034,127091,847263
2026-01,HX-C0350,0,0,1,99175482,285,85000,2911501,586422,146605,129359,862386
2026-02,HX-C0350,0,0,1,102387520,285,85000,3003044,600367,150091,132436,882894
2026-03,HX-C0350,0,0,1,103852749,285,85000,3044803,604161,151040,133272,888473
2026-04,HX-C0350,0,0,1,105779991,285,85000,3099729,610423,152605,134653,897681
2026-05,HX-C0350,0,0,1,108230883,285,85000,3169580,619437,154859,136641,910937
2026-06,HX-C0350,0,0,1,109919154,285,85000,3217695,624026,156006,137654,917686
2026-07,HX-C0350,0,0,1,113674160,285,85000,3324713,639807,159951,141135,940893
2024-02,HX-C0351,2,0,1,57119271,235,85000,1427302,336591,84147,74250,494988
2024-03,HX-C0351,2,0,1,59031705,235,85000,1472245,344987,86246,76102,507335
2024-04,HX-C0351,2,0,1,60577007,235,85000,1508559,351240,87810,77480,516530
2024-05,HX-C0351,2,0,1,62058991,235,85000,1543386,357040,89260,78759,525059
2024-06,HX-C0351,2,0,1,64300024,235,85000,1596050,366835,91708,80921,539464
2024-07,HX-C0351,2,0,1,66890387,235,85000,1656924,378348,94587,83460,556395
2024-08,HX-C0351,2,0,1,69164642,235,85000,1710369,387993,96998,85588,570579
2024-09,HX-C0351,2,0,1,71510155,235,85000,1765488,397855,99463,87764,585082
2024-10,HX-C0351,2,0,1,72741331,235,85000,1794421,401691,100422,88610,590723
2024-11,HX-C0351,2,0,1,72885054,235,85000,1797798,399757,99939,88183,587879
2024-12,HX-C0351,2,0,1,76197934,235,85000,1875651,414263,103565,91383,609211
2025-01,HX-C0351,2,0,1,77104961,235,85000,1896966,416133,104033,91795,611961
2025-02,HX-C0351,2,0,1,78725786,235,85000,1935055,421593,105398,93000,619991
2025-03,HX-C0351,2,0,1,80816928,235,85000,1984197,429332,107333,94706,631371
2025-04,HX-C0351,2,0,1,82748805,235,85000,2029596,436119,109029,96204,641352
2025-05,HX-C0351,2,0,1,85591384,235,85000,2096397,447337,111834,98678,657849
2025-06,HX-C0351,2,0,1,87444092,235,85000,2139936,453426,113356,100022,666804
2025-07,HX-C0351,2,0,1,89810313,235,85000,2195542,461924,115481,101895,679300
2025-08,HX-C0351,2,0,1,89597770,235,85000,2190547,457596,114399,100941,672936
2025-09,HX-C0351,2,0,1,91238612,235,85000,2229107,462316,115579,101982,679877
2025-10,HX-C0351,2,0,1,92794299,235,85000,2265666,466509,116627,102907,686043
2025-11,HX-C0351,2,0,1,96855891,235,85000,2361113,482630,120657,106463,709750
2025-12,HX-C0351,2,0,1,101083751,235,85000,2460468,499258,124814,110131,734203
2026-01,HX-C0351,2,0,1,104384883,235,85000,2538044,511202,127800,112766,751768
2026-02,HX-C0351,2,0,1,107048669,235,85000,2600643,519920,129980,114689,764589
2026-03,HX-C0351,2,0,1,105615816,235,85000,2566971,509348,127337,112357,749042
2026-04,HX-C0351,2,0,1,108825254,235,85000,2642393,520361,130090,114786,765237
2026-05,HX-C0351,2,0,1,112689278,235,85000,2733198,534154,133538,117829,785521
2026-06,HX-C0351,2,0,1,113981003,235,85000,2763553,535952,133988,118225,788165
2026-07,HX-C0351,2,0,1,114353994,235,85000,2772318,533504,133376,117685,784565
2024-02,HX-C0352,2,0,1,89816725,285,85000,2644776,623701,155925,137582,917208
2024-03,HX-C0352,2,0,1,93350054,285,85000,2745476,643341,160835,141915,946091
2024-04,HX-C0352,2,0,1,96033061,285,85000,2821942,657037,164259,144936,966232
2024-05,HX-C0352,2,0,1,97834805,285,85000,2873291,664695,166173,146625,977493
2024-06,HX-C0352,2,0,1,99974192,285,85000,2934264,674411,168602,148768,991781
2024-07,HX-C0352,2,0,1,100243758,285,85000,2941947,671775,167943,148187,987905
2024-08,HX-C0352,2,0,1,102449685,285,85000,3004816,681636,170409,150361,1002406
2024-09,HX-C0352,2,0,1,104502896,285,85000,3063332,690327,172581,152280,1015188
2024-10,HX-C0352,2,0,1,106404834,285,85000,3117537,697879,174469,153945,1026293
2024-11,HX-C0352,2,0,1,109071840,285,85000,3193547,710116,177529,156644,1044289
2024-12,HX-C0352,2,0,1,112914168,285,85000,3303053,729525,182381,160925,1072831
2025-01,HX-C0352,2,0,1,115842191,285,85000,3386502,742889,185722,163874,1092485
2025-02,HX-C0352,2,0,1,120843377,285,85000,3529036,768878,192219,169606,1130703
2025-03,HX-C0352,2,0,1,123362581,285,85000,3600833,779133,194783,171869,1145785
2025-04,HX-C0352,2,0,1,123387615,285,85000,3601547,773899,193474,170715,1138088
2025-05,HX-C0352,2,0,1,126086571,285,85000,3678467,784925,196231,173146,1154302
2025-06,HX-C0352,2,0,1,129808997,285,85000,3784556,801901,200475,176891,1179267
2025-07,HX-C0352,2,0,1,134553000,285,85000,3919760,824685,206171,181917,1212773
2025-08,HX-C0352,2,0,1,139878040,285,85000,4071524,850524,212631,187617,1250772
2025-09,HX-C0352,2,0,1,143040266,285,85000,4161647,863125,215781,190396,1269302
2025-10,HX-C0352,2,0,1,143891796,285,85000,4185916,861896,215474,190125,1267495
2025-11,HX-C0352,2,0,1,146168423,285,85000,4250800,868897,217224,191669,1277790
2025-12,HX-C0352,2,0,1,148692074,285,85000,4322724,877132,219283,193485,1289900
2026-01,HX-C0352,2,0,1,150407662,285,85000,4371618,880513,220128,194232,1294873
2026-02,HX-C0352,2,0,1,153440431,285,85000,4458052,891253,222813,196601,1310667
2026-03,HX-C0352,2,0,1,158822758,285,85000,4611448,915021,228755,201844,1345620
2026-04,HX-C0352,2,0,1,164529821,285,85000,4774099,940153,235038,207388,1382579
2026-05,HX-C0352,2,0,1,170917329,285,85000,4956143,968588,242147,213660,1424395
2026-06,HX-C0352,2,0,1,175471075,285,85000,5085925,986343,246585,217577,1450505
2026-07,HX-C0352,2,0,1,180322806,285,85000,5224199,1005344,251336,221768,1478448
2025-02,HX-C0353,6,0,1,66404003,285,85000,1977514,430844,107711,95040,633595
2025-03,HX-C0353,6,0,1,67179981,285,85000,1999629,432671,108167,95443,636281
2025-04,HX-C0353,6,0,1,70549055,285,85000,2095648,450312,112578,99334,662224
2025-05,HX-C0353,6,0,1,71690761,285,85000,2128186,454120,113530,100174,667824
2025-06,HX-C0353,6,0,1,73750708,285,85000,2186895,463376,115844,102216,681436
2025-07,HX-C0353,6,0,1,76453476,285,85000,2263924,476311,119077,105070,700458
2025-08,HX-C0353,6,0,1,77105241,285,85000,2282499,476804,119201,105178,701183
2025-09,HX-C0353,6,0,1,80259988,285,85000,2372409,492037,123009,108538,723584
2025-10,HX-C0353,6,0,1,82345410,285,85000,2431844,500726,125181,110455,736362
2025-11,HX-C0353,6,0,1,83697963,285,85000,2470391,504967,126241,111391,742599
2025-12,HX-C0353,6,0,1,85571579,285,85000,2523790,512106,128026,112966,753098
2026-01,HX-C0353,6,0,1,87087976,285,85000,2567007,517035,129258,114054,760347
2026-02,HX-C0353,6,0,1,89041598,285,85000,2622685,524326,131081,115662,771069
2026-03,HX-C0353,6,0,1,91151028,285,85000,2682804,532332,133083,117427,782842
2026-04,HX-C0353,6,0,1,93685820,285,85000,2755045,542545,135636,119680,797861
2026-05,HX-C0353,6,0,1,95327856,285,85000,2801843,547569,136892,120788,805249
2026-06,HX-C0353,6,0,1,99056252,285,85000,2908103,563985,140996,124409,829390
2026-07,HX-C0353,6,0,1,99446264,285,85000,2919218,561773,140443,123922,826138
2025-11,HX-C0354,9,0,1,45123320,285,85000,1371014,280245,70061,61820,412126
2025-12,HX-C0354,9,0,1,45695766,285,85000,1387329,281505,70376,62097,413978
2026-01,HX-C0354,9,0,1,47510216,285,85000,1439041,289845,72461,63937,426243
2026-02,HX-C0354,9,0,1,48446358,285,85000,1465721,293026,73256,64639,430921
2026-03,HX-C0354,9,0,0,0,285,0,0,0,0,0,0
2026-04,HX-C0354,9,0,0,0,285,0,0,0,0,0,0
2026-05,HX-C0354,9,0,0,0,285,0,0,0,0,0,0
2026-06,HX-C0354,9,0,0,0,285,0,0,0,0,0,0
2026-07,HX-C0354,9,0,0,0,285,0,0,0,0,0,0
2025-05,HX-C0355,7,0,1,9053477,285,85000,343024,73195,18298,16147,107640
2025-06,HX-C0355,7,0,1,9309705,285,85000,350326,74229,18557,16375,109161
2025-07,HX-C0355,7,0,1,9721582,285,85000,362065,76174,19043,16805,112022
2025-08,HX-C0355,7,0,1,9845473,285,85000,365595,76370,19092,16848,112310
2025-09,HX-C0355,7,0,1,10073299,285,85000,372089,77171,19292,17024,113487
2025-10,HX-C0355,7,0,1,10500174,285,85000,384254,79119,19779,17454,116352
2025-11,HX-C0355,7,0,1,10814595,285,85000,393215,80376,20094,17730,118200
2025-12,HX-C0355,7,0,1,11029042,285,85000,399327,81028,20257,17874,119159
2026-01,HX-C0355,7,0,1,11200914,285,85000,404226,81417,20354,17960,119731
2026-02,HX-C0355,7,0,1,11481687,285,85000,412228,82412,20603,18180,121195
2026-03,HX-C0355,7,0,1,11695318,285,85000,418316,83003,20750,18311,122064
2026-04,HX-C0355,7,0,1,11825120,285,85000,422015,83106,20776,18333,122215
2026-05,HX-C0355,7,0,1,12210229,285,85000,432991,84619,21154,18668,124441
2026-06,HX-C0355,7,0,1,12520863,285,85000,441844,85688,21422,18903,126013
2026-07,HX-C0355,7,0,1,12822241,285,85000,450433,86680,21670,19122,127472
2025-02,HX-C0356,6,0,1,20732225,285,85000,675868,147252,36813,32483,216548
2025-03,HX-C0356,6,0,1,21244792,285,85000,690476,149402,37350,32957,219709
2025-04,HX-C0356,6,0,1,21577846,285,85000,699968,150408,37602,33179,221189
2025-05,HX-C0356,6,0,1,21790357,285,85000,706025,150654,37663,33233,221550
2025-06,HX-C0356,6,0,1,22327873,285,85000,721344,152843,38210,33717,224770
2025-07,HX-C0356,6,0,1,22618081,285,85000,729615,153504,38376,33862,225742
2025-08,HX-C0356,6,0,1,23464392,285,85000,753735,157451,39362,34734,231547
2025-09,HX-C0356,6,0,1,24246924,285,85000,776037,160949,40237,35505,236691
2025-10,HX-C0356,6,0,1,25089712,285,85000,800056,164734,41183,36339,242256
2025-11,HX-C0356,6,0,1,24881061,285,85000,794110,162322,40580,35807,238709
2025-12,HX-C0356,6,0,1,25177021,285,85000,802545,162845,40711,35923,239479
2026-01,HX-C0356,6,0,1,25904166,285,85000,823268,165818,41454,36579,243851
2026-02,HX-C0356,6,0,1,26925969,285,85000,852390,170409,42602,37591,250602
2026-03,HX-C0356,6,0,1,27397890,285,85000,865839,171802,42950,37899,252651
2026-04,HX-C0356,6,0,1,28712603,285,85000,903309,177886,44471,39241,261598
2026-05,HX-C0356,6,0,1,29071273,285,85000,913531,178532,44633,39383,262548
2026-06,HX-C0356,6,0,1,29404635,285,85000,923032,179008,44752,39488,263248
2026-07,HX-C0356,6,0,1,29856885,285,85000,935921,180108,45027,39730,264865
2025-02,HX-C0357,6,0,1,16909120,285,85000,566909,123513,30878,27246,181637
2025-03,HX-C0357,6,0,1,17423104,285,85000,581558,125834,31458,27759,185051
2025-04,HX-C0357,6,0,1,17788133,285,85000,591961,127200,31800,28059,187059
2025-05,HX-C0357,6,0,1,18526715,285,85000,613011,130806,32701,28855,192362
2025-06,HX-C0357,6,0,1,18922019,285,85000,624277,132276,33069,29179,194524
2025-07,HX-C0357,6,0,1,19291986,285,85000,634821,133560,33390,29463,196413
2025-08,HX-C0357,6,0,1,20065619,285,85000,656870,137217,34304,30269,201790
2025-09,HX-C0357,6,0,1,20582734,285,85000,671607,139291,34822,30727,204840
2025-10,HX-C0357,6,0,1,21006043,285,85000,683672,140770,35192,31053,207015
2025-11,HX-C0357,6,0,1,21381763,285,85000,694380,141936,35484,31310,208730
2025-12,HX-C0357,6,0,1,22263237,285,85000,719502,145995,36498,32206,214699
2026-01,HX-C0357,6,0,1,23375038,285,85000,751188,151300,37825,33376,222501
2026-02,HX-C0357,6,0,1,23924820,285,85000,766857,153309,38327,33819,225455
2026-03,HX-C0357,6,0,1,25087415,285,85000,799991,158737,39684,35016,233437
2026-04,HX-C0357,6,0,1,25873095,285,85000,822383,161950,40487,35725,238162
2026-05,HX-C0357,6,0,1,26369461,285,85000,836529,163484,40871,36063,240418
2026-06,HX-C0357,6,0,1,26452900,285,85000,838907,162694,40673,35889,239256
2026-07,HX-C0357,6,0,1,27003129,285,85000,854589,164456,41114,36278,241848
2025-11,HX-C0358,9,0,1,13325246,285,85000,464769,95002,23750,20957,139709
2025-12,HX-C0358,9,0,1,13645823,285,85000,473905,96160,24040,21213,141413
2026-01,HX-C0358,9,0,1,14031793,285,85000,484906,97667,24416,21546,143629
2026-02,HX-C0358,9,0,1,14523090,285,85000,498908,99741,24935,22002,146678
2026-03,HX-C0358,9,0,1,15009732,285,85000,512777,101747,25436,22445,149628
2026-04,HX-C0358,9,0,1,15355673,285,85000,522636,102921,25730,22704,151355
2026-05,HX-C0358,9,0,1,16072835,285,85000,543075,106133,26533,23413,156079
2026-06,HX-C0358,9,0,1,16556436,285,85000,556858,107994,26998,23823,158815
2026-07,HX-C0358,9,0,1,17385512,285,85000,580487,111708,27927,24642,164277
2024-08,HX-C0359,4,0,1,104752731,235,85000,2546689,577711,144427,127437,849575
2024-09,HX-C0359,4,0,1,107243455,235,85000,2605221,587091,146772,129507,863370
2024-10,HX-C0359,4,0,1,110418082,235,85000,2679824,599894,149973,132331,882198
2024-11,HX-C0359,4,0,1,112313595,235,85000,2724369,605790,151447,133631,890868
2024-12,HX-C0359,4,0,1,115433608,235,85000,2797689,617908,154477,136304,908689
2025-01,HX-C0359,4,0,1,116445244,235,85000,2821463,618938,154734,136531,910203
2025-02,HX-C0359,4,0,1,120166408,235,85000,2908910,633769,158442,139803,932014
2025-03,HX-C0359,4,0,1,122574699,235,85000,2965505,641663,160415,141545,943623
2025-04,HX-C0359,4,0,1,126269501,235,85000,3052333,655885,163971,144681,964537
2025-05,HX-C0359,4,0,1,126945131,235,85000,3068210,654706,163676,144422,962804
2025-06,HX-C0359,4,0,1,128959051,235,85000,3115537,660144,165036,145621,970801
2025-07,HX-C0359,4,0,1,132845465,235,85000,3206868,674698,168674,148832,992204
2025-08,HX-C0359,4,0,1,134431981,235,85000,3244151,677690,169422,149491,996603
2025-09,HX-C0359,4,0,1,139504880,235,85000,3363364,697561,174390,153875,1025826
2025-10,HX-C0359,4,0,1,144701976,235,85000,3485496,717677,179419,158312,1055408
2025-11,HX-C0359,4,0,1,146916822,235,85000,3537545,723102,180775,159509,1063386
2025-12,HX-C0359,4,0,1,154152396,235,85000,3707581,752312,188078,165952,1106342
2026-01,HX-C0359,4,0,1,160072015,235,85000,3846692,774785,193696,170909,1139390
2026-02,HX-C0359,4,0,1,161665490,235,85000,3884139,776516,194129,171291,1141936
2026-03,HX-C0359,4,0,1,166753764,235,85000,4003713,794432,198608,175243,1168283
2026-04,HX-C0359,4,0,1,170652072,235,85000,4095323,806483,201620,177902,1186005
2026-05,HX-C0359,4,0,1,173873573,235,85000,4171028,815152,203788,179813,1198753
2026-06,HX-C0359,4,0,1,180038153,235,85000,4315896,837007,209251,184635,1230893
2026-07,HX-C0359,4,0,1,180966213,235,85000,4337706,834747,208686,184137,1227570
2025-02,HX-C0360,6,0,1,27158451,285,85000,859015,187155,46788,41285,275228
2025-03,HX-C0360,6,0,1,27601094,285,85000,871631,188599,47149,41604,277352
2025-04,HX-C0360,6,0,1,28359864,285,85000,893256,191942,47985,42341,282268
2025-05,HX-C0360,6,0,1,29437638,285,85000,923972,197160,49290,43492,289942
2025-06,HX-C0360,6,0,1,30117741,285,85000,943355,199885,49971,44093,293949
2025-07,HX-C0360,6,0,1,31026405,285,85000,969252,203922,50980,44984,299886
2025-08,HX-C0360,6,0,1,31684474,285,85000,988007,206390,51597,45528,303515
2025-09,HX-C0360,6,0,1,32532190,285,85000,1012167,209922,52480,46308,308710
2025-10,HX-C0360,6,0,1,33415028,285,85000,1037328,213589,53397,47116,314102
2025-11,HX-C0360,6,0,1,33976246,285,85000,1053323,215307,53826,47495,316628
2025-12,HX-C0360,6,0,1,34314801,285,85000,1062971,215689,53922,47579,317190
2026-01,HX-C0360,6,0,1,35276935,285,85000,1090392,219622,54905,48447,322974
2026-02,HX-C0360,6,0,1,35644870,285,85000,1100878,220087,55021,48550,323658
2026-03,HX-C0360,6,0,1,37017057,285,85000,1139986,226199,56549,49899,332647
2026-04,HX-C0360,6,0,0,0,285,0,0,0,0,0,0
2026-05,HX-C0360,6,0,0,0,285,0,0,0,0,0,0
2026-06,HX-C0360,6,0,0,0,285,0,0,0,0,0,0
2026-07,HX-C0360,6,0,0,0,285,0,0,0,0,0,0
2023-08,HX-C0361,0,0,1,11793563,285,85000,421116,103088,25772,22741,151601
2023-09,HX-C0361,0,0,1,11658560,285,85000,417268,101522,25380,22396,149298
2023-10,HX-C0361,0,0,1,11925945,285,85000,424889,102741,25685,22664,151090
2023-11,HX-C0361,0,0,1,12062738,285,85000,428788,103042,25760,22731,151533
2023-12,HX-C0361,0,0,1,12349870,285,85000,436971,104355,26088,23021,153464
2024-01,HX-C0361,0,0,1,12587723,285,85000,443750,105310,26327,23231,154868
2024-02,HX-C0361,0,0,1,13075364,285,85000,457647,107923,26980,23808,158711
2024-03,HX-C0361,0,0,1,13653362,285,85000,474120,111099,27774,24508,163381
2024-04,HX-C0361,0,0,1,14201522,285,85000,489743,114027,28506,25155,167688
2024-05,HX-C0361,0,0,1,14508511,285,85000,498492,115318,28829,25439,169586
2024-06,HX-C0361,0,0,1,14971331,285,85000,511682,117604,29401,25943,172948
2024-07,HX-C0361,0,0,1,15341361,285,85000,522228,119247,29811,26306,175364
2024-08,HX-C0361,0,0,1,15334837,285,85000,522042,118424,29606,26123,174153
2024-09,HX-C0361,0,0,1,15697069,285,85000,532366,119969,29992,26465,176426
2024-10,HX-C0361,0,0,1,16042174,285,85000,542201,121374,30343,26775,178492
2024-11,HX-C0361,0,0,1,16300850,285,85000,549574,122202,30550,26958,179710
2024-12,HX-C0361,0,0,1,16451037,285,85000,553854,122325,30581,26985,179891
2025-01,HX-C0361,0,0,1,17115673,285,85000,572796,125652,31413,27718,184783
2025-02,HX-C0361,0,0,1,17248829,285,85000,576591,125622,31405,27712,184739
2025-03,HX-C0361,0,0,1,18040564,285,85000,599156,129642,32410,28599,190651
2025-04,HX-C0361,0,0,1,18414381,285,85000,609809,131035,32758,28906,192699
2025-05,HX-C0361,0,0,1,18891702,285,85000,623413,133025,33256,29345,195626
2025-06,HX-C0361,0,0,1,19381826,285,85000,637382,135053,33763,29792,198608
2025-07,HX-C0361,0,0,1,19490386,285,85000,640476,134750,33687,29726,198163
2025-08,HX-C0361,0,0,1,20123094,285,85000,658508,137559,34389,30345,202293
2025-09,HX-C0361,0,0,1,20680091,285,85000,674382,139866,34966,30854,205686
2025-10,HX-C0361,0,0,1,21426463,285,85000,695654,143237,35809,31598,210644
2025-11,HX-C0361,0,0,1,21554145,285,85000,699293,142940,35735,31532,210207
2025-12,HX-C0361,0,0,1,22486876,285,85000,725875,147288,36822,32491,216601
2026-01,HX-C0361,0,0,1,23472509,285,85000,753966,151860,37965,33499,223324
2026-02,HX-C0361,0,0,1,23585560,285,85000,757188,151376,37844,33393,222613
2026-03,HX-C0361,0,0,1,23674161,285,85000,759713,150745,37686,33253,221684
2026-04,HX-C0361,0,0,1,24527188,285,85000,784024,154396,38599,34058,227053
2026-05,HX-C0361,0,0,1,24701956,285,85000,789005,154196,38549,34015,226760
2026-06,HX-C0361,0,0,1,25971737,285,85000,825194,160034,40008,35303,235345
2026-07,HX-C0361,0,0,1,26318833,285,85000,835086,160703,40175,35451,236329
2026-05,HX-C0362,11,0,1,3406782,235,85000,165059,32257,8064,7116,47437
2026-06,HX-C0362,11,0,1,3439298,235,85000,165823,32158,8039,7095,47292
2026-07,HX-C0362,11,0,1,3549268,235,85000,168407,32408,8102,7149,47659
2025-08,HX-C0363,8,0,1,7921369,235,85000,271152,56641,14160,12496,83297
2025-09,HX-C0363,8,0,1,8188639,235,85000,277433,57539,14384,12694,84617
2025-10,HX-C0363,8,0,1,8441096,235,85000,283365,58345,14586,12871,85802
2025-11,HX-C0363,8,0,1,8693036,235,85000,289286,59132,14783,13044,86959
2025-12,HX-C0363,8,0,1,9160658,235,85000,300275,60929,15232,13441,89602
2026-01,HX-C0363,8,0,1,9456711,235,85000,307232,61881,15470,13651,91002
2026-02,HX-C0363,8,0,1,9700790,235,85000,312968,62568,15642,13802,92012
2026-03,HX-C0363,8,0,1,9970775,235,85000,319313,63359,15839,13977,93175
2026-04,HX-C0363,8,0,1,10361127,235,85000,328486,64687,16171,14271,95129
2026-05,HX-C0363,8,0,1,10632055,235,85000,334853,65440,16360,14436,96236
2026-06,HX-C0363,8,0,1,10828201,235,85000,339462,65833,16458,14523,96814
2026-07,HX-C0363,8,0,1,11168949,235,85000,347470,66867,16716,14751,98334
2024-11,HX-C0364,5,0,1,8394376,285,85000,324239,72097,18024,15905,106026
2024-12,HX-C0364,5,0,1,8450564,285,85000,325841,71966,17991,15876,105833
2025-01,HX-C0364,5,0,1,8779622,285,85000,335219,73535,18383,16223,108141
2025-02,HX-C0364,5,0,1,9129772,285,85000,345198,75208,18802,16591,110601
2025-03,HX-C0364,5,0,1,9270092,285,85000,349197,75557,18889,16668,111114
2025-04,HX-C0364,5,0,1,9557450,285,85000,357387,76795,19198,16941,112934
2025-05,HX-C0364,5,0,1,9799405,285,85000,364283,77732,19433,17147,114312
2025-06,HX-C0364,5,0,1,10025906,285,85000,370738,78554,19638,17329,115521
2025-07,HX-C0364,5,0,1,10280475,285,85000,377993,79526,19881,17544,116951
2025-08,HX-C0364,5,0,1,10652773,285,85000,388604,81177,20294,17908,119379
2025-09,HX-C0364,5,0,1,10836902,285,85000,393851,81684,20421,18019,120124
2025-10,HX-C0364,5,0,1,11169541,285,85000,403331,83047,20761,18320,122128
2025-11,HX-C0364,5,0,1,11516399,285,85000,413217,84464,21116,18633,124213
2025-12,HX-C0364,5,0,1,11835047,285,85000,422298,85688,21422,18903,126013
2026-01,HX-C0364,5,0,1,12283273,285,85000,435073,87630,21907,19331,128868
2026-02,HX-C0364,5,0,1,12792619,285,85000,449589,89881,22470,19828,132179
2026-03,HX-C0364,5,0,1,13036322,285,85000,456535,90586,22646,19984,133216
2026-04,HX-C0364,5,0,1,13399405,285,85000,466883,91942,22985,20282,135209
2026-05,HX-C0364,5,0,1,13835066,285,85000,479299,93670,23417,20663,137750
2026-06,HX-C0364,5,0,1,14346660,285,85000,493879,95780,23945,21129,140854
2026-07,HX-C0364,5,0,1,14524735,285,85000,498954,96018,24004,21181,141203
2023-08,HX-C0365,0,0,1,16415734,285,85000,552848,135337,33834,29854,199025
2023-09,HX-C0365,0,0,1,16971692,285,85000,568693,138365,34591,30522,203478
2023-10,HX-C0365,0,0,1,17416121,285,85000,581359,140577,35144,31010,206731
2023-11,HX-C0365,0,0,1,17972768,285,85000,597223,143519,35879,31660,211058
2023-12,HX-C0365,0,0,1,17980681,285,85000,597449,142680,35670,31474,209824
2024-01,HX-C0365,0,0,1,18414143,285,85000,609803,144718,36179,31924,212821
2024-02,HX-C0365,0,0,1,18909702,285,85000,623926,147136,36784,32457,216377
2024-03,HX-C0365,0,0,1,19661992,285,85000,645366,151227,37806,33360,222393
2024-04,HX-C0365,0,0,1,20241920,285,85000,661894,154109,38527,33996,226632
2024-05,HX-C0365,0,0,1,20883260,285,85000,680172,157347,39336,34711,231394
2024-06,HX-C0365,0,0,1,21126797,285,85000,687113,157925,39481,34838,232244
2024-07,HX-C0365,0,0,1,21879150,285,85000,708555,161793,40448,35691,237932
2024-08,HX-C0365,0,0,1,22786712,285,85000,734421,166601,41650,36751,245002
2024-09,HX-C0365,0,0,1,22885451,285,85000,737235,166136,41534,36649,244319
2024-10,HX-C0365,0,0,1,23272860,285,85000,748276,167505,41876,36951,246332
2024-11,HX-C0365,0,0,1,23633208,285,85000,758546,168669,42167,37208,248044
2024-12,HX-C0365,0,0,1,24012034,285,85000,769342,169919,42479,37484,249882
2025-01,HX-C0365,0,0,1,24887140,285,85000,794283,174239,43559,38437,256235
2025-02,HX-C0365,0,0,1,25740869,285,85000,818614,178352,44588,39343,262283
2025-03,HX-C0365,0,0,1,26558365,285,85000,841913,182169,45542,40185,267896
2025-04,HX-C0365,0,0,1,27172570,285,85000,859418,184671,46167,40738,271576
2025-05,HX-C0365,0,0,1,28348052,285,85000,892919,190533,47633,42031,280197
2025-06,HX-C0365,0,0,1,28412315,285,85000,894750,189586,47396,41822,278804
2025-07,HX-C0365,0,0,1,29754526,285,85000,933003,196296,49074,43301,288671
2025-08,HX-C0365,0,0,1,29715408,285,85000,931889,194667,48666,42943,286276
2025-09,HX-C0365,0,0,1,30679094,285,85000,959354,198969,49742,43891,292602
2025-10,HX-C0365,0,0,1,32661687,285,85000,1015858,209168,52292,46141,307601
2025-11,HX-C0365,0,0,1,33039392,285,85000,1026622,209849,52462,46291,308602
2025-12,HX-C0365,0,0,1,34033431,285,85000,1054952,214061,53515,47221,314797
2026-01,HX-C0365,0,0,1,35224445,285,85000,1088896,219320,54830,48380,322530
2026-02,HX-C0365,0,0,0,0,285,0,0,0,0,0,0
2026-03,HX-C0365,0,0,0,0,285,0,0,0,0,0,0
2026-04,HX-C0365,0,0,0,0,285,0,0,0,0,0,0
2026-05,HX-C0365,0,0,0,0,285,0,0,0,0,0,0
2026-06,HX-C0365,0,0,0,0,285,0,0,0,0,0,0
2026-07,HX-C0365,0,0,0,0,285,0,0,0,0,0,0
2026-02,HX-C0366,10,0,1,11149066,235,85000,347003,69372,17343,15303,102018
2026-03,HX-C0366,10,0,1,11572806,235,85000,356960,70828,17707,15625,104160
2026-04,HX-C0366,10,0,1,11717490,235,85000,360361,70964,17741,15655,104360
2026-05,HX-C0366,10,0,1,11937504,235,85000,365531,71436,17859,15758,105053
2026-06,HX-C0366,10,0,1,12301360,235,85000,374081,72547,18136,16004,106687
2026-07,HX-C0366,10,0,1,12775000,235,85000,385212,74129,18532,16353,109014
2024-05,HX-C0367,3,0,1,56446455,285,85000,1693723,391818,97954,86432,576204
2024-06,HX-C0367,3,0,1,58264892,285,85000,1745549,401196,100299,88500,589995
2024-07,HX-C0367,3,0,1,59221509,285,85000,1772813,404810,101202,89298,595310
2024-08,HX-C0367,3,0,1,61159401,285,85000,1828042,414687,103671,91476,609834
2024-09,HX-C0367,3,0,1,62420235,285,85000,1863976,420050,105012,92659,617721
2024-10,HX-C0367,3,0,1,64114647,285,85000,1912267,428072,107018,94428,629518
2024-11,HX-C0367,3,0,1,66571944,285,85000,1982300,440784,110196,97232,648212
2024-12,HX-C0367,3,0,1,67483279,285,85000,2008273,443555,110888,97844,652287
2025-01,HX-C0367,3,0,1,69172631,285,85000,2056419,451112,112778,99510,663400
2025-02,HX-C0367,3,0,1,69660143,285,85000,2070314,451063,112765,99500,663328
2025-03,HX-C0367,3,0,1,71208301,285,85000,2114436,457512,114378,100923,672813
2025-04,HX-C0367,3,0,1,71419545,285,85000,2120457,455643,113910,100511,670064
2025-05,HX-C0367,3,0,1,73354699,285,85000,2175608,464239,116059,102407,682705
2025-06,HX-C0367,3,0,1,75711869,285,85000,2242788,475219,118804,104829,698852
2025-07,HX-C0367,3,0,1,76616395,285,85000,2268567,477287,119321,105286,701894
2025-08,HX-C0367,3,0,1,77404362,285,85000,2291024,478585,119646,105571,703802
2025-09,HX-C0367,3,0,1,79763797,285,85000,2358268,489104,122276,107891,719271
2025-10,HX-C0367,3,0,1,80774985,285,85000,2387087,491510,122877,108422,722809
2025-11,HX-C0367,3,0,1,82884247,285,85000,2447201,500227,125056,110345,735628
2025-12,HX-C0367,3,0,1,83606338,285,85000,2467780,500741,125185,110459,736385
2026-01,HX-C0367,3,0,1,85031824,285,85000,2508406,505232,126308,111449,742989
2026-02,HX-C0367,3,0,1,88274833,285,85000,2600832,519957,129989,114698,764644
2026-03,HX-C0367,3,0,1,91369811,285,85000,2689039,533569,133392,117700,784661
2026-04,HX-C0367,3,0,1,93682814,285,85000,2754960,542528,135632,119676,797836
2026-05,HX-C0367,3,0,1,96021799,285,85000,2821621,551434,137858,121641,810933
2026-06,HX-C0367,3,0,1,96479480,285,85000,2834665,549743,137435,121268,808446
2026-07,HX-C0367,3,0,1,100275630,285,85000,2942855,566322,141580,124925,832827
2024-02,HX-C0368,2,0,1,20056260,285,85000,656603,154842,38710,34157,227709
2024-03,HX-C0368,2,0,1,20744007,285,85000,676204,158452,39613,34954,233019
2024-04,HX-C0368,2,0,1,21345047,285,85000,693333,161429,40357,35611,237397
2024-05,HX-C0368,2,0,1,22310393,285,85000,720846,166757,41689,36785,245231
2024-06,HX-C0368,2,0,1,22932778,285,85000,738584,169755,42438,37448,249641
2024-07,HX-C0368,2,0,1,23402298,285,85000,751965,171706,42926,37877,252509
2024-08,HX-C0368,2,0,1,23916023,285,85000,766606,173902,43475,38362,255739
2024-09,HX-C0368,2,0,1,24666169,285,85000,787985,177573,44393,39172,261138
2024-10,HX-C0368,2,0,1,25174317,285,85000,802468,179636,44909,39627,264172
2024-11,HX-C0368,2,0,1,25866589,285,85000,822197,182823,45705,40330,268858
2024-12,HX-C0368,2,0,1,26090811,285,85000,828588,183005,45751,40369,269125
2025-01,HX-C0368,2,0,1,26577762,285,85000,842466,184809,46202,40768,271779
2025-02,HX-C0368,2,0,1,27566432,285,85000,870643,189688,47422,41844,278954
2025-03,HX-C0368,2,0,1,28904415,285,85000,908775,196636,49159,43377,289172
2025-04,HX-C0368,2,0,1,29227255,285,85000,917976,197254,49313,43513,290080
2025-05,HX-C0368,2,0,1,29773652,285,85000,933549,199203,49800,43944,292947
2025-06,HX-C0368,2,0,1,30170154,285,85000,944849,200201,50050,44163,294414
2025-07,HX-C0368,2,0,1,30688334,285,85000,959617,201895,50473,44537,296905
2025-08,HX-C0368,2,0,1,30950740,285,85000,967096,202021,50505,44565,297091
2025-09,HX-C0368,2,0,1,31927238,285,85000,994926,206347,51586,45519,303452
2025-10,HX-C0368,2,0,1,32090026,285,85000,999565,205814,51453,45401,302668
2025-11,HX-C0368,2,0,1,32646817,285,85000,1015434,207562,51890,45787,305239
2025-12,HX-C0368,2,0,1,33214447,285,85000,1031611,209325,52331,46176,307832
2026-01,HX-C0368,2,0,1,33559545,285,85000,1041447,209763,52440,46273,308476
2026-02,HX-C0368,2,0,1,34505273,285,85000,1068400,213594,53398,47117,314109
2026-03,HX-C0368,2,0,1,35448198,285,85000,1095273,217328,54332,47940,319600
2026-04,HX-C0368,2,0,1,36460550,285,85000,1124125,221371,55342,48833,325546
2026-05,HX-C0368,2,0,1,37440079,285,85000,1152042,225145,56286,49665,331096
2026-06,HX-C0368,2,0,1,38010200,285,85000,1168290,226573,56643,49980,333196
2026-07,HX-C0368,2,0,1,37738822,285,85000,1160556,223337,55834,49266,328437
2026-02,HX-C0369,10,0,1,77618469,285,85000,2297126,459241,114810,101304,675355
2026-03,HX-C0369,10,0,1,79521895,285,85000,2351374,466568,116642,102920,686130
2026-04,HX-C0369,10,0,1,81610569,285,85000,2410901,474773,118693,104730,698196
2026-05,HX-C0369,10,0,1,82763052,285,85000,2443746,477585,119396,105351,702332
2026-06,HX-C0369,10,0,1,84223287,285,85000,2485363,482001,120500,106324,708825
2026-07,HX-C0369,10,0,1,86587456,285,85000,2552742,491249,122812,108364,722425
2023-08,HX-C0370,0,0,1,49763108,285,85000,1503248,367994,91998,81177,541169
2023-09,HX-C0370,0,0,1,50822902,285,85000,1533452,373094,93273,82302,548669
2023-10,HX-C0370,0,0,1,53575001,285,85000,1611887,389767,97441,85979,573187
2023-11,HX-C0370,0,0,1,54589586,285,85000,1640803,394304,98576,86979,579859
2023-12,HX-C0370,0,0,1,56798010,285,85000,1703743,406880,101720,89754,598354
2024-01,HX-C0370,0,0,1,57681495,285,85000,1728922,410307,102576,90510,603393
2024-02,HX-C0370,0,0,1,58960656,285,85000,1765378,416318,104079,91836,612233
2024-03,HX-C0370,0,0,1,59399701,285,85000,1777891,416609,104152,91900,612661
2024-04,HX-C0370,0,0,1,60721955,285,85000,1815575,422723,105680,93249,621652
2024-05,HX-C0370,0,0,1,62925171,285,85000,1878367,434533,108633,95854,639020
2024-06,HX-C0370,0,0,1,65477779,285,85000,1951116,448444,112111,98922,659477
2024-07,HX-C0370,0,0,1,67347898,285,85000,2004415,457695,114423,100964,673082
2024-08,HX-C0370,0,0,1,68063759,285,85000,2024817,459325,114831,101322,675478
2024-09,HX-C0370,0,0,1,70104179,285,85000,2082969,469400,117350,103545,690295
2024-10,HX-C0370,0,0,1,71696906,285,85000,2128361,476446,119111,105099,700656
2024-11,HX-C0370,0,0,1,74236006,285,85000,2200726,489353,122338,107946,719637
2024-12,HX-C0370,0,0,1,77742222,285,85000,2300653,508131,127032,112089,747252
2025-01,HX-C0370,0,0,1,78406421,285,85000,2319582,508841,127210,112246,748297
2025-02,HX-C0370,0,0,1,79906929,285,85000,2362347,514688,128672,113535,756895
2025-03,HX-C0370,0,0,1,81120341,285,85000,2396929,518637,129659,114406,762702
2025-04,HX-C0370,0,0,1,83684484,285,85000,2470007,530754,132688,117080,780522
2025-05,HX-C0370,0,0,1,85584465,285,85000,2524157,538614,134653,118813,792080
2025-06,HX-C0370,0,0,1,86858647,285,85000,2560471,542532,135633,119677,797842
2025-07,HX-C0370,0,0,1,89264284,285,85000,2629032,553126,138281,122015,813422
2025-08,HX-C0370,0,0,1,94368804,285,85000,2774510,579583,144895,127851,852329
2025-09,HX-C0370,0,0,1,96404514,285,85000,2832528,587466,146866,129589,863921
2025-10,HX-C0370,0,0,1,99713333,285,85000,2926829,602645,150661,132937,886243
2025-11,HX-C0370,0,0,1,99900369,285,85000,2932160,599356,149839,132212,881407
2025-12,HX-C0370,0,0,1,102699860,285,85000,3011946,611159,152789,134816,898764
2026-01,HX-C0370,0,0,1,106587563,285,85000,3122745,628970,157242,138745,924957
2026-02,HX-C0370,0,0,1,109300520,285,85000,3200064,639756,159939,141123,940818
2026-03,HX-C0370,0,0,1,111454056,285,85000,3261440,647147,161786,142755,951688
2026-04,HX-C0370,0,0,1,115236021,285,85000,3369226,663494,165873,146360,975727
2026-05,HX-C0370,0,0,1,118111704,285,85000,3451183,674470,168617,148782,991869
2026-06,HX-C0370,0,0,1,121281473,285,85000,3541521,686827,171706,151508,1010041
2026-07,HX-C0370,0,0,1,122643601,285,85000,3580342,689000,172250,151986,1013236
2025-11,HX-C0371,9,0,1,10063611,285,85000,371812,76000,19000,16766,111766
2025-12,HX-C0371,9,0,1,10387503,285,85000,381043,77318,19329,17056,113703
2026-01,HX-C0371,9,0,1,10637363,285,85000,388164,78182,19545,17247,114974
2026-02,HX-C0371,9,0,1,10868451,285,85000,394750,78918,19729,17409,116056
2026-03,HX-C0371,9,0,1,11082598,285,85000,400854,79538,19884,17547,116969
2026-04,HX-C0371,9,0,1,11676856,285,85000,417790,82273,20568,18150,120991
2026-05,HX-C0371,9,0,1,11850462,285,85000,422738,82615,20653,18226,121494
2026-06,HX-C0371,9,0,1,12113112,285,85000,430223,83435,20858,18406,122699
2026-07,HX-C0371,9,0,1,12321960,285,85000,436175,83937,20984,18516,123437
2024-05,HX-C0372,3,0,1,19865368,285,85000,651162,150637,37659,33229,221525
2024-06,HX-C0372,3,0,1,20298435,285,85000,663505,152499,38124,33641,224264
2024-07,HX-C0372,3,0,1,20741764,285,85000,676140,154391,38597,34059,227047
2024-08,HX-C0372,3,0,1,21200174,285,85000,689204,156344,39086,34488,229918
2024-09,HX-C0372,3,0,1,21812876,285,85000,706666,159248,39812,35129,234189
2024-10,HX-C0372,3,0,1,22127786,285,85000,715641,160200,40050,35339,235589
2024-11,HX-C0372,3,0,1,22701194,285,85000,731984,162763,40690,35905,239358
2024-12,HX-C0372,3,0,1,22861915,285,85000,736564,162679,40669,35887,239235
2025-01,HX-C0372,3,0,1,23330009,285,85000,749905,164504,41126,36289,241919
2025-02,HX-C0372,3,0,1,23629593,285,85000,758443,165243,41310,36452,243005
2025-03,HX-C0372,3,0,1,23941408,285,85000,767330,166031,41507,36626,244164
2025-04,HX-C0372,3,0,1,24247969,285,85000,776067,166761,41690,36786,245237
2025-05,HX-C0372,3,0,1,24915511,285,85000,795092,169659,42414,37426,249499
2025-06,HX-C0372,3,0,1,25419967,285,85000,809469,171516,42879,37835,252230
2025-07,HX-C0372,3,0,1,25634263,285,85000,815576,171590,42897,37852,252339
2025-08,HX-C0372,3,0,1,26377676,285,85000,836763,174796,43699,38558,257053
2025-09,HX-C0372,3,0,1,26843553,285,85000,850041,176298,44074,38890,259262
2025-10,HX-C0372,3,0,1,26649727,285,85000,844517,173888,43472,38359,255719
2025-11,HX-C0372,3,0,1,27231340,285,85000,861093,176013,44003,38828,258844
2025-12,HX-C0372,3,0,1,27920254,285,85000,880727,178709,44677,39422,262808
2026-01,HX-C0372,3,0,1,28611595,285,85000,900430,181360,45340,40007,266707
2026-02,HX-C0372,3,0,1,29404068,285,85000,923015,184528,46132,40706,271366
2026-03,HX-C0372,3,0,1,29634234,285,85000,929575,184449,46112,40688,271249
2026-04,HX-C0372,3,0,1,30697510,285,85000,959879,189026,47256,41698,277980
2026-05,HX-C0372,3,0,1,31139090,285,85000,972464,190050,47512,41924,279486
2026-06,HX-C0372,3,0,1,31915316,285,85000,994586,192885,48221,42549,283655
2026-07,HX-C0372,3,0,1,32291061,285,85000,1005295,193458,48364,42676,284498
2026-05,HX-C0373,11,0,1,14720257,285,85000,504527,98600,24650,21751,145001
2026-06,HX-C0373,11,0,1,15320260,285,85000,521627,101162,25290,22316,148768
2026-07,HX-C0373,11,0,1,15764040,285,85000,534275,102815,25703,22681,151199
2025-02,HX-C0374,6,0,1,36778996,285,85000,1133201,246892,61723,54462,363077
2025-03,HX-C0374,6,0,1,37960951,285,85000,1166887,252486,63121,55696,371303
2025-04,HX-C0374,6,0,1,38837023,285,85000,1191855,256105,64026,56495,376626
2025-05,HX-C0374,6,0,1,39984316,285,85000,1224553,261299,65324,57641,384264
2025-06,HX-C0374,6,0,1,40282870,285,85000,1233061,261270,65317,57634,384221
2025-07,HX-C0374,6,0,1,42229061,285,85000,1288528,271095,67773,59802,398670
2025-08,HX-C0374,6,0,1,43390323,285,85000,1321624,276081,69020,60901,406002
2025-09,HX-C0374,6,0,1,44701455,285,85000,1358991,281854,70463,62175,414492
2025-10,HX-C0374,6,0,1,46223615,285,85000,1402373,288753,72188,63697,424638
2025-11,HX-C0374,6,0,1,48822474,285,85000,1476440,301795,75448,66574,443817
2025-12,HX-C0374,6,0,1,49463803,285,85000,1494718,303295,75823,66905,446023
2026-01,HX-C0374,6,0,1,49429520,285,85000,1493741,300863,75215,66368,442446
2026-02,HX-C0374,6,0,1,49761802,285,85000,1503211,300521,75130,66293,441944
2026-03,HX-C0374,6,0,1,50460977,285,85000,1523137,302226,75556,66669,444451
2026-04,HX-C0374,6,0,1,51592292,285,85000,1555380,306297,76574,67567,450438
2026-05,HX-C0374,6,0,1,53501798,285,85000,1609801,314606,78651,69399,462656
2026-06,HX-C0374,6,0,1,55340171,285,85000,1662194,322358,80589,71110,474057
2026-07,HX-C0374,6,0,1,55739074,285,85000,1673563,322060,80515,71043,473618
2023-08,HX-C0375,0,0,1,27755102,285,85000,876020,214449,53612,47306,315367
2023-09,HX-C0375,0,0,1,28066237,285,85000,884887,215296,53824,47492,316612
2023-10,HX-C0375,0,0,1,28944180,285,85000,909909,220022,55005,48536,323563
2023-11,HX-C0375,0,0,1,29486109,285,85000,925354,222373,55593,49054,327020
2023-12,HX-C0375,0,0,1,30425733,285,85000,952133,227384,56846,50159,334389
2024-01,HX-C0375,0,0,1,31204777,285,85000,974336,231229,57807,51007,340043
2024-02,HX-C0375,0,0,1,31888048,285,85000,993809,234363,58590,51699,344652
2024-03,HX-C0375,0,0,1,32945306,285,85000,1023941,239938,59984,52928,352850
2024-04,HX-C0375,0,0,1,33900826,285,85000,1051173,244746,61186,53989,359921
2024-05,HX-C0375,0,0,1,35356619,285,85000,1092663,252771,63192,55760,371723
2024-06,HX-C0375,0,0,1,36978009,285,85000,1138873,261758,65439,57742,384939
2024-07,HX-C0375,0,0,1,37235956,285,85000,1146224,261733,65433,57736,384902
2024-08,HX-C0375,0,0,1,38594684,285,85000,1184948,268802,67200,59296,395298
2024-09,HX-C0375,0,0,1,39878989,285,85000,1221551,275278,68819,60725,404822
2024-10,HX-C0375,0,0,1,40855496,285,85000,1249381,279681,69920,61695,411296
2024-11,HX-C0375,0,0,1,41631061,285,85000,1271485,282727,70681,62367,415775
2024-12,HX-C0375,0,0,1,42894910,285,85000,1307504,288780,72195,63702,424677
2025-01,HX-C0375,0,0,1,43754786,285,85000,1332011,292200,73050,64456,429706
2025-02,HX-C0375,0,0,0,0,285,0,0,0,0,0,0
2025-03,HX-C0375,0,0,0,0,285,0,0,0,0,0,0
2025-04,HX-C0375,0,0,0,0,285,0,0,0,0,0,0
2025-05,HX-C0375,0,0,0,0,285,0,0,0,0,0,0
2025-06,HX-C0375,0,0,0,0,285,0,0,0,0,0,0
2025-07,HX-C0375,0,0,0,0,285,0,0,0,0,0,0
2025-08,HX-C0375,0,0,0,0,285,0,0,0,0,0,0
2025-09,HX-C0375,0,0,0,0,285,0,0,0,0,0,0
2025-10,HX-C0375,0,0,0,0,285,0,0,0,0,0,0
2025-11,HX-C0375,0,0,0,0,285,0,0,0,0,0,0
2025-12,HX-C0375,0,0,0,0,285,0,0,0,0,0,0
2026-01,HX-C0375,0,0,0,0,285,0,0,0,0,0,0
2026-02,HX-C0375,0,0,0,0,285,0,0,0,0,0,0
2026-03,HX-C0375,0,0,0,0,285,0,0,0,0,0,0
2026-04,HX-C0375,0,0,0,0,285,0,0,0,0,0,0
2026-05,HX-C0375,0,0,0,0,285,0,0,0,0,0,0
2026-06,HX-C0375,0,0,0,0,285,0,0,0,0,0,0
2026-07,HX-C0375,0,0,0,0,285,0,0,0,0,0,0
2024-02,HX-C0376,2,0,1,7757751,285,85000,306095,72184,18046,15923,106153
2024-03,HX-C0376,2,0,1,8203597,285,85000,318802,74704,18676,16479,109859
2024-04,HX-C0376,2,0,1,8471609,285,85000,326440,76005,19001,16767,111773
2024-05,HX-C0376,2,0,1,8647385,285,85000,331450,76676,19169,16914,112759
2024-06,HX-C0376,2,0,1,8843704,285,85000,337045,77466,19366,17089,113921
2024-07,HX-C0376,2,0,1,9213922,285,85000,347596,79370,19842,17510,116722
2024-08,HX-C0376,2,0,1,9623328,285,85000,359264,81498,20374,17978,119850
2024-09,HX-C0376,2,0,1,9749166,285,85000,362851,81768,20442,18038,120248
2024-10,HX-C0376,2,0,1,10023510,285,85000,370670,82976,20744,18304,122024
2024-11,HX-C0376,2,0,1,10263864,285,85000,377520,83945,20986,18518,123449
2024-12,HX-C0376,2,0,1,10570350,285,85000,386254,85309,21327,18819,125455
2025-01,HX-C0376,2,0,1,10911207,285,85000,395969,86862,21715,19162,127739
2025-02,HX-C0376,2,0,1,11378137,285,85000,409276,89169,22292,19671,131132
2025-03,HX-C0376,2,0,1,11572387,285,85000,414813,89755,22438,19800,131993
2025-04,HX-C0376,2,0,1,12091467,285,85000,429606,92313,23078,20364,135755
2025-05,HX-C0376,2,0,1,12523506,285,85000,441919,94298,23574,20802,138674
2025-06,HX-C0376,2,0,1,12813868,285,85000,450195,95390,23847,21043,140280
2025-07,HX-C0376,2,0,1,13083554,285,85000,457881,96334,24083,21251,141668
2025-08,HX-C0376,2,0,1,13388143,285,85000,466562,97462,24365,21500,143327
2025-09,HX-C0376,2,0,1,13612649,285,85000,472960,98091,24522,21639,144252
2025-10,HX-C0376,2,0,1,13903565,285,85000,481251,99090,24772,21860,145722
2025-11,HX-C0376,2,0,1,14419624,285,85000,495959,101377,25344,22364,149085
2025-12,HX-C0376,2,0,1,14794269,285,85000,506636,102802,25700,22678,151180
2026-01,HX-C0376,2,0,1,15163279,285,85000,517153,104162,26040,22978,153180
2026-02,HX-C0376,2,0,1,15692544,285,85000,532237,106404,26601,23472,156477
2026-03,HX-C0376,2,0,1,16339543,285,85000,550676,109267,27316,24104,160687
2026-04,HX-C0376,2,0,1,16545102,285,85000,556535,109596,27399,24177,161172
2026-05,HX-C0376,2,0,1,17177056,285,85000,574546,112284,28071,24769,165124
2026-06,HX-C0376,2,0,1,17553678,285,85000,585279,113506,28376,25039,166921
2026-07,HX-C0376,2,0,1,17887163,285,85000,594784,114459,28614,25250,168323
2023-11,HX-C0377,1,0,1,37215474,285,85000,1145641,275310,68827,60732,404869
2023-12,HX-C0377,1,0,1,37436570,285,85000,1151942,275102,68775,60685,404562
2024-01,HX-C0377,1,0,1,37856924,285,85000,1163922,276221,69055,60932,406208
2024-02,HX-C0377,1,0,1,39012817,285,85000,1196865,282248,70562,62262,415072
2024-03,HX-C0377,1,0,1,39483414,285,85000,1210277,283601,70900,62560,417061
2024-04,HX-C0377,1,0,1,39702044,285,85000,1216508,283241,70810,62481,416532
2024-05,HX-C0377,1,0,1,40276253,285,85000,1232873,285207,71301,62915,419423
2024-06,HX-C0377,1,0,1,41135561,285,85000,1257363,288991,72247,63750,424988
2024-07,HX-C0377,1,0,1,42683683,285,85000,1301484,297185,74296,65557,437038
2024-08,HX-C0377,1,0,1,44271289,285,85000,1346731,305502,76375,67392,449269
2024-09,HX-C0377,1,0,1,46057830,285,85000,1397648,314962,78740,69478,463180
2024-10,HX-C0377,1,0,1,46395115,285,85000,1407260,315022,78755,69492,463269
2024-11,HX-C0377,1,0,1,47763303,285,85000,1446254,321589,80397,70939,472925
2024-12,HX-C0377,1,0,1,48045552,285,85000,1454298,321201,80300,70854,472355
2025-01,HX-C0377,1,0,1,48697057,285,85000,1472866,323099,80774,71273,475146
2025-02,HX-C0377,1,0,1,49077515,285,85000,1483709,323258,80814,71308,475380
2025-03,HX-C0377,1,0,1,50502229,285,85000,1524313,329824,82456,72756,485036
2025-04,HX-C0377,1,0,1,51188219,285,85000,1543864,331745,82936,73180,487861
2025-05,HX-C0377,1,0,1,52500342,285,85000,1581259,337415,84353,74431,496199
2025-06,HX-C0377,1,0,1,54833507,285,85000,1647754,349139,87284,77017,513440
2025-07,HX-C0377,1,0,1,56255218,285,85000,1688273,355198,88799,78354,522351
2025-08,HX-C0377,1,0,1,57581624,285,85000,1726076,360570,90142,79538,530250
2025-09,HX-C0377,1,0,1,58348168,285,85000,1747922,362518,90629,79969,533116
2025-10,HX-C0377,1,0,1,59092239,285,85000,1769128,364269,91067,80355,535691
2025-11,HX-C0377,1,0,1,60842671,285,85000,1819016,371821,92955,82020,546796
2025-12,HX-C0377,1,0,1,62702228,285,85000,1872013,379853,94963,83792,558608
2026-01,HX-C0377,1,0,1,62981141,285,85000,1879962,378653,94663,83528,556844
2026-02,HX-C0377,1,0,1,63973396,285,85000,1908241,381494,95373,84155,561022
2026-03,HX-C0377,1,0,1,66644835,285,85000,1984377,393747,98436,86858,579041
2026-04,HX-C0377,1,0,1,68626753,285,85000,2040862,401902,100475,88656,591033
2026-05,HX-C0377,1,0,1,70616673,285,85000,2097575,409933,102483,90427,602843
2026-06,HX-C0377,1,0,1,72667230,285,85000,2156016,418128,104532,92235,614895
2026-07,HX-C0377,1,0,1,75217014,285,85000,2228684,428887,107221,94609,630717
2024-05,HX-C0378,3,0,1,59535384,235,85000,1484081,343321,85830,75733,504884
2024-06,HX-C0378,3,0,1,61244560,235,85000,1524247,350332,87583,77280,515195
2024-07,HX-C0378,3,0,1,63295737,235,85000,1572449,359059,89764,79205,528028
2024-08,HX-C0378,3,0,1,64162025,235,85000,1592807,361324,90331,79705,531360
2024-09,HX-C0378,3,0,1,65815964,235,85000,1631675,367701,91925,81111,540737
2024-10,HX-C0378,3,0,1,68773702,235,85000,1701181,380819,95204,84005,560028
2024-11,HX-C0378,3,0,1,70905908,235,85000,1751288,389416,97354,85901,572671
2024-12,HX-C0378,3,0,1,73589457,235,85000,1814352,400724,100181,88396,589301
2025-01,HX-C0378,3,0,1,76928299,235,85000,1892815,415222,103805,91595,610622
2025-02,HX-C0378,3,0,1,79853510,235,85000,1961557,427367,106841,94274,628482
2025-03,HX-C0378,3,0,1,82027434,235,85000,2012644,435487,108871,96065,640423
2025-04,HX-C0378,3,0,1,84806207,235,85000,2077945,446508,111627,98495,656630
2025-05,HX-C0378,3,0,1,86426349,235,85000,2116019,451524,112881,99601,664006
2025-06,HX-C0378,3,0,1,88226107,235,85000,2158313,457320,114330,100880,672530
2025-07,HX-C0378,3,0,1,89357816,235,85000,2184908,459686,114921,101403,676010
2025-08,HX-C0378,3,0,1,90471032,235,85000,2211069,461883,115470,101887,679240
2025-09,HX-C0378,3,0,1,91904849,235,85000,2244763,465563,116390,102699,684652
2025-10,HX-C0378,3,0,1,93965889,235,85000,2293198,472178,118044,104158,694380
2025-11,HX-C0378,3,0,1,98110699,235,85000,2390601,488657,122164,107793,718614
2025-12,HX-C0378,3,0,1,101767073,235,85000,2476526,502516,125629,110850,738995
2026-01,HX-C0378,3,0,1,103918293,235,85000,2527079,508993,127248,112279,748520
2026-02,HX-C0378,3,0,1,104267542,235,85000,2535287,506854,126713,111807,745374
2026-03,HX-C0378,3,0,1,105845500,235,85000,2572369,510419,127604,112594,750617
2026-04,HX-C0378,3,0,1,110035668,235,85000,2670838,525962,131490,116022,773474
2026-05,HX-C0378,3,0,1,110401651,235,85000,2679438,523647,130911,115512,770070
2026-06,HX-C0378,3,0,1,112865608,235,85000,2737341,530868,132717,117104,780689
2026-07,HX-C0378,3,0,1,116986865,235,85000,2834191,545411,136352,120313,802076
2026-05,HX-C0379,11,0,1,12558884,235,85000,380133,74290,18572,16388,109250
2026-06,HX-C0379,11,0,1,12999605,235,85000,390490,75729,18932,16706,111367
2026-07,HX-C0379,11,0,1,13243332,235,85000,396218,76247,19061,16821,112129
2025-02,HX-C0380,6,0,1,7453763,285,85000,297432,64801,16200,14296,95297
2025-03,HX-C0380,6,0,1,7656173,285,85000,303200,65605,16401,14472,96478
2025-04,HX-C0380,6,0,1,7766629,285,85000,306348,65827,16456,14522,96805
2025-05,HX-C0380,6,0,1,7728348,285,85000,305257,65136,16284,14369,95789
2025-06,HX-C0380,6,0,1,7970176,285,85000,312150,66140,16535,14590,97265
2025-07,HX-C0380,6,0,1,8025373,285,85000,313723,66004,16501,14560,97065
2025-08,HX-C0380,6,0,1,8160353,285,85000,317570,66338,16584,14635,97557
2025-09,HX-C0380,6,0,1,8445777,285,85000,325704,67550,16887,14902,99339
2025-10,HX-C0380,6,0,1,8637204,285,85000,331160,68187,17046,15042,100275
2025-11,HX-C0380,6,0,1,8920092,285,85000,339222,69339,17334,15297,101970
2025-12,HX-C0380,6,0,1,9158454,285,85000,346015,70210,17552,15488,103250
2026-01,HX-C0380,6,0,1,9191970,285,85000,346971,69884,17471,15417,102772
2026-02,HX-C0380,6,0,1,9420863,285,85000,353494,70670,17667,15590,103927
2026-03,HX-C0380,6,0,1,9599649,285,85000,358589,71152,17788,15696,104636
2026-04,HX-C0380,6,0,1,9946853,285,85000,368485,72564,18141,16008,106713
2026-05,HX-C0380,6,0,1,9964063,285,85000,368975,72109,18027,15907,106043
2026-06,HX-C0380,6,0,1,10123685,285,85000,373525,72439,18109,15981,106529
2026-07,HX-C0380,6,0,1,10345846,285,85000,379856,73099,18274,16126,107499
2023-11,HX-C0381,1,0,1,32356162,285,85000,1007150,242029,60507,53390,355926
2023-12,HX-C0381,1,0,1,33202828,285,85000,1031280,246285,61571,54329,362185
2024-01,HX-C0381,1,0,1,34593038,285,85000,1070901,254145,63536,56063,373744
2024-02,HX-C0381,1,0,1,35830580,285,85000,1106171,260861,65215,57544,383620
2024-03,HX-C0381,1,0,1,36221612,285,85000,1117315,261817,65454,57755,385026
2024-04,HX-C0381,1,0,1,36899785,285,85000,1136643,264646,66161,58379,389186
2024-05,HX-C0381,1,0,1,38282434,285,85000,1176049,272061,68015,60015,400091
2024-06,HX-C0381,1,0,1,38158538,285,85000,1172518,269491,67372,59448,396311
2024-07,HX-C0381,1,0,1,38978434,285,85000,1195885,273073,68268,60237,401578
2024-08,HX-C0381,1,0,1,39305071,285,85000,1205194,273395,68348,60309,402052
2024-09,HX-C0381,1,0,1,40887044,285,85000,1250280,281752,70438,62152,414342
2024-10,HX-C0381,1,0,1,41073543,285,85000,1255595,281071,70267,62003,413341
2024-11,HX-C0381,1,0,1,42289901,285,85000,1290262,286902,71725,63288,421915
2024-12,HX-C0381,1,0,1,44363157,285,85000,1349349,298022,74505,65741,438268
2025-01,HX-C0381,1,0,1,45288069,285,85000,1375709,301786,75446,66571,443803
2025-02,HX-C0381,1,0,1,46233099,285,85000,1402643,305596,76399,67411,449406
2025-03,HX-C0381,1,0,1,47598659,285,85000,1441561,311918,77979,68807,458704
2025-04,HX-C0381,1,0,1,48447485,285,85000,1465753,314960,78740,69477,463177
2025-05,HX-C0381,1,0,1,48646201,285,85000,1471416,313976,78494,69260,461730
2025-06,HX-C0381,1,0,1,50111585,285,85000,1513180,320624,80156,70726,471506
2025-07,HX-C0381,1,0,1,52455660,285,85000,1579986,332415,83103,73329,488847
2025-08,HX-C0381,1,0,1,54425577,285,85000,1636128,341780,85445,75393,502618
2025-09,HX-C0381,1,0,1,55375377,285,85000,1663198,344947,86236,76092,507275
2025-10,HX-C0381,1,0,0,0,285,0,0,0,0,0,0
2025-11,HX-C0381,1,0,0,0,285,0,0,0,0,0,0
2025-12,HX-C0381,1,0,0,0,285,0,0,0,0,0,0
2026-01,HX-C0381,1,0,0,0,285,0,0,0,0,0,0
2026-02,HX-C0381,1,0,0,0,285,0,0,0,0,0,0
2026-03,HX-C0381,1,0,0,0,285,0,0,0,0,0,0
2026-04,HX-C0381,1,0,0,0,285,0,0,0,0,0,0
2026-05,HX-C0381,1,0,0,0,285,0,0,0,0,0,0
2026-06,HX-C0381,1,0,0,0,285,0,0,0,0,0,0
2026-07,HX-C0381,1,0,0,0,285,0,0,0,0,0,0
2025-02,HX-C0382,6,0,1,44383368,235,85000,1128009,245761,61440,54213,361414
2025-03,HX-C0382,6,0,1,44645340,235,85000,1134165,245405,61351,54135,360891
2025-04,HX-C0382,6,0,1,46546954,235,85000,1178853,253311,63327,55879,372517
2025-05,HX-C0382,6,0,1,48278662,235,85000,1219548,260231,65057,57406,382694
2025-06,HX-C0382,6,0,1,49721346,235,85000,1253451,265591,66397,58587,390575
2025-07,HX-C0382,6,0,1,50370545,235,85000,1268707,266925,66731,58881,392537
2025-08,HX-C0382,6,0,1,51097343,235,85000,1285787,268595,67148,59250,394993
2025-09,HX-C0382,6,0,1,52088139,235,85000,1309071,271500,67875,59891,399266
2025-10,HX-C0382,6,0,1,52749617,235,85000,1324615,272743,68185,60165,401093
2025-11,HX-C0382,6,0,1,54725063,235,85000,1371038,280251,70062,61821,412134
2025-12,HX-C0382,6,0,1,57096367,235,85000,1426764,289507,72376,63863,425746
2026-01,HX-C0382,6,0,1,59267717,235,85000,1477791,297650,74412,65659,437721
2026-02,HX-C0382,6,0,1,60750191,235,85000,1512629,302404,75601,66707,444712
2026-03,HX-C0382,6,0,1,62136284,235,85000,1545202,306604,76651,67634,450889
2026-04,HX-C0382,6,0,1,61527309,235,85000,1530891,301475,75368,66503,443346
2026-05,HX-C0382,6,0,1,62649184,235,85000,1557255,304337,76084,67134,447555
2026-06,HX-C0382,6,0,1,64642427,235,85000,1604097,311091,77772,68625,457488
2026-07,HX-C0382,6,0,1,64722198,235,85000,1605971,309052,77263,68174,454489
2025-05,HX-C0383,7,0,1,19391111,285,85000,637646,136063,34015,30015,200093
2025-06,HX-C0383,7,0,1,19521357,285,85000,641358,135895,33973,29979,199847
2025-07,HX-C0383,7,0,0,0,285,0,0,0,0,0,0
2025-08,HX-C0383,7,0,0,0,285,0,0,0,0,0,0
2025-09,HX-C0383,7,0,0,0,285,0,0,0,0,0,0
2025-10,HX-C0383,7,0,0,0,285,0,0,0,0,0,0
2025-11,HX-C0383,7,0,0,0,285,0,0,0,0,0,0
2025-12,HX-C0383,7,0,0,0,285,0,0,0,0,0,0
2026-01,HX-C0383,7,0,0,0,285,0,0,0,0,0,0
2026-02,HX-C0383,7,0,0,0,285,0,0,0,0,0,0
2026-03,HX-C0383,7,0,0,0,285,0,0,0,0,0,0
2026-04,HX-C0383,7,0,0,0,285,0,0,0,0,0,0
2026-05,HX-C0383,7,0,0,0,285,0,0,0,0,0,0
2026-06,HX-C0383,7,0,0,0,285,0,0,0,0,0,0
2026-07,HX-C0383,7,0,0,0,285,0,0,0,0,0,0
2024-05,HX-C0384,3,0,1,37461740,285,85000,1152659,266651,66662,58821,392134
2024-06,HX-C0384,3,0,1,37960517,285,85000,1166874,268194,67048,59161,394403
2024-07,HX-C0384,3,0,1,38820751,285,85000,1191391,272046,68011,60012,400069
2024-08,HX-C0384,3,0,1,40479029,285,85000,1238652,280985,70246,61983,413214
2024-09,HX-C0384,3,0,1,41145723,285,85000,1257653,283414,70853,62519,416786
2024-10,HX-C0384,3,0,1,42288796,285,85000,1290230,288825,72206,63712,424743
2024-11,HX-C0384,3,0,1,42543201,285,85000,1297481,288507,72126,63643,424276
2024-12,HX-C0384,3,0,1,43851654,285,85000,1334772,294802,73700,65031,433533
2025-01,HX-C0384,3,0,1,45026725,285,85000,1368261,300152,75038,66210,441400
2025-02,HX-C0384,3,0,1,46108541,285,85000,1399093,304822,76205,67242,448269
2025-03,HX-C0384,3,0,1,46623312,285,85000,1413764,305904,76476,67479,449859
2025-04,HX-C0384,3,0,1,47982772,285,85000,1452509,312114,78028,68850,458992
2025-05,HX-C0384,3,0,1,48934339,285,85000,1479628,315728,78932,69647,464307
2025-06,HX-C0384,3,0,1,49748620,285,85000,1502835,318432,79608,70243,468283
2025-07,HX-C0384,3,0,1,51948026,285,85000,1565518,329372,82343,72656,484371
2025-08,HX-C0384,3,0,1,53706913,285,85000,1615647,337501,84375,74450,496326
2025-09,HX-C0384,3,0,1,55490731,285,85000,1666485,345628,86407,76242,508277
2025-10,HX-C0384,3,0,1,57350836,285,85000,1719498,354050,88512,78101,520663
2025-11,HX-C0384,3,0,1,59511702,285,85000,1781083,364067,91016,80310,535393
2025-12,HX-C0384,3,0,1,61234191,285,85000,1830174,371363,92840,81920,546123
2026-01,HX-C0384,3,0,1,61988561,285,85000,1851673,372956,93239,82270,548465
2026-02,HX-C0384,3,0,1,63436870,285,85000,1892950,378438,94609,83480,556527
2026-03,HX-C0384,3,0,1,66119825,285,85000,1969415,390779,97694,86202,574675
2026-04,HX-C0384,3,0,1,67626042,285,85000,2012342,396286,99071,87417,582774
2026-05,HX-C0384,3,0,1,68183771,285,85000,2028237,396382,99095,87438,582915
2026-06,HX-C0384,3,0,1,71871324,285,85000,2133332,413729,103432,91265,608426
2026-07,HX-C0384,3,0,1,73463784,285,85000,2178717,419271,104817,92488,616576
2025-05,HX-C0385,7,0,1,35312668,285,85000,1091411,232889,58222,51373,342484
2025-06,HX-C0385,7,0,1,35966408,285,85000,1110042,235204,58801,51884,345889
2025-07,HX-C0385,7,0,1,37803379,285,85000,1162396,244558,61139,53948,359645
2025-08,HX-C0385,7,0,1,38930074,285,85000,1194507,249527,62381,55044,366952
2025-09,HX-C0385,7,0,1,40030076,285,85000,1225857,254242,63560,56084,373886
2025-10,HX-C0385,7,0,1,41367337,285,85000,1263969,260255,65063,57411,382729
2025-11,HX-C0385,7,0,1,42495727,285,85000,1296128,264938,66234,58444,389616
2025-12,HX-C0385,7,0,1,43175962,285,85000,1315514,266933,66733,58883,392549
2026-01,HX-C0385,7,0,1,45125160,285,85000,1371067,276154,69038,60918,406110
2026-02,HX-C0385,7,0,1,46031840,285,85000,1396907,279269,69817,61604,410690
2026-03,HX-C0385,7,0,1,47002007,285,85000,1424557,282665,70666,62354,415685
2026-04,HX-C0385,7,0,1,48120015,285,85000,1456420,286809,71702,63268,421779
2026-05,HX-C0385,7,0,1,48744182,285,85000,1474209,288107,72026,63554,423687
2026-06,HX-C0385,7,0,1,50827256,285,85000,1533576,297415,74353,65607,437375
2026-07,HX-C0385,7,0,1,52118638,285,85000,1570381,302203,75550,66664,444417
2025-11,HX-C0386,9,0,1,69427232,235,85000,1716539,350873,87718,77400,515991
2025-12,HX-C0386,9,0,1,71266268,235,85000,1759757,357075,89268,78768,525111
2026-01,HX-C0386,9,0,1,72133929,235,85000,1780147,358549,89637,79093,527279
2026-02,HX-C0386,9,0,1,75141131,235,85000,1850816,370014,92503,81622,544139
2026-03,HX-C0386,9,0,1,75780351,235,85000,1865838,370226,92556,81669,544451
2026-04,HX-C0386,9,0,1,77149023,235,85000,1898002,373769,93442,82450,549661
2026-05,HX-C0386,9,0,1,79972363,235,85000,1964350,383896,95974,84684,564554
2026-06,HX-C0386,9,0,1,82351498,235,85000,2020260,391801,97950,86427,576178
2026-07,HX-C0386,9,0,1,85309806,235,85000,2089780,402156,100539,88712,591407
2023-11,HX-C0387,1,0,1,28357616,285,85000,893192,214644,53661,47349,315654
2023-12,HX-C0387,1,0,1,29532202,285,85000,926667,221302,55325,48818,325445
2024-01,HX-C0387,1,0,1,29911117,285,85000,937466,222479,55619,49077,327175
2024-02,HX-C0387,1,0,1,30297215,285,85000,948470,223671,55917,49341,328929
2024-03,HX-C0387,1,0,1,30873053,285,85000,964882,226098,56524,49876,332498
2024-04,HX-C0387,1,0,1,31688525,285,85000,988122,230065,57516,50751,338332
2024-05,HX-C0387,1,0,1,31941762,285,85000,995340,230257,57564,50793,338614
2024-06,HX-C0387,1,0,1,32979084,285,85000,1024903,235563,58890,51964,346417
2024-07,HX-C0387,1,0,1,34131366,285,85000,1057743,241529,60382,53279,355190
2024-08,HX-C0387,1,0,1,34879265,285,85000,1079059,244782,61195,53997,359974
2024-09,HX-C0387,1,0,1,36569393,285,85000,1127227,254022,63505,56036,373563
2024-10,HX-C0387,1,0,1,37683226,285,85000,1158971,259442,64860,57231,381533
2024-11,HX-C0387,1,0,1,38284152,285,85000,1176098,261517,65379,57688,384584
2024-12,HX-C0387,1,0,1,39853325,285,85000,1220819,269634,67408,59480,396522
2025-01,HX-C0387,1,0,1,41445650,285,85000,1266201,277763,69440,61273,408476
2025-02,HX-C0387,1,0,1,42366047,285,85000,1292432,281584,70396,62115,414095
2025-03,HX-C0387,1,0,1,44659774,285,85000,1357803,293795,73448,64809,432052
2025-04,HX-C0387,1,0,1,45288590,285,85000,1375724,295615,73903,65210,434728
2025-05,HX-C0387,1,0,1,45683188,285,85000,1386970,295957,73989,65285,435231
2025-06,HX-C0387,1,0,1,46882954,285,85000,1421164,301127,75281,66426,442834
2025-07,HX-C0387,1,0,1,47954451,285,85000,1451701,305426,76356,67374,449156
2025-08,HX-C0387,1,0,1,50038000,285,85000,1511083,315658,78914,69632,464204
2025-09,HX-C0387,1,0,1,50915914,285,85000,1536103,318587,79646,70278,468511
2025-10,HX-C0387,1,0,1,52087101,285,85000,1569482,323162,80790,71287,475239
2025-11,HX-C0387,1,0,1,53796759,285,85000,1618207,330774,82693,72966,486433
2025-12,HX-C0387,1,0,1,54736483,285,85000,1644989,333787,83446,73631,490864
2026-01,HX-C0387,1,0,1,55875515,285,85000,1677452,337865,84466,74530,496861
2026-02,HX-C0387,1,0,1,57333530,285,85000,1719005,343663,85915,75809,505387
2026-03,HX-C0387,1,0,1,58649170,285,85000,1756501,348531,87132,76883,512546
2026-04,HX-C0387,1,0,1,60154392,285,85000,1799400,354352,88588,78166,521106
2026-05,HX-C0387,1,0,1,62029292,285,85000,1852834,362102,90525,79877,532504
2026-06,HX-C0387,1,0,1,63570025,285,85000,1896745,367846,91961,81144,540951
2026-07,HX-C0387,1,0,1,65942414,285,85000,1964358,378020,94505,83388,555913
2023-08,HX-C0388,0,0,1,46579436,285,85000,1412513,345782,86445,76277,508504
2023-09,HX-C0388,0,0,1,47523853,285,85000,1439429,350218,87554,77255,515027
2023-10,HX-C0388,0,0,1,48871732,285,85000,1477844,357354,89338,78829,525521
2023-11,HX-C0388,0,0,1,50750402,285,85000,1531386,368009,92002,81180,541191
2023-12,HX-C0388,0,0,1,51761787,285,85000,1560210,372602,93150,82193,547945
2024-01,HX-C0388,0,0,1,53358492,285,85000,1605717,381068,95267,84060,560395
2024-02,HX-C0388,0,0,1,55062925,285,85000,1654293,390121,97530,86057,573708
2024-03,HX-C0388,0,0,1,56505355,285,85000,1695402,397279,99319,87637,584235
2024-04,HX-C0388,0,0,1,59189052,285,85000,1771887,412551,103137,91006,606694
2024-05,HX-C0388,0,0,1,60331575,285,85000,1804449,417433,104358,92082,613873
2024-06,HX-C0388,0,0,1,61926419,285,85000,1849902,425180,106295,93791,625266
2024-07,HX-C0388,0,0,1,62947039,285,85000,1878990,429055,107263,94646,630964
2024-08,HX-C0388,0,0,1,65467658,285,85000,1950828,442541,110635,97620,650796
2024-09,HX-C0388,0,0,1,66323411,285,85000,1975217,445118,111279,98189,654586
2024-10,HX-C0388,0,0,1,68097332,285,85000,2025773,453481,113370,100033,666884
2024-11,HX-C0388,0,0,1,70301479,285,85000,2088592,464418,116104,102447,682969
2024-12,HX-C0388,0,0,1,73448574,285,85000,2178284,481104,120276,106126,707506
2025-01,HX-C0388,0,0,1,75278859,285,85000,2230447,489288,122322,107932,719542
2025-02,HX-C0388,0,0,1,77690338,285,85000,2299174,500925,125231,110499,736655
2025-03,HX-C0388,0,0,1,81887461,285,85000,2418792,523368,130842,115449,769659
2025-04,HX-C0388,0,0,1,83439822,285,85000,2463034,529256,132314,116748,778318
2025-05,HX-C0388,0,0,1,85457019,285,85000,2520525,537839,134459,118642,790940
2025-06,HX-C0388,0,0,1,87315800,285,85000,2573500,545293,136323,120286,801902
2025-07,HX-C0388,0,0,1,90716312,285,85000,2670414,561833,140458,123935,826226
2025-08,HX-C0388,0,0,1,92722446,285,85000,2727589,569782,142445,125688,837915
2025-09,HX-C0388,0,0,1,94922145,285,85000,2790281,578703,144675,127657,851035
2025-10,HX-C0388,0,0,1,96030740,285,85000,2821876,581035,145258,128171,854464
2025-11,HX-C0388,0,0,1,97824872,285,85000,2873008,587265,146816,129545,863626
2025-12,HX-C0388,0,0,1,99423517,285,85000,2918570,592212,148053,130636,870901
2026-01,HX-C0388,0,0,1,103144131,285,85000,3024607,609203,152300,134385,895888
2026-02,HX-C0388,0,0,1,107438734,285,85000,3147003,629148,157287,138783,925218
2026-03,HX-C0388,0,0,1,112100866,285,85000,3279874,650805,162701,143561,957067
2026-04,HX-C0388,0,0,1,113218154,285,85000,3311717,652169,163042,143862,959073
2026-05,HX-C0388,0,0,1,113866287,285,85000,3330189,650825,162706,143565,957096
2026-06,HX-C0388,0,0,1,116053637,285,85000,3392528,657932,164483,145133,967548
2026-07,HX-C0388,0,0,1,120293996,285,85000,3513378,676113,169028,149144,994285
2026-05,HX-C0389,11,0,1,5973592,235,85000,225379,44045,11011,9717,64773
2026-06,HX-C0389,11,0,1,6180466,235,85000,230240,44651,11162,9851,65664
2026-07,HX-C0389,11,0,1,6471234,235,85000,237073,45621,11405,10065,67091
2025-08,HX-C0390,8,0,1,10004627,285,85000,370131,77318,19329,17057,113704
2025-09,HX-C0390,8,0,1,10224404,285,85000,376395,78064,19516,17220,114800
2025-10,HX-C0390,8,0,1,10637194,285,85000,388160,79923,19980,17631,117534
2025-11,HX-C0390,8,0,1,10866877,285,85000,394705,80680,20170,17798,118648
2025-12,HX-C0390,8,0,1,10882452,285,85000,395149,80180,20045,17687,117912
2026-01,HX-C0390,8,0,1,11311246,285,85000,407370,82050,20512,18100,120662
2026-02,HX-C0390,8,0,1,11413715,285,85000,410290,82025,20506,18094,120625
2026-03,HX-C0390,8,0,1,11733234,285,85000,419397,83218,20804,18358,122380
2026-04,HX-C0390,8,0,1,12049685,285,85000,428416,84366,21091,18612,124069
2026-05,HX-C0390,8,0,1,12385355,285,85000,437982,85595,21398,18883,125876
2026-06,HX-C0390,8,0,1,12626619,285,85000,444858,86273,21568,19032,126873
2026-07,HX-C0390,8,0,1,12993444,285,85000,455313,87620,21905,19328,128853
2026-05,HX-C0391,11,0,1,22900269,285,85000,737657,144161,36040,31801,212002
2026-06,HX-C0391,11,0,1,23550837,285,85000,756198,146653,36663,32351,215667
2026-07,HX-C0391,11,0,1,24273600,285,85000,776797,149486,37371,32976,219833
2023-11,HX-C0392,1,0,1,4234194,235,85000,184503,44338,11084,9781,65203
2023-12,HX-C0392,1,0,1,4349303,235,85000,187208,44707,11176,9864,65747
2024-01,HX-C0392,1,0,1,4413233,235,85000,188710,44784,11196,9879,65859
2024-02,HX-C0392,1,0,1,4627928,235,85000,193756,45691,11422,10081,67194
2024-03,HX-C0392,1,0,1,4730330,235,85000,196162,45965,11491,10141,67597
2024-04,HX-C0392,1,0,1,4887173,235,85000,199848,46530,11632,10265,68427
2024-05,HX-C0392,1,0,1,4999137,235,85000,202479,46840,11710,10333,68883
2024-06,HX-C0392,1,0,1,5110854,235,85000,205105,47141,11785,10399,69325
2024-07,HX-C0392,1,0,1,5237797,235,85000,208088,47515,11878,10482,69875
2024-08,HX-C0392,1,0,1,5345149,235,85000,210611,47776,11944,10539,70259
2024-09,HX-C0392,1,0,1,5373500,235,85000,211277,47611,11902,10504,70017
2024-10,HX-C0392,1,0,1,5581341,235,85000,216161,48388,12097,10675,71160
2024-11,HX-C0392,1,0,1,5664161,235,85000,218107,48497,12124,10699,71320
2024-12,HX-C0392,1,0,1,5904495,235,85000,223755,49419,12354,10902,72675
2025-01,HX-C0392,1,0,1,6118127,235,85000,228775,50185,12546,11071,73802
2025-02,HX-C0392,1,0,1,6353290,235,85000,234302,51047,12761,11262,75070
2025-03,HX-C0392,1,0,1,6511870,235,85000,238028,51503,12875,11362,75740
2025-04,HX-C0392,1,0,1,6816455,235,85000,245186,52685,13171,11622,77478
2025-05,HX-C0392,1,0,1,6838690,235,85000,245709,52430,13107,11566,77103
2025-06,HX-C0392,1,0,1,6832391,235,85000,245561,52030,13007,11479,76516
2025-07,HX-C0392,1,0,1,6951574,235,85000,248361,52252,13063,11527,76842
2025-08,HX-C0392,1,0,1,7231303,235,85000,254935,53254,13313,11749,78316
2025-09,HX-C0392,1,0,1,7443275,235,85000,259916,53906,13476,11892,79274
2025-10,HX-C0392,1,0,1,7706483,235,85000,266102,54791,13697,12087,80575
2025-11,HX-C0392,1,0,1,7952916,235,85000,271893,55577,13894,12260,81731
2025-12,HX-C0392,1,0,1,8318758,235,85000,280490,56914,14228,12556,83698
2026-01,HX-C0392,1,0,1,8624454,235,85000,287674,57942,14485,12782,85209
2026-02,HX-C0392,1,0,1,9073636,235,85000,298230,59621,14905,13153,87679
2026-03,HX-C0392,1,0,1,9181383,235,85000,300762,59678,14919,13165,87762
2026-04,HX-C0392,1,0,1,9451207,235,85000,307103,60477,15119,13341,88937
2026-05,HX-C0392,1,0,1,9818586,235,85000,315736,61704,15426,13612,90742
2026-06,HX-C0392,1,0,1,10227889,235,85000,325355,63097,15774,13920,92791
2026-07,HX-C0392,1,0,1,10357451,235,85000,328400,63197,15799,13941,92937
2025-08,HX-C0393,8,0,1,29767400,285,85000,933370,194977,48744,43010,286731
2025-09,HX-C0393,8,0,1,30984654,285,85000,968062,200775,50193,44290,295258
2025-10,HX-C0393,8,0,1,32124470,285,85000,1000547,206016,51504,45445,302965
2025-11,HX-C0393,8,0,1,33633535,285,85000,1043555,213310,53327,47055,313692
2025-12,HX-C0393,8,0,1,35290174,285,85000,1090769,221329,55332,48824,325485
2026-01,HX-C0393,8,0,1,35721526,285,85000,1103063,222174,55543,49010,326727
2026-02,HX-C0393,8,0,1,36643942,285,85000,1129352,225779,56444,49806,332029
2026-03,HX-C0393,8,0,1,36895649,285,85000,1136525,225513,56378,49746,331637
2026-04,HX-C0393,8,0,1,38139944,285,85000,1171988,230796,57699,50912,339407
2026-05,HX-C0393,8,0,1,38070903,285,85000,1170020,228658,57164,50441,336263
2026-06,HX-C0393,8,0,1,38600227,285,85000,1185106,229834,57458,50700,337992
2026-07,HX-C0393,8,0,1,39164308,285,85000,1201182,231155,57788,50991,339934
2026-05,HX-C0394,11,0,1,7205160,285,85000,290347,56742,14185,12518,83445
2026-06,HX-C0394,11,0,1,7422242,285,85000,296533,57508,14377,12686,84571
2026-07,HX-C0394,11,0,1,7760268,285,85000,306167,58918,14729,12998,86645
2024-05,HX-C0395,3,0,1,15929513,285,85000,538991,124687,31171,27506,183364
2024-06,HX-C0395,3,0,1,16413930,285,85000,552797,127054,31763,28028,186845
2024-07,HX-C0395,3,0,1,16529212,285,85000,556082,126977,31744,28011,186732
2024-08,HX-C0395,3,0,1,16522682,285,85000,555896,126103,31525,27818,185446
2024-09,HX-C0395,3,0,1,16940666,285,85000,567808,127956,31989,28226,188171
2024-10,HX-C0395,3,0,1,17516293,285,85000,584214,130779,32694,28850,192323
2024-11,HX-C0395,3,0,1,17784646,285,85000,591862,131605,32901,29032,193538
2024-12,HX-C0395,3,0,1,18155698,285,85000,602437,133056,33264,29351,195671
2025-01,HX-C0395,3,0,1,18428574,285,85000,610214,133861,33465,29529,196855
2025-02,HX-C0395,3,0,1,18982148,285,85000,625991,136385,34096,30086,200567
2025-03,HX-C0395,3,0,1,19719587,285,85000,647008,139996,34999,30882,205877
2025-04,HX-C0395,3,0,1,20357478,285,85000,665188,142935,35733,31531,210199
2025-05,HX-C0395,3,0,1,20987005,285,85000,683129,145768,36442,32155,214365
2025-06,HX-C0395,3,0,1,21562756,285,85000,699538,148223,37055,32698,217976
2025-07,HX-C0395,3,0,1,22084802,285,85000,714416,150307,37576,33157,221040
2025-08,HX-C0395,3,0,1,22084408,285,85000,714405,149236,37309,32920,219465
2025-09,HX-C0395,3,0,1,23048079,285,85000,741870,153863,38465,33942,226270
2025-10,HX-C0395,3,0,1,23890722,285,85000,765885,157698,39424,34787,231909
2025-11,HX-C0395,3,0,1,25017454,285,85000,797997,163116,40779,35982,239877
2025-12,HX-C0395,3,0,1,25906710,285,85000,823341,167065,41766,36853,245684
2026-01,HX-C0395,3,0,1,26267314,285,85000,833618,167903,41975,37039,246917
2026-02,HX-C0395,3,0,1,26391400,285,85000,837154,167363,41840,36920,246123
2026-03,HX-C0395,3,0,1,26521593,285,85000,840865,166847,41711,36806,245364
2026-04,HX-C0395,3,0,1,26851317,285,85000,850262,167439,41859,36937,246235
2026-05,HX-C0395,3,0,1,27582380,285,85000,871097,170240,42560,37553,250353
2026-06,HX-C0395,3,0,1,28100621,285,85000,885867,171801,42950,37898,252649
2026-07,HX-C0395,3,0,1,29091399,285,85000,914104,175909,43977,38805,258691
2023-11,HX-C0396,1,0,1,4947545,285,85000,226005,54311,13577,11982,79870
2023-12,HX-C0396,1,0,1,5159654,285,85000,232050,55416,13854,12225,81495
2024-01,HX-C0396,1,0,1,5271995,285,85000,235251,55829,13957,12316,82102
2024-02,HX-C0396,1,0,1,5305255,285,85000,236199,55700,13925,12288,81913
2024-03,HX-C0396,1,0,1,5423804,285,85000,239578,56139,14034,12385,82558
2024-04,HX-C0396,1,0,1,5602873,285,85000,244681,56969,14242,12567,83778
2024-05,HX-C0396,1,0,1,5761444,285,85000,249201,57649,14412,12717,84778
2024-06,HX-C0396,1,0,1,5977643,285,85000,255362,58692,14673,12947,86312
2024-07,HX-C0396,1,0,1,6190210,285,85000,261420,59693,14923,13168,87784
2024-08,HX-C0396,1,0,1,6294585,285,85000,264395,59977,14994,13231,88202
2024-09,HX-C0396,1,0,1,6564419,285,85000,272085,61314,15328,13526,90168
2024-10,HX-C0396,1,0,1,6699332,285,85000,275930,61768,15442,13626,90836
2024-11,HX-C0396,1,0,1,6792616,285,85000,278589,61946,15486,13666,91098
2024-12,HX-C0396,1,0,1,7014277,285,85000,284906,62925,15731,13881,92537
2025-01,HX-C0396,1,0,1,7201461,285,85000,290241,63669,15917,14045,93631
2025-02,HX-C0396,1,0,1,7374826,285,85000,295182,64311,16077,14188,94576
2025-03,HX-C0396,1,0,1,7695291,285,85000,304315,65846,16461,14526,96833
2025-04,HX-C0396,1,0,1,7769793,285,85000,306439,65847,16461,14526,96834
2025-05,HX-C0396,1,0,1,8023603,285,85000,313672,66932,16733,14765,98430
2025-06,HX-C0396,1,0,1,8288117,285,85000,321211,68060,17015,15014,100089
2025-07,HX-C0396,1,0,1,8335022,285,85000,322548,67861,16965,14970,99796
2025-08,HX-C0396,1,0,1,8458943,285,85000,326079,68116,17029,15026,100171
2025-09,HX-C0396,1,0,1,8750587,285,85000,334391,69352,17338,15299,101989
2025-10,HX-C0396,1,0,1,8804533,285,85000,335929,69168,17292,15259,101719
2025-11,HX-C0396,1,0,1,9046042,285,85000,342812,70073,17518,15458,103049
2025-12,HX-C0396,1,0,1,9434163,285,85000,353873,71804,17951,15840,105595
2026-01,HX-C0396,1,0,1,9676567,285,85000,360782,72666,18166,16031,106863
2026-02,HX-C0396,1,0,1,9745978,285,85000,362760,72522,18130,15999,106651
2026-03,HX-C0396,1,0,1,10104863,285,85000,372988,74009,18502,16326,108837
2026-04,HX-C0396,1,0,1,10327675,285,85000,379338,74702,18675,16479,109856
2026-05,HX-C0396,1,0,1,10806265,285,85000,392978,76799,19199,16943,112941
2026-06,HX-C0396,1,0,1,10870055,285,85000,394796,76564,19141,16890,112595
2026-07,HX-C0396,1,0,1,11382683,285,85000,409406,78785,19696,17380,115861
2024-05,HX-C0397,3,0,1,25259171,285,85000,804886,186198,46549,41075,273822
2024-06,HX-C0397,3,0,1,26381689,285,85000,836878,192347,48086,42431,282864
2024-07,HX-C0397,3,0,1,26788739,285,85000,848479,193744,48436,42739,284919
2024-08,HX-C0397,3,0,1,27164013,285,85000,859174,194901,48725,42994,286620
2024-09,HX-C0397,3,0,1,27811164,285,85000,877618,197772,49443,43627,290842
2024-10,HX-C0397,3,0,1,28189971,285,85000,888414,198876,49719,43870,292465
2024-11,HX-C0397,3,0,1,29088761,285,85000,914029,203243,50810,44834,298887
2024-12,HX-C0397,3,0,1,29528487,285,85000,926561,204643,51160,45144,300947
2025-01,HX-C0397,3,0,1,29693207,285,85000,931256,204287,51071,45065,300423
2025-02,HX-C0397,3,0,1,30473898,285,85000,953506,207742,51935,45826,305503
2025-03,HX-C0397,3,0,1,31510083,285,85000,983037,212705,53176,46921,312802
2025-04,HX-C0397,3,0,1,32311181,285,85000,1005868,216140,54035,47679,317854
2025-05,HX-C0397,3,0,1,32869967,285,85000,1021794,218033,54508,48097,320638
2025-06,HX-C0397,3,0,1,33858618,285,85000,1049970,222475,55618,49077,327170
2025-07,HX-C0397,3,0,1,34153512,285,85000,1058375,222673,55668,49120,327461
2025-08,HX-C0397,3,0,1,34750686,285,85000,1075394,224645,56161,49555,330361
2025-09,HX-C0397,3,0,1,35665173,285,85000,1101457,228441,57110,50393,335944
2025-10,HX-C0397,3,0,1,36445879,285,85000,1123707,231375,57843,51040,340258
2025-11,HX-C0397,3,0,1,37816731,285,85000,1162776,237680,59420,52430,349530
2025-12,HX-C0397,3,0,1,38796955,285,85000,1190713,241609,60402,53297,355308
2026-01,HX-C0397,3,0,1,40635887,285,85000,1243122,250384,62596,55232,368212
2026-02,HX-C0397,3,0,1,42011788,285,85000,1282335,256364,64091,56551,377006
2026-03,HX-C0397,3,0,1,43705737,285,85000,1330613,264024,66006,58242,388272
2026-04,HX-C0397,3,0,1,45719208,285,85000,1387997,273334,68333,60296,401963
2026-05,HX-C0397,3,0,1,47186620,285,85000,1429818,279431,69857,61641,410929
2026-06,HX-C0397,3,0,1,49110515,285,85000,1484649,287926,71981,63514,423421
2026-07,HX-C0397,3,0,1,49703343,285,85000,1501545,288957,72239,63741,424937
2024-11,HX-C0398,5,0,1,22486478,235,85000,613432,136402,34100,30090,200592
2024-12,HX-C0398,5,0,1,23297961,235,85000,632502,139696,34924,30816,205436
2025-01,HX-C0398,5,0,1,23659078,235,85000,640988,140611,35152,31019,206782
2025-02,HX-C0398,5,0,1,24462130,235,85000,659860,143764,35941,31714,211419
2025-03,HX-C0398,5,0,1,24864404,235,85000,669313,144823,36205,31947,212975
2025-04,HX-C0398,5,0,1,25995333,235,85000,695890,149532,37383,32986,219901
2025-05,HX-C0398,5,0,1,26965763,235,85000,718695,153357,38339,33830,225526
2025-06,HX-C0398,5,0,1,27768468,235,85000,737558,156279,39069,34475,229823
2025-07,HX-C0398,5,0,1,28308201,235,85000,750242,157844,39461,34819,232124
2025-08,HX-C0398,5,0,1,29249767,235,85000,772369,161344,40336,35591,237271
2025-09,HX-C0398,5,0,1,29744373,235,85000,783992,162599,40649,35869,239117
2025-10,HX-C0398,5,0,1,30811910,235,85000,809079,166592,41648,36749,244989
2025-11,HX-C0398,5,0,1,31341410,235,85000,821523,167925,41981,37043,246949
2025-12,HX-C0398,5,0,1,31950805,235,85000,835843,169602,42400,37413,249415
2026-01,HX-C0398,5,0,1,32701047,235,85000,853474,171902,42975,37921,252798
2026-02,HX-C0398,5,0,1,33642317,235,85000,875594,175048,43762,38614,257424
2026-03,HX-C0398,5,0,1,34666158,235,85000,899654,178512,44628,39379,262519
2026-04,HX-C0398,5,0,1,35682535,235,85000,923539,181870,45467,40119,267456
2026-05,HX-C0398,5,0,1,35718409,235,85000,924382,180653,45163,39851,265667
2026-06,HX-C0398,5,0,1,36379928,235,85000,939928,182285,45571,40211,268067
2026-07,HX-C0398,5,0,1,38081788,235,85000,979922,188575,47143,41599,277317
2023-11,HX-C0399,1,0,1,10960995,285,85000,397388,95496,23874,21066,140436
2023-12,HX-C0399,1,0,1,11135045,285,85000,402348,96086,24021,21197,141304
2024-01,HX-C0399,1,0,1,11610137,285,85000,415888,98697,24674,21773,145144
2024-02,HX-C0399,1,0,1,11862396,285,85000,423078,99771,24942,22010,146723
2024-03,HX-C0399,1,0,1,12202917,285,85000,432783,101413,25353,22371,149137
2024-04,HX-C0399,1,0,1,12221199,285,85000,433304,100886,25221,22256,148363
2024-05,HX-C0399,1,0,1,12406258,285,85000,438578,101458,25364,22382,149204
2024-06,HX-C0399,1,0,1,12589920,285,85000,443812,102005,25501,22502,150008
2024-07,HX-C0399,1,0,1,12740957,285,85000,448117,102324,25581,22572,150477
2024-08,HX-C0399,1,0,1,13014911,285,85000,455924,103425,25856,22815,152096
2024-09,HX-C0399,1,0,1,13162308,285,85000,460125,103689,25922,22874,152485
2024-10,HX-C0399,1,0,1,13501288,285,85000,469786,105164,26291,23198,154653
2024-11,HX-C0399,1,0,1,14008359,285,85000,484238,107674,26918,23753,158345
2024-12,HX-C0399,1,0,1,14288212,285,85000,492214,108712,27178,23981,159871
2025-01,HX-C0399,1,0,1,14941773,285,85000,510840,112061,28015,24720,164796
2025-02,HX-C0399,1,0,1,14949050,285,85000,511047,111342,27835,24562,163739
2025-03,HX-C0399,1,0,1,15613882,285,85000,529995,114677,28669,25298,168644
2025-04,HX-C0399,1,0,1,15947837,285,85000,539513,115930,28982,25574,170486
2025-05,HX-C0399,1,0,1,16343548,285,85000,550791,117529,29382,25927,172838
2025-06,HX-C0399,1,0,1,16591335,285,85000,557853,118201,29550,26075,173826
2025-07,HX-C0399,1,0,1,17052841,285,85000,571005,120134,30033,26501,176668
2025-08,HX-C0399,1,0,1,17461885,285,85000,582663,121715,30428,26851,178994
2025-09,HX-C0399,1,0,1,17915002,285,85000,595577,123522,30880,27248,181650
2025-10,HX-C0399,1,0,1,18329136,285,85000,607380,125061,31265,27588,183914
2025-11,HX-C0399,1,0,1,18542362,285,85000,613457,125395,31348,27662,184405
2025-12,HX-C0399,1,0,1,18950692,285,85000,625094,126839,31709,27980,186528
2026-01,HX-C0399,1,0,1,19418108,285,85000,638416,128586,32146,28366,189098
2026-02,HX-C0399,1,0,1,19890847,285,85000,651889,130325,32581,28749,191655
2026-03,HX-C0399,1,0,1,20248035,285,85000,662068,131369,32842,28980,193191
2026-04,HX-C0399,1,0,1,20987105,285,85000,683132,134527,33631,29677,197835
2026-05,HX-C0399,1,0,1,21474879,285,85000,697034,136222,34055,30050,200327
2026-06,HX-C0399,1,0,1,21815447,285,85000,706740,137062,34265,30235,201562
2026-07,HX-C0399,1,0,1,22685365,285,85000,731532,140775,35193,31055,207023
2023-08,HX-C0400,0,0,1,51638210,235,85000,1298497,317871,79467,70120,467458
2023-09,HX-C0400,0,0,1,53753157,235,85000,1348199,328021,82005,72359,482385
2023-10,HX-C0400,0,0,1,55161681,235,85000,1381299,334008,83502,73679,491189
2023-11,HX-C0400,0,0,1,56237793,235,85000,1406588,338019,84504,74565,497088
2023-12,HX-C0400,0,0,1,57598588,235,85000,1438566,343552,85888,75784,505224
2024-01,HX-C0400,0,0,1,59285659,235,85000,1478212,350808,87702,77385,515895
2024-02,HX-C0400,0,0,1,60799169,235,85000,1513780,356985,89246,78747,524978
2024-03,HX-C0400,0,0,1,61939120,235,85000,1540569,360998,90249,79633,530880
2024-04,HX-C0400,0,0,1,62215362,235,85000,1547061,360204,90051,79458,529713
2024-05,HX-C0400,0,0,1,63869181,235,85000,1585925,366881,91720,80930,539531
2024-06,HX-C0400,0,0,1,65660885,235,85000,1628030,374186,93546,82542,550274
2024-07,HX-C0400,0,0,1,66519347,235,85000,1648204,376356,94089,83021,553466
2024-08,HX-C0400,0,0,1,68638153,235,85000,1697996,385186,96296,84969,566451
2024-09,HX-C0400,0,0,1,71296840,235,85000,1760475,396726,99181,87514,583421
2024-10,HX-C0400,0,0,1,73287550,235,85000,1807257,404565,101141,89243,594949
2024-11,HX-C0400,0,0,1,76567402,235,85000,1884333,418999,104749,92428,616176
2024-12,HX-C0400,0,0,1,77359402,235,85000,1902945,420291,105072,92713,618076
2025-01,HX-C0400,0,0,1,79061199,235,85000,1942938,426217,106554,94020,626791
2025-02,HX-C0400,0,0,1,81331074,235,85000,1996280,434933,108733,95942,639608
2025-03,HX-C0400,0,0,1,82719678,235,85000,2028912,439007,109751,96841,645599
2025-04,HX-C0400,0,0,1,84461514,235,85000,2069845,444768,111192,98111,654071
2025-05,HX-C0400,0,0,1,86800943,235,85000,2124822,453402,113350,100017,666769
2025-06,HX-C0400,0,0,1,89854191,235,85000,2196573,465427,116356,102669,684452
2025-07,HX-C0400,0,0,1,93186912,235,85000,2274892,478618,119654,105579,703851
2025-08,HX-C0400,0,0,1,93904494,235,85000,2291755,478738,119684,105605,704027
2025-09,HX-C0400,0,0,1,97427007,235,85000,2374534,492477,123119,108636,724232
2025-10,HX-C0400,0,0,1,101587922,235,85000,2472316,509059,127264,112294,748617
2025-11,HX-C0400,0,0,1,103733774,235,85000,2522743,515668,128917,113751,758336
2025-12,HX-C0400,0,0,1,106408045,235,85000,2585589,524646,131161,115732,771539
2026-01,HX-C0400,0,0,1,108809766,235,85000,2642029,532146,133036,117386,782568
2026-02,HX-C0400,0,0,1,110708107,235,85000,2686640,537112,134278,118482,789872
2026-03,HX-C0400,0,0,1,113152192,235,85000,2744076,544490,136122,120109,800721
2026-04,HX-C0400,0,0,1,115826451,235,85000,2806921,552761,138190,121933,812884
2026-05,HX-C0400,0,0,1,118413137,235,85000,2867708,560441,140110,123628,824179
2026-06,HX-C0400,0,0,1,119187826,235,85000,2885913,559682,139920,123460,823062
2026-07,HX-C0400,0,0,1,122027377,235,85000,2952643,568205,142051,125341,835597
2025-02,HX-C0401,6,0,1,24728673,285,85000,789767,172067,43016,37958,253041
2025-03,HX-C0401,6,0,1,25144794,285,85000,801626,173452,43363,38262,255077
2025-04,HX-C0401,6,0,1,26228016,285,85000,832498,178886,44721,39462,263069
2025-05,HX-C0401,6,0,1,26843505,285,85000,850039,181384,45346,40012,266742
2025-06,HX-C0401,6,0,1,27235064,285,85000,861199,182477,45619,40253,268349
2025-07,HX-C0401,6,0,1,28386459,285,85000,894014,188092,47023,41492,276607
2025-08,HX-C0401,6,0,1,29338989,285,85000,921161,192426,48106,42448,282980
2025-09,HX-C0401,6,0,1,29678473,285,85000,930836,193054,48263,42587,283904
2025-10,HX-C0401,6,0,1,30508059,285,85000,954479,196530,49132,43354,289016
2025-11,HX-C0401,6,0,1,31036166,285,85000,969530,198179,49544,43717,291440
2025-12,HX-C0401,6,0,1,32063051,285,85000,998796,202667,50666,44707,298040
2026-01,HX-C0401,6,0,1,32224560,285,85000,1003399,202100,50525,44581,297206
2026-02,HX-C0401,6,0,1,32252087,285,85000,1004184,200756,50189,44285,295230
2026-03,HX-C0401,6,0,1,32359140,285,85000,1007235,199859,49964,44088,293911
2026-04,HX-C0401,6,0,1,33353793,285,85000,1035583,203934,50983,44987,299904
2026-05,HX-C0401,6,0,1,34344456,285,85000,1063816,207903,51975,45862,305740
2026-06,HX-C0401,6,0,0,0,285,0,0,0,0,0,0
2026-07,HX-C0401,6,0,0,0,285,0,0,0,0,0,0
2026-05,HX-C0402,11,0,1,50932536,285,85000,1536577,300296,75074,66242,441612
2026-06,HX-C0402,11,0,1,53317543,285,85000,1604549,311179,77794,68644,457617
2026-07,HX-C0402,11,0,1,54747771,285,85000,1645311,316623,79155,69845,465623
2023-08,HX-C0403,0,0,1,13461749,285,85000,468659,114727,28681,25309,168717
2023-09,HX-C0403,0,0,1,14006678,285,85000,484190,117805,29451,25987,173243
2023-10,HX-C0403,0,0,1,14621488,285,85000,501712,121317,30329,26762,178408
2023-11,HX-C0403,0,0,1,15213869,285,85000,518595,124624,31156,27491,183271
2023-12,HX-C0403,0,0,1,15390357,285,85000,523625,125049,31262,27586,183897
2024-01,HX-C0403,0,0,1,15623793,285,85000,530278,125845,31461,27761,185067
2024-02,HX-C0403,0,0,1,15836745,285,85000,536347,126483,31620,27902,186005
2024-03,HX-C0403,0,0,1,16198212,285,85000,546649,128095,32023,28257,188375
2024-04,HX-C0403,0,0,1,16800237,285,85000,563806,131271,32817,28959,193047
2024-05,HX-C0403,0,0,1,17316900,285,85000,578531,133834,33458,29524,196816
2024-06,HX-C0403,0,0,1,18040818,285,85000,599163,137711,34427,30379,202517
2024-07,HX-C0403,0,0,1,18742129,285,85000,619150,141378,35344,31188,207910
2024-08,HX-C0403,0,0,1,18821078,285,85000,621400,140963,35240,31096,207299
2024-09,HX-C0403,0,0,1,19284057,285,85000,634595,143006,35751,31547,210304
2024-10,HX-C0403,0,0,1,20057309,285,85000,656633,146990,36747,32426,216163
2024-11,HX-C0403,0,0,1,21177460,285,85000,688557,153107,38276,33775,225158
2024-12,HX-C0403,0,0,1,21322502,285,85000,692691,152990,38247,33749,224986
2025-01,HX-C0403,0,0,1,21735801,285,85000,704470,154538,38634,34090,227262
2025-02,HX-C0403,0,0,1,22535030,285,85000,727248,158446,39611,34953,233010
2025-03,HX-C0403,0,0,1,22855705,285,85000,736387,159336,39834,35148,234318
2025-04,HX-C0403,0,0,1,23184842,285,85000,745767,160250,40062,35350,235662
2025-05,HX-C0403,0,0,1,23476144,285,85000,754070,160906,40226,35495,236627
2025-06,HX-C0403,0,0,1,24301951,285,85000,777605,164764,41191,36346,242301
2025-07,HX-C0403,0,0,1,25188540,285,85000,802873,168917,42229,37262,248408
2025-08,HX-C0403,0,0,1,25839031,285,85000,821412,171589,42897,37851,252337
2025-09,HX-C0403,0,0,1,26175702,285,85000,831007,172350,43087,38020,253457
2025-10,HX-C0403,0,0,1,26532885,285,85000,841187,173203,43300,38208,254711
2025-11,HX-C0403,0,0,1,27384102,285,85000,865446,176904,44226,39023,260153
2025-12,HX-C0403,0,0,1,28114436,285,85000,886261,179832,44958,39670,264460
2026-01,HX-C0403,0,0,1,28651074,285,85000,901555,181587,45396,40057,267040
2026-02,HX-C0403,0,0,1,28923985,285,85000,909333,181793,45448,40102,267343
2026-03,HX-C0403,0,0,1,29767678,285,85000,933378,185204,46301,40854,272359
2026-04,HX-C0403,0,0,1,30477919,285,85000,953620,187794,46948,41426,276168
2026-05,HX-C0403,0,0,1,30766623,285,85000,961848,187975,46993,41467,276435
2026-06,HX-C0403,0,0,1,32165580,285,85000,1001719,194269,48567,42854,285690
2026-07,HX-C0403,0,0,1,33298198,285,85000,1033998,198982,49745,43894,292621
2026-02,HX-C0404,10,0,1,5555663,285,85000,243336,48647,12161,10732,71540
2026-03,HX-C0404,10,0,1,5675549,285,85000,246753,48961,12240,10801,72002
2026-04,HX-C0404,10,0,1,5714608,285,85000,247866,48811,12202,10768,71781
2026-05,HX-C0404,10,0,1,5963722,285,85000,254966,49828,12457,10992,73277
2026-06,HX-C0404,10,0,1,6037265,285,85000,257062,49853,12463,10998,73314
2026-07,HX-C0404,10,0,1,6020876,285,85000,256594,49378,12344,10894,72616
2025-11,HX-C0405,9,0,1,18604431,285,85000,615226,125756,31439,27741,184936
2025-12,HX-C0405,9,0,0,0,285,0,0,0,0,0,0
2026-01,HX-C0405,9,0,0,0,285,0,0,0,0,0,0
2026-02,HX-C0405,9,0,0,0,285,0,0,0,0,0,0
2026-03,HX-C0405,9,0,0,0,285,0,0,0,0,0,0
2026-04,HX-C0405,9,0,0,0,285,0,0,0,0,0,0
2026-05,HX-C0405,9,0,0,0,285,0,0,0,0,0,0
2026-06,HX-C0405,9,0,0,0,285,0,0,0,0,0,0
2026-07,HX-C0405,9,0,0,0,285,0,0,0,0,0,0
2025-02,HX-C0406,6,0,1,6154729,285,85000,260409,56735,14183,12517,83435
2025-03,HX-C0406,6,0,1,6127803,285,85000,259642,56180,14045,12393,82618
2025-04,HX-C0406,6,0,1,6432854,285,85000,268336,57659,14414,12721,84794
2025-05,HX-C0406,6,0,1,6657273,285,85000,274732,58622,14655,12933,86210
2025-06,HX-C0406,6,0,1,6878545,285,85000,281038,59548,14887,13136,87571
2025-07,HX-C0406,6,0,1,7084416,285,85000,286905,60362,15090,13316,88768
2025-08,HX-C0406,6,0,1,7195271,285,85000,290065,60592,15148,13367,89107
2025-09,HX-C0406,6,0,1,7425511,285,85000,296627,61520,15380,13571,90471
2025-10,HX-C0406,6,0,1,7675627,285,85000,303755,62544,15636,13797,91977
2025-11,HX-C0406,6,0,1,7816405,285,85000,307767,62909,15727,13878,92514
2025-12,HX-C0406,6,0,1,7984583,285,85000,312560,63421,15855,13991,93267
2026-01,HX-C0406,6,0,1,8344649,285,85000,322822,65020,16255,14344,95619
2026-02,HX-C0406,6,0,1,8470467,285,85000,326408,65254,16313,14396,95963
2026-03,HX-C0406,6,0,1,8711421,285,85000,333275,66129,16532,14588,97249
2026-04,HX-C0406,6,0,1,8744751,285,85000,334225,65817,16454,14520,96791
2026-05,HX-C0406,6,0,1,8933632,285,85000,339608,66370,16592,14641,97603
2026-06,HX-C0406,6,0,1,9180817,285,85000,346653,67228,16807,14830,98865
2026-07,HX-C0406,6,0,1,9378182,285,85000,352278,67791,16947,14956,99694
2024-05,HX-C0407,3,0,1,11354971,235,85000,351841,81393,20348,17955,119696
2024-06,HX-C0407,3,0,1,11626326,235,85000,358218,82332,20583,18162,121077
2024-07,HX-C0407,3,0,1,11915253,235,85000,365008,83346,20836,18387,122569
2024-08,HX-C0407,3,0,1,12358113,235,85000,375415,85161,21290,18787,125238
2024-09,HX-C0407,3,0,1,12467173,235,85000,377978,85177,21294,18790,125261
2024-10,HX-C0407,3,0,1,12619527,235,85000,381558,85413,21353,18842,125608
2024-11,HX-C0407,3,0,1,13093209,235,85000,392690,87318,21829,19262,128409
2024-12,HX-C0407,3,0,1,13355657,235,85000,398857,88092,22023,19433,129548
2025-01,HX-C0407,3,0,1,13650892,235,85000,405795,89018,22254,19637,130909
2025-02,HX-C0407,3,0,1,13928383,235,85000,412317,89832,22458,19816,132106
2025-03,HX-C0407,3,0,1,14219284,235,85000,419153,90694,22673,20007,133374
2025-04,HX-C0407,3,0,1,14426798,235,85000,424029,91115,22778,20100,133993
2025-05,HX-C0407,3,0,1,14564419,235,85000,427263,91171,22792,20112,134075
2025-06,HX-C0407,3,0,1,14824907,235,85000,433385,91828,22957,20257,135042
2025-07,HX-C0407,3,0,1,15270386,235,85000,443854,93383,23345,20600,137328
2025-08,HX-C0407,3,0,1,15880953,235,85000,458202,95716,23929,21114,140759
2025-09,HX-C0407,3,0,1,16146994,235,85000,464454,96327,24081,21250,141658
2025-10,HX-C0407,3,0,1,16598410,235,85000,475062,97816,24454,21578,143848
2025-11,HX-C0407,3,0,1,16863357,235,85000,481288,98379,24594,21702,144675
2025-12,HX-C0407,3,0,1,16937661,235,85000,483035,98013,24503,21621,144137
2026-01,HX-C0407,3,0,1,17336376,235,85000,492404,99178,24794,21878,145850
2026-02,HX-C0407,3,0,1,17845089,235,85000,504359,100831,25207,22243,148281
2026-03,HX-C0407,3,0,1,18763841,235,85000,525950,104360,26090,23022,153472
2026-04,HX-C0407,3,0,1,19179841,235,85000,535726,105499,26374,23273,155146
2026-05,HX-C0407,3,0,1,19479547,235,85000,542769,106073,26518,23400,155991
2026-06,HX-C0407,3,0,1,20217463,235,85000,560110,108625,27156,23962,159743
2026-07,HX-C0407,3,0,1,21028841,235,85000,579177,111456,27864,24587,163907
2024-08,HX-C0408,4,0,1,31493927,235,85000,825107,187173,46793,41289,275255
2024-09,HX-C0408,4,0,1,32324906,235,85000,844635,190340,47585,41987,279912
2024-10,HX-C0408,4,0,1,32793417,235,85000,855645,191541,47885,42252,281678
2024-11,HX-C0408,4,0,1,33371935,235,85000,869240,193283,48320,42638,284241
2024-12,HX-C0408,4,0,1,34420916,235,85000,893891,197427,49356,43552,290335
2025-01,HX-C0408,4,0,1,35463278,235,85000,918387,201464,50366,44441,296271
2025-02,HX-C0408,4,0,1,36183989,235,85000,935323,203780,50945,44952,299677
2025-03,HX-C0408,4,0,1,36932607,235,85000,952916,206187,51546,45484,303217
2025-04,HX-C0408,4,0,1,38291209,235,85000,984843,211622,52905,46683,311210
2025-05,HX-C0408,4,0,1,39561220,235,85000,1014688,216518,54129,47762,318409
2025-06,HX-C0408,4,0,1,40595959,235,85000,1039005,220152,55038,48563,323753
2025-07,HX-C0408,4,0,1,41320173,235,85000,1056024,222178,55544,49011,326733
2025-08,HX-C0408,4,0,1,42973674,235,85000,1094881,228715,57178,50454,336347
2025-09,HX-C0408,4,0,1,44605885,235,85000,1133238,235033,58758,51846,345637
2025-10,HX-C0408,4,0,1,46310725,235,85000,1173302,241587,60396,53292,355275
2025-11,HX-C0408,4,0,1,47709427,235,85000,1206171,246551,61637,54387,362575
2025-12,HX-C0408,4,0,1,48919724,235,85000,1234613,250517,62629,55262,368408
2026-01,HX-C0408,4,0,1,49658735,235,85000,1251980,252168,63042,55626,370836
2026-02,HX-C0408,4,0,1,50345670,235,85000,1268123,253523,63380,55925,372828
2026-03,HX-C0408,4,0,1,51980813,235,85000,1306549,259250,64812,57188,381250
2026-04,HX-C0408,4,0,1,52505258,235,85000,1318873,259722,64930,57293,381945
2026-05,HX-C0408,4,0,1,53967415,235,85000,1353234,264464,66116,58339,388919
2026-06,HX-C0408,4,0,1,55275815,235,85000,1383981,268403,67100,59208,394711
2026-07,HX-C0408,4,0,1,56758560,235,85000,1418826,273038,68259,60230,401527
2025-02,HX-C0409,6,0,1,12645777,285,85000,445404,97040,24260,21407,142707
2025-03,HX-C0409,6,0,1,12772946,285,85000,449028,97158,24289,21433,142880
2025-04,HX-C0409,6,0,1,12961787,285,85000,454410,97643,24410,21540,143593
2025-05,HX-C0409,6,0,1,13354537,285,85000,465604,99352,24838,21916,146106
2025-06,HX-C0409,6,0,1,13756921,285,85000,477072,101085,25271,22299,148655
2025-07,HX-C0409,6,0,1,14076407,285,85000,486177,102287,25571,22565,150423
2025-08,HX-C0409,6,0,1,14284844,285,85000,492118,102801,25700,22677,151178
2025-09,HX-C0409,6,0,1,14532391,285,85000,499173,103527,25881,22839,152247
2025-10,HX-C0409,6,0,1,14890368,285,85000,509375,104881,26220,23137,154238
2025-11,HX-C0409,6,0,1,15308038,285,85000,521279,106553,26638,23505,156696
2025-12,HX-C0409,6,0,1,15494267,285,85000,526586,106850,26712,23571,157133
2026-01,HX-C0409,6,0,1,15894811,285,85000,538002,108362,27090,23904,159356
2026-02,HX-C0409,6,0,1,15989036,285,85000,540687,108093,27023,23845,158961
2026-03,HX-C0409,6,0,1,16646139,285,85000,559414,111001,27750,24486,163237
2026-04,HX-C0409,6,0,1,16991361,285,85000,569253,112101,28025,24729,164855
2026-05,HX-C0409,6,0,1,17832202,285,85000,593217,115933,28983,25574,170490
2026-06,HX-C0409,6,0,1,18263749,285,85000,605516,117431,29357,25905,172693
2026-07,HX-C0409,6,0,1,18455705,285,85000,610987,117578,29394,25937,172909
2023-08,HX-C0410,0,0,1,33057105,285,85000,1027127,251440,62860,55465,369765
2023-09,HX-C0410,0,0,1,33906854,285,85000,1051345,255796,63949,56426,376171
2023-10,HX-C0410,0,0,0,0,285,0,0,0,0,0,0
2023-11,HX-C0410,0,0,0,0,285,0,0,0,0,0,0
2023-12,HX-C0410,0,0,0,0,285,0,0,0,0,0,0
2024-01,HX-C0410,0,0,0,0,285,0,0,0,0,0,0
2024-02,HX-C0410,0,0,0,0,285,0,0,0,0,0,0
2024-03,HX-C0410,0,0,0,0,285,0,0,0,0,0,0
2024-04,HX-C0410,0,0,0,0,285,0,0,0,0,0,0
2024-05,HX-C0410,0,0,0,0,285,0,0,0,0,0,0
2024-06,HX-C0410,0,0,0,0,285,0,0,0,0,0,0
2024-07,HX-C0410,0,0,0,0,285,0,0,0,0,0,0
2024-08,HX-C0410,0,0,0,0,285,0,0,0,0,0,0
2024-09,HX-C0410,0,0,0,0,285,0,0,0,0,0,0
2024-10,HX-C0410,0,0,0,0,285,0,0,0,0,0,0
2024-11,HX-C0410,0,0,0,0,285,0,0,0,0,0,0
2024-12,HX-C0410,0,0,0,0,285,0,0,0,0,0,0
2025-01,HX-C0410,0,0,0,0,285,0,0,0,0,0,0
2025-02,HX-C0410,0,0,0,0,285,0,0,0,0,0,0
2025-03,HX-C0410,0,0,0,0,285,0,0,0,0,0,0
2025-04,HX-C0410,0,0,0,0,285,0,0,0,0,0,0
2025-05,HX-C0410,0,0,0,0,285,0,0,0,0,0,0
2025-06,HX-C0410,0,0,0,0,285,0,0,0,0,0,0
2025-07,HX-C0410,0,0,0,0,285,0,0,0,0,0,0
2025-08,HX-C0410,0,0,0,0,285,0,0,0,0,0,0
2025-09,HX-C0410,0,0,0,0,285,0,0,0,0,0,0
2025-10,HX-C0410,0,0,0,0,285,0,0,0,0,0,0
2025-11,HX-C0410,0,0,0,0,285,0,0,0,0,0,0
2025-12,HX-C0410,0,0,0,0,285,0,0,0,0,0,0
2026-01,HX-C0410,0,0,0,0,285,0,0,0,0,0,0
2026-02,HX-C0410,0,0,0,0,285,0,0,0,0,0,0
2026-03,HX-C0410,0,0,0,0,285,0,0,0,0,0,0
2026-04,HX-C0410,0,0,0,0,285,0,0,0,0,0,0
2026-05,HX-C0410,0,0,0,0,285,0,0,0,0,0,0
2026-06,HX-C0410,0,0,0,0,285,0,0,0,0,0,0
2026-07,HX-C0410,0,0,0,0,285,0,0,0,0,0,0
2025-11,HX-C0411,9,0,1,9551074,285,85000,357205,73015,18253,16107,107375
2025-12,HX-C0411,9,0,1,9844222,285,85000,365560,74176,18544,16363,109083
2026-01,HX-C0411,9,0,1,10079682,285,85000,372270,74980,18745,16541,110266
2026-02,HX-C0411,9,0,1,10363238,285,85000,380352,76039,19009,16775,111823
2026-03,HX-C0411,9,0,1,10727757,285,85000,390741,77532,19383,17103,114018
2026-04,HX-C0411,9,0,1,10800563,285,85000,392816,77356,19339,17064,113759
2026-05,HX-C0411,9,0,1,11022988,285,85000,399155,78007,19501,17209,114717
2026-06,HX-C0411,9,0,0,0,285,0,0,0,0,0,0
2026-07,HX-C0411,9,0,0,0,285,0,0,0,0,0,0
2025-08,HX-C0412,8,0,0,0,285,0,0,0,0,0,0
2025-09,HX-C0412,8,0,0,0,285,0,0,0,0,0,0
2025-10,HX-C0412,8,0,0,0,285,0,0,0,0,0,0
2025-11,HX-C0412,8,0,0,0,285,0,0,0,0,0,0
2025-12,HX-C0412,8,0,0,0,285,0,0,0,0,0,0
2026-01,HX-C0412,8,0,0,0,285,0,0,0,0,0,0
2026-02,HX-C0412,8,0,0,0,285,0,0,0,0,0,0
2026-03,HX-C0412,8,0,0,0,285,0,0,0,0,0,0
2026-04,HX-C0412,8,0,0,0,285,0,0,0,0,0,0
2026-05,HX-C0412,8,0,0,0,285,0,0,0,0,0,0
2026-06,HX-C0412,8,0,0,0,285,0,0,0,0,0,0
2026-07,HX-C0412,8,0,0,0,285,0,0,0,0,0,0
2025-05,HX-C0413,7,0,1,19744290,285,85000,647712,138211,34552,30489,203252
2025-06,HX-C0413,7,0,1,20142360,285,85000,659057,139646,34911,30805,205362
2025-07,HX-C0413,7,0,1,20584733,285,85000,671664,141312,35328,31172,207812
2025-08,HX-C0413,7,0,1,21058863,285,85000,685177,143130,35782,31574,210486
2025-09,HX-C0413,7,0,1,21586533,285,85000,700216,145224,36306,32035,213565
2025-10,HX-C0413,7,0,1,21986978,285,85000,711628,146526,36631,32323,215480
2025-11,HX-C0413,7,0,1,22170151,285,85000,716849,146529,36632,32323,215484
2025-12,HX-C0413,7,0,1,22199540,285,85000,717686,145626,36406,32125,214157
2026-01,HX-C0413,7,0,1,22284521,285,85000,720108,145040,36260,31995,213295
2026-02,HX-C0413,7,0,1,22623791,285,85000,729778,145896,36474,32184,214554
2026-03,HX-C0413,7,0,1,22911306,285,85000,737972,146431,36607,32302,215340
2026-04,HX-C0413,7,0,1,23770247,285,85000,762452,150148,37537,33121,220806
2026-05,HX-C0413,7,0,1,24242217,285,85000,775903,151635,37908,33451,222994
2026-06,HX-C0413,7,0,1,24984905,285,85000,797069,154580,38645,34099,227324
2026-07,HX-C0413,7,0,1,25627627,285,85000,815387,156912,39228,34614,230754
2025-02,HX-C0414,6,0,1,3512870,285,85000,185116,40331,10082,8898,59311
2025-03,HX-C0414,6,0,1,3585794,285,85000,187195,40504,10126,8935,59565
2025-04,HX-C0414,6,0,1,3697695,285,85000,190384,40909,10227,9025,60161
2025-05,HX-C0414,6,0,1,3770120,285,85000,192448,41065,10266,9059,60390
2025-06,HX-C0414,6,0,1,3801889,285,85000,193353,40968,10242,9038,60248
2025-07,HX-C0414,6,0,1,3886174,285,85000,195755,41184,10296,9086,60566
2025-08,HX-C0414,6,0,1,3941272,285,85000,197326,41220,10305,9093,60618
2025-09,HX-C0414,6,0,1,3986461,285,85000,198614,41192,10298,9087,60577
2025-10,HX-C0414,6,0,1,4119175,285,85000,202396,41673,10418,9194,61285
2025-11,HX-C0414,6,0,1,4305857,285,85000,207716,42458,10614,9367,62439
2025-12,HX-C0414,6,0,1,4374102,285,85000,209661,42542,10635,9385,62562
2026-01,HX-C0414,6,0,1,4437512,285,85000,211469,42593,10648,9396,62637
2026-02,HX-C0414,6,0,1,4519544,285,85000,213807,42744,10686,9429,62859
2026-03,HX-C0414,6,0,1,4605288,285,85000,216250,42908,10727,9466,63101
2026-04,HX-C0414,6,0,1,4748109,285,85000,220321,43386,10846,9572,63804
2026-05,HX-C0414,6,0,1,4961892,285,85000,226413,44248,11062,9761,65071
2026-06,HX-C0414,6,0,1,5015982,285,85000,227955,44208,11052,9752,65012
2026-07,HX-C0414,6,0,1,5105109,285,85000,230495,44356,11089,9785,65230
2023-08,HX-C0415,0,0,1,32427380,285,85000,1009180,247046,61761,54497,363304
2023-09,HX-C0415,0,0,1,33357385,285,85000,1035685,251986,62996,55586,370568
2023-10,HX-C0415,0,0,1,34830283,285,85000,1077663,260586,65146,57484,383216
2023-11,HX-C0415,0,0,1,35103047,285,85000,1085436,260843,65210,57540,383593
2023-12,HX-C0415,0,0,1,35721797,285,85000,1103071,263430,65857,58111,387398
2024-01,HX-C0415,0,0,1,36475810,285,85000,1124560,266880,66720,58871,392471
2024-02,HX-C0415,0,0,1,37034967,285,85000,1140496,268956,67239,59329,395524
2024-03,HX-C0415,0,0,1,37776991,285,85000,1161644,272205,68051,60046,400302
2024-04,HX-C0415,0,0,1,38734969,285,85000,1188946,276824,69206,61065,407095
2024-05,HX-C0415,0,0,1,40154058,285,85000,1229390,284401,71100,62737,418238
2024-06,HX-C0415,0,0,1,41079911,285,85000,1255777,288627,72156,63669,424452
2024-07,HX-C0415,0,0,1,41899165,285,85000,1279126,292080,73020,64430,429530
2024-08,HX-C0415,0,0,1,43381310,285,85000,1321367,299749,74937,66122,440808
2024-09,HX-C0415,0,0,1,44149556,285,85000,1343262,302706,75676,66775,445157
2024-10,HX-C0415,0,0,1,44399100,285,85000,1350374,302289,75572,66682,444543
2024-11,HX-C0415,0,0,1,45796619,285,85000,1390203,309125,77281,68190,454596
2024-12,HX-C0415,0,0,1,47314220,285,85000,1433455,316598,79149,69839,465586
2025-01,HX-C0415,0,0,1,47832156,285,85000,1448216,317691,79422,70081,467194
2025-02,HX-C0415,0,0,1,48914461,285,85000,1479062,322245,80561,71085,473891
2025-03,HX-C0415,0,0,1,50914895,285,85000,1536074,332369,83092,73317,488778
2025-04,HX-C0415,0,0,1,51217028,285,85000,1544685,331921,82980,73219,488120
2025-05,HX-C0415,0,0,1,52581081,285,85000,1583560,337906,84476,74539,496921
2025-06,HX-C0415,0,0,1,53539815,285,85000,1610884,341326,85331,75294,501951
2025-07,HX-C0415,0,0,0,0,285,0,0,0,0,0,0
2025-08,HX-C0415,0,0,0,0,285,0,0,0,0,0,0
2025-09,HX-C0415,0,0,0,0,285,0,0,0,0,0,0
2025-10,HX-C0415,0,0,0,0,285,0,0,0,0,0,0
2025-11,HX-C0415,0,0,0,0,285,0,0,0,0,0,0
2025-12,HX-C0415,0,0,0,0,285,0,0,0,0,0,0
2026-01,HX-C0415,0,0,0,0,285,0,0,0,0,0,0
2026-02,HX-C0415,0,0,0,0,285,0,0,0,0,0,0
2026-03,HX-C0415,0,0,0,0,285,0,0,0,0,0,0
2026-04,HX-C0415,0,0,0,0,285,0,0,0,0,0,0
2026-05,HX-C0415,0,0,0,0,285,0,0,0,0,0,0
2026-06,HX-C0415,0,0,0,0,285,0,0,0,0,0,0
2026-07,HX-C0415,0,0,0,0,285,0,0,0,0,0,0
2026-02,HX-C0416,10,0,1,4652498,285,85000,217596,43501,10875,9597,63973
2026-03,HX-C0416,10,0,1,4850215,285,85000,223231,44293,11073,9772,65138
2026-04,HX-C0416,10,0,1,4947408,285,85000,226001,44505,11126,9818,65449
2026-05,HX-C0416,10,0,1,5126358,285,85000,231101,45164,11291,9963,66418
2026-06,HX-C0416,10,0,1,5339353,285,85000,237171,45995,11498,10148,67641
2026-07,HX-C0416,10,0,1,5456001,285,85000,240496,46280,11570,10210,68060
2024-05,HX-C0417,3,0,1,24397710,285,85000,780334,180518,45129,39822,265469
2024-06,HX-C0417,3,0,1,25150720,285,85000,801795,184284,46071,40651,271006
2024-07,HX-C0417,3,0,1,25375540,285,85000,808202,184547,46136,40711,271394
2024-08,HX-C0417,3,0,1,25961100,285,85000,824891,187124,46781,41278,275183
2024-09,HX-C0417,3,0,1,26758633,285,85000,847621,191012,47753,42136,280901
2024-10,HX-C0417,3,0,1,27843709,285,85000,878545,196667,49166,43384,289217
2024-11,HX-C0417,3,0,1,28663587,285,85000,901912,200549,50137,44239,294925
2024-12,HX-C0417,3,0,1,29719327,285,85000,932000,205844,51461,45408,302713
2025-01,HX-C0417,3,0,1,30638267,285,85000,958190,210196,52549,46367,309112
2025-02,HX-C0417,3,0,1,31436686,285,85000,980945,213719,53429,47146,314294
2025-03,HX-C0417,3,0,1,32276107,285,85000,1004869,217429,54357,47963,319749
2025-04,HX-C0417,3,0,1,32655877,285,85000,1015692,218251,54562,48145,320958
2025-05,HX-C0417,3,0,1,33799769,285,85000,1048293,223688,55922,49344,328954
2025-06,HX-C0417,3,0,1,34675996,285,85000,1073265,227411,56852,50166,334429
2025-07,HX-C0417,3,0,1,35176308,285,85000,1087524,228805,57201,50473,336479
2025-08,HX-C0417,3,0,1,35219815,285,85000,1088764,227438,56859,50171,334468
2025-09,HX-C0417,3,0,1,36237203,285,85000,1117760,231822,57955,51139,340916
2025-10,HX-C0417,3,0,1,37158262,285,85000,1144010,235556,58889,51961,346406
2025-11,HX-C0417,3,0,1,38542317,285,85000,1183456,241907,60476,53363,355746
2025-12,HX-C0417,3,0,1,39412128,285,85000,1208245,245167,61291,54082,360540
2026-01,HX-C0417,3,0,1,40159793,285,85000,1229554,247651,61912,54630,364193
2026-02,HX-C0417,3,0,1,40345275,285,85000,1234840,246868,61717,54457,363042
2026-03,HX-C0417,3,0,1,40824584,285,85000,1248500,247732,61933,54647,364312
2026-04,HX-C0417,3,0,1,41596387,285,85000,1270497,250195,62548,55192,367935
2026-05,HX-C0417,3,0,1,43040563,285,85000,1311656,256338,64084,56547,376969
2026-06,HX-C0417,3,0,1,43981019,285,85000,1338459,259575,64893,57260,381728
2026-07,HX-C0417,3,0,1,45297628,285,85000,1375982,264793,66198,58411,389402
2024-05,HX-C0418,3,0,1,3053807,285,85000,172033,39797,9949,8779,58525
2024-06,HX-C0418,3,0,1,3089600,285,85000,173053,39773,9943,8775,58491
2024-07,HX-C0418,3,0,1,3197842,285,85000,176138,40219,10054,8874,59147
2024-08,HX-C0418,3,0,1,3223968,285,85000,176883,40125,10031,8852,59008
2024-09,HX-C0418,3,0,1,3282977,285,85000,178564,40239,10059,8878,59176
2024-10,HX-C0418,3,0,1,3355911,285,85000,180643,40437,10109,8921,59467
2024-11,HX-C0418,3,0,1,3436159,285,85000,182930,40676,10169,8973,59818
2024-12,HX-C0418,3,0,1,3585415,285,85000,187184,41341,10335,9121,60797
2025-01,HX-C0418,3,0,1,3669700,285,85000,189586,41588,10397,9175,61160
2025-02,HX-C0418,3,0,1,3807109,285,85000,193502,42158,10539,9301,61998
2025-03,HX-C0418,3,0,1,3912616,285,85000,196509,42519,10629,9381,62529
2025-04,HX-C0418,3,0,1,4093230,285,85000,201657,43331,10832,9560,63723
2025-05,HX-C0418,3,0,1,4179665,285,85000,204120,43555,10888,9609,64052
2025-06,HX-C0418,3,0,1,4317539,285,85000,208049,44083,11020,9725,64828
2025-07,HX-C0418,3,0,1,4426909,285,85000,211166,44427,11106,9801,65334
2025-08,HX-C0418,3,0,1,4489776,285,85000,212958,44485,11121,9814,65420
2025-09,HX-C0418,3,0,1,4541792,285,85000,214441,44474,11118,9812,65404
2025-10,HX-C0418,3,0,1,4682004,285,85000,218437,44976,11244,9922,66142
2025-11,HX-C0418,3,0,1,4806174,285,85000,221975,45373,11343,10009,66725
2025-12,HX-C0418,3,0,1,4919751,285,85000,225212,45698,11424,10081,67203
2026-01,HX-C0418,3,0,1,5189045,285,85000,232887,46907,11726,10348,68981
2026-02,HX-C0418,3,0,1,5296609,285,85000,235953,47171,11792,10407,69370
2026-03,HX-C0418,3,0,1,5480204,285,85000,241185,47856,11964,10557,70377
2026-04,HX-C0418,3,0,1,5471243,285,85000,240930,47445,11861,10467,69773
2026-05,HX-C0418,3,0,1,5676714,285,85000,246786,48229,12057,10640,70926
2026-06,HX-C0418,3,0,1,5767974,285,85000,249387,48365,12091,10669,71125
2026-07,HX-C0418,3,0,0,0,285,0,0,0,0,0,0
2024-02,HX-C0419,2,0,1,38840844,285,85000,1191964,281093,70273,62007,413373
2024-03,HX-C0419,2,0,1,40255668,285,85000,1232286,288758,72189,63698,424645
2024-04,HX-C0419,2,0,1,41335438,285,85000,1263059,294080,73520,64871,432471
2024-05,HX-C0419,2,0,1,41696669,285,85000,1273355,294572,73643,64980,433195
2024-06,HX-C0419,2,0,1,42529248,285,85000,1297083,298121,74530,65763,438414
2024-07,HX-C0419,2,0,1,43515265,285,85000,1325185,302597,75649,66751,444997
2024-08,HX-C0419,2,0,1,44340577,285,85000,1348706,305951,76487,67490,449928
2024-09,HX-C0419,2,0,1,45282723,285,85000,1375557,309984,77496,68379,455859
2024-10,HX-C0419,2,0,1,47441065,285,85000,1437070,321696,80424,70963,473083
2024-11,HX-C0419,2,0,1,48840331,285,85000,1476949,328414,82103,72445,482962
2024-12,HX-C0419,2,0,1,49447320,285,85000,1494248,330025,82506,72800,485331
2025-01,HX-C0419,2,0,1,51218860,285,85000,1544737,338865,84716,74751,498332
2025-02,HX-C0419,2,0,1,52904737,285,85000,1592785,347023,86755,76550,510328
2025-03,HX-C0419,2,0,1,54396392,285,85000,1635297,353838,88459,78054,520351
2025-04,HX-C0419,2,0,1,55413550,285,85000,1664286,357621,89405,78888,525914
2025-05,HX-C0419,2,0,1,56777532,285,85000,1703159,363426,90856,80169,534451
2025-06,HX-C0419,2,0,1,58637849,285,85000,1756178,372113,93028,82084,547225
2025-07,HX-C0419,2,0,1,60104104,285,85000,1797966,378277,94569,83444,556290
2025-08,HX-C0419,2,0,1,60765863,285,85000,1816827,379527,94881,83721,558129
2025-09,HX-C0419,2,0,1,61681221,285,85000,1842914,382219,95554,84315,562088
2025-10,HX-C0419,2,0,1,64018160,285,85000,1909517,393176,98294,86731,578201
2025-11,HX-C0419,2,0,1,65161992,285,85000,1942116,396984,99246,87570,583800
2025-12,HX-C0419,2,0,1,65417305,285,85000,1949393,395554,98888,87256,581698
2026-01,HX-C0419,2,0,1,66787003,285,85000,1988429,400500,100125,88347,588972
2026-02,HX-C0419,2,0,1,68360834,285,85000,2033283,406493,101623,89669,597785
2026-03,HX-C0419,2,0,1,69620604,285,85000,2069187,410575,102643,90570,603788
2026-04,HX-C0419,2,0,1,71194479,285,85000,2114042,416313,104078,91835,612226
2026-05,HX-C0419,2,0,1,73906850,285,85000,2191345,428258,107064,94470,629792
2026-06,HX-C0419,2,0,1,75685462,285,85000,2242035,434811,108702,95915,639428
2026-07,HX-C0419,2,0,1,77411309,285,85000,2291222,440922,110230,97263,648415
2024-02,HX-C0420,2,0,1,7189500,235,85000,253953,59887,14971,13212,88070
2024-03,HX-C0420,2,0,1,7482828,235,85000,260846,61123,15280,13484,89887
2024-04,HX-C0420,2,0,1,7670727,235,85000,265262,61761,15440,13624,90825
2024-05,HX-C0420,2,0,1,7890723,235,85000,270431,62560,15640,13800,92000
2024-06,HX-C0420,2,0,1,8114859,235,85000,275699,63366,15841,13979,93186
2024-07,HX-C0420,2,0,1,8263795,235,85000,279199,63753,15938,14064,93755
2024-08,HX-C0420,2,0,1,8593645,235,85000,286950,65093,16273,14360,95726
2024-09,HX-C0420,2,0,1,8868645,235,85000,293413,66121,16530,14586,97237
2024-10,HX-C0420,2,0,1,9018760,235,85000,296940,66471,16617,14664,97752
2024-11,HX-C0420,2,0,1,9197058,235,85000,301130,66958,16739,14772,98469
2024-12,HX-C0420,2,0,1,9445987,235,85000,306980,67800,16950,14957,99707
2025-01,HX-C0420,2,0,1,9709839,235,85000,313181,68701,17175,15156,101032
2025-02,HX-C0420,2,0,1,10039030,235,85000,320917,69918,17479,15424,102821
2025-03,HX-C0420,2,0,1,10449684,235,85000,330567,71526,17881,15779,105186
2025-04,HX-C0420,2,0,1,10814849,235,85000,339148,72875,18218,16077,107170
2025-05,HX-C0420,2,0,1,11254116,235,85000,349471,74570,18642,16451,109663
2025-06,HX-C0420,2,0,1,11577198,235,85000,357064,75657,18914,16690,111261
2025-07,HX-C0420,2,0,1,11912076,235,85000,364933,76778,19194,16938,112910
2025-08,HX-C0420,2,0,1,12107318,235,85000,369521,77190,19297,17029,113516
2025-09,HX-C0420,2,0,1,12357999,235,85000,375412,77860,19465,17175,114500
2025-10,HX-C0420,2,0,1,12926837,235,85000,388780,80050,20012,17660,117722
2025-11,HX-C0420,2,0,1,13326070,235,85000,398162,81387,20346,17954,119687
2025-12,HX-C0420,2,0,1,14104970,235,85000,416466,84505,21126,18642,124273
2026-01,HX-C0420,2,0,1,14739194,235,85000,431371,86884,21721,19167,127772
2026-02,HX-C0420,2,0,1,15128673,235,85000,440523,88068,22017,19428,129513
2026-03,HX-C0420,2,0,1,15435916,235,85000,447744,88842,22210,19599,130651
2026-04,HX-C0420,2,0,1,15779141,235,85000,455809,89761,22440,19801,132002
2026-05,HX-C0420,2,0,1,16357028,235,85000,469390,91733,22933,20236,134902
2026-06,HX-C0420,2,0,1,16765199,235,85000,478982,92891,23222,20492,136605
2026-07,HX-C0420,2,0,1,16783345,235,85000,479408,92256,23064,20352,135672
2024-02,HX-C0421,2,0,1,22776694,285,85000,734135,173126,43281,38191,254598
2024-03,HX-C0421,2,0,1,23361511,285,85000,750803,175933,43983,38810,258726
2024-04,HX-C0421,2,0,1,24065214,285,85000,770858,179479,44869,39593,263941
2024-05,HX-C0421,2,0,1,24336654,285,85000,778594,180116,45029,39732,264877
2024-06,HX-C0421,2,0,1,25182827,285,85000,802710,184494,46123,40698,271315
2024-07,HX-C0421,2,0,1,26401153,285,85000,837432,191222,47805,42182,281209
2024-08,HX-C0421,2,0,1,27681690,285,85000,873928,198248,49562,43732,291542
2024-09,HX-C0421,2,0,1,28684348,285,85000,902503,203380,50845,44864,299089
2024-10,HX-C0421,2,0,1,29888416,285,85000,936819,209712,52428,46260,308400
2024-11,HX-C0421,2,0,1,30847515,285,85000,964154,214389,53597,47292,315278
2024-12,HX-C0421,2,0,1,31033351,285,85000,969450,214116,53529,47232,314877
2025-01,HX-C0421,2,0,1,31789539,285,85000,991001,217393,54348,47955,319696
2025-02,HX-C0421,2,0,1,32306967,285,85000,1005748,219123,54780,48338,322241
2025-03,HX-C0421,2,0,1,33173957,285,85000,1030457,222965,55741,49185,327891
2025-04,HX-C0421,2,0,1,35152266,285,85000,1086839,233539,58384,51518,343441
2025-05,HX-C0421,2,0,1,36299722,285,85000,1119542,238892,59723,52697,351312
2025-06,HX-C0421,2,0,1,37145430,285,85000,1143644,242324,60581,53454,356359
2025-07,HX-C0421,2,0,1,37958627,285,85000,1166820,245489,61372,54153,361014
2025-08,HX-C0421,2,0,1,38641783,285,85000,1186290,247811,61952,54665,364428
2025-09,HX-C0421,2,0,1,39757897,285,85000,1218100,252633,63158,55729,371520
2025-10,HX-C0421,2,0,1,40213257,285,85000,1231077,253483,63370,55917,372770
2025-11,HX-C0421,2,0,1,40943367,285,85000,1251885,255894,63973,56449,376316
2025-12,HX-C0421,2,0,1,41420702,285,85000,1265490,256782,64195,56645,377622
2026-01,HX-C0421,2,0,1,43281908,285,85000,1318534,265573,66393,58583,390549
2026-02,HX-C0421,2,0,1,44505088,285,85000,1353395,270570,67642,59686,397898
2026-03,HX-C0421,2,0,1,45505223,285,85000,1381898,274201,68550,60486,403237
2026-04,HX-C0421,2,0,1,46326559,285,85000,1405306,276743,69185,61048,406976
2026-05,HX-C0421,2,0,1,47994487,285,85000,1452842,283931,70982,62633,417546
2026-06,HX-C0421,2,0,1,49194164,285,85000,1487033,288388,72097,63616,424101
2026-07,HX-C0421,2,0,1,50636785,285,85000,1528148,294076,73519,64870,432465
2026-05,HX-C0422,11,0,1,8740894,285,85000,334115,65296,16324,14404,96024
2026-06,HX-C0422,11,0,1,8934708,285,85000,339639,65868,16467,14530,96865
2026-07,HX-C0422,11,0,1,9153510,285,85000,345875,66559,16639,14684,97882
2024-02,HX-C0423,2,0,1,102050282,285,85000,2993433,705922,176480,155720,1038122
2024-03,HX-C0423,2,0,1,102437077,285,85000,3004456,704027,176006,155302,1035335
2024-04,HX-C0423,2,0,1,104056056,285,85000,3050597,710276,177569,156679,1044524
2024-05,HX-C0423,2,0,1,107269266,285,85000,3142174,726897,181724,160346,1068967
2024-06,HX-C0423,2,0,1,111373091,285,85000,3259133,749078,187269,165239,1101586
2024-07,HX-C0423,2,0,1,113611153,285,85000,3322917,758767,189691,167377,1115835
2024-08,HX-C0423,2,0,1,115216675,285,85000,3368675,764176,191044,168569,1123789
2024-09,HX-C0423,2,0,1,118978377,285,85000,3475883,783296,195824,172787,1151907
2024-10,HX-C0423,2,0,1,120354659,285,85000,3515107,786877,196719,173577,1157173
2024-11,HX-C0423,2,0,1,123897984,285,85000,3616092,804074,201018,177370,1182462
2024-12,HX-C0423,2,0,1,126401721,285,85000,3687449,814424,203606,179653,1197683
2025-01,HX-C0423,2,0,1,129765122,285,85000,3783305,829935,207483,183076,1220494
2025-02,HX-C0423,2,0,1,134129823,285,85000,3907699,851377,212844,187805,1252026
2025-03,HX-C0423,2,0,1,136966222,285,85000,3988537,863023,215755,190374,1269152
2025-04,HX-C0423,2,0,1,138686833,285,85000,4037574,867593,216898,191382,1275873
2025-05,HX-C0423,2,0,0,0,285,0,0,0,0,0,0
2025-06,HX-C0423,2,0,0,0,285,0,0,0,0,0,0
2025-07,HX-C0423,2,0,0,0,285,0,0,0,0,0,0
2025-08,HX-C0423,2,0,0,0,285,0,0,0,0,0,0
2025-09,HX-C0423,2,0,0,0,285,0,0,0,0,0,0
2025-10,HX-C0423,2,0,0,0,285,0,0,0,0,0,0
2025-11,HX-C0423,2,0,0,0,285,0,0,0,0,0,0
2025-12,HX-C0423,2,0,0,0,285,0,0,0,0,0,0
2026-01,HX-C0423,2,0,0,0,285,0,0,0,0,0,0
2026-02,HX-C0423,2,0,0,0,285,0,0,0,0,0,0
2026-03,HX-C0423,2,0,0,0,285,0,0,0,0,0,0
2026-04,HX-C0423,2,0,0,0,285,0,0,0,0,0,0
2026-05,HX-C0423,2,0,0,0,285,0,0,0,0,0,0
2026-06,HX-C0423,2,0,0,0,285,0,0,0,0,0,0
2026-07,HX-C0423,2,0,0,0,285,0,0,0,0,0,0
2024-02,HX-C0424,2,0,1,20146087,285,85000,659163,155445,38861,34291,228597
2024-03,HX-C0424,2,0,1,20860354,285,85000,679520,159230,39807,35125,234162
2024-04,HX-C0424,2,0,1,21221346,285,85000,689808,160609,40152,35429,236190
2024-05,HX-C0424,2,0,1,21786128,285,85000,705904,163300,40825,36023,240148
2024-06,HX-C0424,2,0,1,22394073,285,85000,723231,166227,41556,36669,244452
2024-07,HX-C0424,2,0,1,22993188,285,85000,740305,169043,42260,37291,248594
2024-08,HX-C0424,2,0,1,23239298,285,85000,747319,169527,42381,37397,249305
2024-09,HX-C0424,2,0,1,24108336,285,85000,772087,173990,43497,38382,255869
2024-10,HX-C0424,2,0,1,24653414,285,85000,787622,176313,44078,38894,259285
2024-11,HX-C0424,2,0,1,25722548,285,85000,818092,181910,45477,40129,267516
2024-12,HX-C0424,2,0,1,25962917,285,85000,824943,182199,45549,40193,267941
2025-01,HX-C0424,2,0,1,26679898,285,85000,845377,185448,46362,40908,272718
2025-02,HX-C0424,2,0,1,26985051,285,85000,854073,186077,46519,41048,273644
2025-03,HX-C0424,2,0,1,27753194,285,85000,875966,189537,47384,41811,278732
2025-04,HX-C0424,2,0,1,28394410,285,85000,894240,192153,48038,42388,282579
2025-05,HX-C0424,2,0,1,29059454,285,85000,913194,194860,48715,42985,286560
2025-06,HX-C0424,2,0,1,29902716,285,85000,937227,198586,49646,43807,292039
2025-07,HX-C0424,2,0,1,30718714,285,85000,960483,202077,50519,44577,297173
2025-08,HX-C0424,2,0,1,32010180,285,85000,997290,208329,52082,45956,306367
2025-09,HX-C0424,2,0,1,32596985,285,85000,1014014,210306,52576,46392,309274
2025-10,HX-C0424,2,0,1,33083877,285,85000,1027890,211646,52911,46688,311245
2025-11,HX-C0424,2,0,1,33670568,285,85000,1044611,213526,53381,47103,314010
2025-12,HX-C0424,2,0,1,34089319,285,85000,1056545,214385,53596,47292,315273
2026-01,HX-C0424,2,0,1,34845629,285,85000,1078100,217146,54286,47901,319333
2026-02,HX-C0424,2,0,1,35348379,285,85000,1092428,218397,54599,48177,321173
2026-03,HX-C0424,2,0,1,35778928,285,85000,1104699,219198,54799,48354,322351
2026-04,HX-C0424,2,0,1,36951320,285,85000,1138112,224125,56031,49441,329597
2026-05,HX-C0424,2,0,1,37710141,285,85000,1159739,226649,56662,49997,333308
2026-06,HX-C0424,2,0,1,38551916,285,85000,1183729,229567,57391,50641,337599
2026-07,HX-C0424,2,0,1,39176085,285,85000,1201518,231219,57804,51006,340029
2024-05,HX-C0425,3,0,1,13836031,235,85000,410146,94881,23720,20930,139531
2024-06,HX-C0425,3,0,1,14400359,235,85000,423408,97315,24328,21468,143111
2024-07,HX-C0425,3,0,1,14570007,235,85000,427395,97592,24398,21529,143519
2024-08,HX-C0425,3,0,1,14810781,235,85000,433053,98236,24559,21671,144466
2024-09,HX-C0425,3,0,1,15118567,235,85000,440286,99218,24804,21888,145910
2024-10,HX-C0425,3,0,1,15633817,235,85000,452394,101271,25317,22340,148928
2024-11,HX-C0425,3,0,1,15827586,235,85000,456948,101606,25401,22414,149421
2024-12,HX-C0425,3,0,1,16407168,235,85000,470568,103931,25982,22927,152840
2025-01,HX-C0425,3,0,1,16602459,235,85000,475157,104233,26058,22994,153285
2025-02,HX-C0425,3,0,1,17035692,235,85000,485338,105741,26435,23326,155502
2025-03,HX-C0425,3,0,1,17618423,235,85000,499032,107977,26994,23820,158791
2025-04,HX-C0425,3,0,1,18284214,235,85000,514679,110593,27648,24397,162638
2025-05,HX-C0425,3,0,1,18516997,235,85000,520149,110990,27747,24485,163222
2025-06,HX-C0425,3,0,1,19382934,235,85000,540498,114524,28631,25264,168419
2025-07,HX-C0425,3,0,1,20013438,235,85000,555315,116833,29208,25773,171814
2025-08,HX-C0425,3,0,1,20496960,235,85000,566678,118376,29594,26113,174083
2025-09,HX-C0425,3,0,1,21358160,235,85000,586916,121726,30431,26852,179009
2025-10,HX-C0425,3,0,1,21959686,235,85000,601052,123758,30939,27301,181998
2025-11,HX-C0425,3,0,1,22865949,235,85000,622349,127213,31803,28062,187078
2025-12,HX-C0425,3,0,1,23009628,235,85000,625726,126966,31741,28009,186716
2026-01,HX-C0425,3,0,1,23578473,235,85000,639094,128723,32180,28396,189299
2026-02,HX-C0425,3,0,0,0,235,0,0,0,0,0,0
2026-03,HX-C0425,3,0,0,0,235,0,0,0,0,0,0
2026-04,HX-C0425,3,0,0,0,235,0,0,0,0,0,0
2026-05,HX-C0425,3,0,0,0,235,0,0,0,0,0,0
2026-06,HX-C0425,3,0,0,0,235,0,0,0,0,0,0
2026-07,HX-C0425,3,0,0,0,235,0,0,0,0,0,0
2025-02,HX-C0426,6,0,1,15347304,285,85000,522398,113815,28453,25108,167376
2025-03,HX-C0426,6,0,1,15471061,285,85000,525925,113797,28449,25103,167349
2025-04,HX-C0426,6,0,1,16228993,285,85000,547526,117652,29413,25953,173018
2025-05,HX-C0426,6,0,1,16594835,285,85000,557952,119057,29764,26264,175085
2025-06,HX-C0426,6,0,1,16759856,285,85000,562655,119219,29804,26300,175323
2025-07,HX-C0426,6,0,1,17152020,285,85000,573832,120729,30182,26632,177543
2025-08,HX-C0426,6,0,1,17616420,285,85000,587067,122635,30658,27053,180346
2025-09,HX-C0426,6,0,1,18378981,285,85000,608800,126265,31566,27853,185684
2025-10,HX-C0426,6,0,1,18765265,285,85000,619810,127621,31905,28152,187678
2025-11,HX-C0426,6,0,1,19388073,285,85000,637560,130322,32580,28748,191650
2025-12,HX-C0426,6,0,1,19920099,285,85000,652722,132444,33111,29217,194772
2026-01,HX-C0426,6,0,1,20696441,285,85000,674848,135924,33981,29984,199889
2026-02,HX-C0426,6,0,1,20856000,285,85000,679396,135824,33956,29962,199742
2026-03,HX-C0426,6,0,1,21478562,285,85000,697139,138329,34582,30514,203425
2026-04,HX-C0426,6,0,1,22028854,285,85000,712822,140374,35093,30966,206433
2026-05,HX-C0426,6,0,1,22403196,285,85000,723491,141393,35348,31190,207931
2026-06,HX-C0426,6,0,1,22851934,285,85000,736280,142791,35697,31499,209987
2026-07,HX-C0426,6,0,1,23698027,285,85000,760393,146329,36582,32280,215191
2024-05,HX-C0427,3,0,1,13431536,285,85000,467798,108217,27054,23873,159144
2024-06,HX-C0427,3,0,1,13802297,285,85000,478365,109947,27486,24254,161687
2024-07,HX-C0427,3,0,1,13943293,285,85000,482383,110149,27537,24298,161984
2024-08,HX-C0427,3,0,1,14428367,285,85000,496208,112563,28140,24831,165534
2024-09,HX-C0427,3,0,1,14895473,285,85000,509520,114820,28705,25329,168854
2024-10,HX-C0427,3,0,1,15426836,285,85000,524664,117448,29362,25909,172719
2024-11,HX-C0427,3,0,1,15712664,285,85000,532810,118475,29618,26135,174228
2024-12,HX-C0427,3,0,1,16280547,285,85000,548995,121252,30313,26748,178313
2025-01,HX-C0427,3,0,1,16417994,285,85000,552912,121290,30322,26757,178369
2025-02,HX-C0427,3,0,1,16843106,285,85000,565028,123103,30775,27156,181034
2025-03,HX-C0427,3,0,1,17158334,285,85000,574012,124202,31050,27398,182650
2025-04,HX-C0427,3,0,1,17717526,285,85000,589949,126767,31691,27965,186423
2025-05,HX-C0427,3,0,1,18318435,285,85000,607075,129540,32385,28575,190500
2025-06,HX-C0427,3,0,1,18794729,285,85000,620649,131507,32876,29011,193394
2025-07,HX-C0427,3,0,1,19033734,285,85000,627461,132012,33003,29121,194136
2025-08,HX-C0427,3,0,1,19370407,285,85000,637056,133078,33269,29356,195703
2025-09,HX-C0427,3,0,1,20004806,285,85000,655136,135874,33968,29974,199816
2025-10,HX-C0427,3,0,1,20364238,285,85000,665380,137004,34251,30222,201477
2025-11,HX-C0427,3,0,1,20945442,285,85000,681945,139394,34848,30750,204992
2025-12,HX-C0427,3,0,1,21499781,285,85000,697743,141580,35395,31231,208206
2026-01,HX-C0427,3,0,1,22230719,285,85000,718575,144731,36182,31928,212841
2026-02,HX-C0427,3,0,1,22822364,285,85000,735437,147028,36757,32433,216218
2026-03,HX-C0427,3,0,1,23444428,285,85000,753166,149445,37361,32967,219773
2026-04,HX-C0427,3,0,1,23508977,285,85000,755005,148681,37170,32798,218649
2026-05,HX-C0427,3,0,1,24453371,285,85000,781921,152812,38203,33709,224724
2026-06,HX-C0427,3,0,1,25098515,285,85000,800307,155207,38801,34239,228247
2026-07,HX-C0427,3,0,1,25927869,285,85000,823944,158559,39639,34978,233176
2026-05,HX-C0428,11,0,1,47672185,285,85000,1443657,282136,70534,62237,414907
2026-06,HX-C0428,11,0,1,49595418,285,85000,1498469,290606,72651,64106,427363
2026-07,HX-C0428,11,0,1,50560437,285,85000,1525972,293658,73414,64778,431850
2025-11,HX-C0429,9,0,1,12950681,235,85000,389341,79583,19895,17557,117035
2025-12,HX-C0429,9,0,1,13169828,235,85000,394490,80046,20011,17658,117715
2026-01,HX-C0429,9,0,1,13667584,235,85000,406188,81812,20453,18047,120312
2026-02,HX-C0429,9,0,1,14003857,235,85000,414090,82784,20696,18262,121742
2026-03,HX-C0429,9,0,1,14389930,235,85000,423163,83965,20991,18522,123478
2026-04,HX-C0429,9,0,1,14373987,235,85000,422788,83258,20814,18367,122439
2026-05,HX-C0429,9,0,1,14610889,235,85000,428355,83714,20928,18467,123109
2026-06,HX-C0429,9,0,1,14980877,235,85000,437050,84759,21189,18698,124646
2026-07,HX-C0429,9,0,1,15035895,235,85000,438343,84354,21088,18609,124051
2025-05,HX-C0430,7,0,1,10636585,285,85000,388142,82822,20705,18271,121798
2025-06,HX-C0430,7,0,1,10768057,285,85000,391889,83036,20759,18317,122112
2025-07,HX-C0430,7,0,1,11121687,285,85000,401968,84570,21142,18656,124368
2025-08,HX-C0430,7,0,1,11374973,285,85000,409186,85476,21369,18856,125701
2025-09,HX-C0430,7,0,1,11829771,285,85000,422148,87553,21888,19314,128755
2025-10,HX-C0430,7,0,1,12122211,285,85000,430483,88638,22159,19553,130350
2025-11,HX-C0430,7,0,1,12279515,285,85000,434966,88910,22227,19613,130750
2025-12,HX-C0430,7,0,1,12778602,285,85000,449190,91145,22786,20107,134038
2026-01,HX-C0430,7,0,1,12628438,285,85000,444910,89611,22402,19769,131782
2026-02,HX-C0430,7,0,1,12962248,285,85000,454424,90848,22712,20040,133600
2026-03,HX-C0430,7,0,1,13262102,285,85000,462969,91863,22965,20266,135094
2026-04,HX-C0430,7,0,1,13639551,285,85000,473727,93289,23322,20580,137191
2026-05,HX-C0430,7,0,1,13971509,285,85000,483188,94430,23607,20831,138868
2026-06,HX-C0430,7,0,1,14479731,285,85000,497672,96516,24129,21291,141936
2026-07,HX-C0430,7,0,1,14906204,285,85000,509826,98110,24527,21643,144280
2025-08,HX-C0431,8,0,1,5311649,285,85000,236381,49378,12344,10894,72616
2025-09,HX-C0431,8,0,1,5529708,285,85000,242596,50313,12578,11100,73991
2025-10,HX-C0431,8,0,1,5686247,285,85000,247058,50870,12717,11222,74809
2025-11,HX-C0431,8,0,1,5879333,285,85000,252560,51624,12906,11389,75919
2025-12,HX-C0431,8,0,1,6124784,285,85000,259556,52666,13166,11619,77451
2026-01,HX-C0431,8,0,1,6458520,285,85000,269067,54193,13548,11956,79697
2026-02,HX-C0431,8,0,1,6736925,285,85000,277002,55377,13844,12217,81438
2026-03,HX-C0431,8,0,1,6875211,285,85000,280943,55745,13936,12298,81979
2026-04,HX-C0431,8,0,1,7219524,285,85000,290756,57257,14314,12631,84202
2026-05,HX-C0431,8,0,1,7457249,285,85000,297531,58146,14536,12828,85510
2026-06,HX-C0431,8,0,1,7646381,285,85000,302921,58747,14686,12960,86393
2026-07,HX-C0431,8,0,1,7803478,285,85000,307399,59155,14788,13050,86993
2023-08,HX-C0432,0,0,1,29295983,285,85000,919935,225199,56299,49678,331176
2023-09,HX-C0432,0,0,1,30007506,285,85000,940213,228757,57189,50462,336408
2023-10,HX-C0432,0,0,1,31604200,285,85000,985719,238354,59588,52579,350521
2023-11,HX-C0432,0,0,1,33094142,285,85000,1028183,247084,61771,54504,363359
2023-12,HX-C0432,0,0,1,33802439,285,85000,1048369,250367,62591,55229,368187
2024-01,HX-C0432,0,0,1,34417248,285,85000,1065891,252956,63239,55800,371995
2024-02,HX-C0432,0,0,1,34663936,285,85000,1072922,253020,63255,55814,372089
2024-03,HX-C0432,0,0,1,35509004,285,85000,1097006,257059,64264,56705,378028
2024-04,HX-C0432,0,0,1,36722531,285,85000,1131592,263470,65867,58120,387457
2024-05,HX-C0432,0,0,1,38103189,285,85000,1170940,270880,67720,59753,398353
2024-06,HX-C0432,0,0,1,39050387,285,85000,1197936,275333,68833,60736,404902
2024-07,HX-C0432,0,0,1,40432540,285,85000,1237327,282535,70633,62326,415494
2024-08,HX-C0432,0,0,1,41229369,285,85000,1260037,285836,71459,63053,420348
2024-09,HX-C0432,0,0,1,40718227,285,85000,1245469,280668,70167,61913,412748
2024-10,HX-C0432,0,0,1,41831067,285,85000,1277185,285905,71476,63068,420449
2024-11,HX-C0432,0,0,1,42337080,285,85000,1291606,287201,71800,63354,422355
2024-12,HX-C0432,0,0,1,43301103,285,85000,1319081,291337,72834,64266,428437
2025-01,HX-C0432,0,0,1,43943829,285,85000,1337399,293381,73345,64718,431444
2025-02,HX-C0432,0,0,1,45568572,285,85000,1383704,301469,75367,66502,443338
2025-03,HX-C0432,0,0,1,46852775,285,85000,1420304,307319,76829,67792,451940
2025-04,HX-C0432,0,0,1,47898642,285,85000,1450111,311599,77899,68737,458235
2025-05,HX-C0432,0,0,1,49351927,285,85000,1491529,318267,79566,70208,468041
2025-06,HX-C0432,0,0,1,50611393,285,85000,1527424,323642,80910,71393,475945
2025-07,HX-C0432,0,0,1,52514017,285,85000,1581649,332766,83191,73405,489362
2025-08,HX-C0432,0,0,1,53543876,285,85000,1611000,336531,84132,74236,494899
2025-09,HX-C0432,0,0,1,55506045,285,85000,1666922,345719,86429,76263,508411
2025-10,HX-C0432,0,0,1,56659800,285,85000,1699804,349996,87499,77205,514700
2025-11,HX-C0432,0,0,1,57593389,285,85000,1726411,352892,88223,77844,518959
2025-12,HX-C0432,0,0,1,59905672,285,85000,1792311,363681,90920,80224,534825
2026-01,HX-C0432,0,0,1,61856699,285,85000,1847915,372199,93049,82104,547352
2026-02,HX-C0432,0,0,1,63792856,285,85000,1903096,380466,95116,83928,559510
2026-03,HX-C0432,0,0,1,66583739,285,85000,1982636,393402,98350,86781,578533
2026-04,HX-C0432,0,0,1,68123397,285,85000,2026516,399077,99769,88033,586879
2026-05,HX-C0432,0,0,1,68421881,285,85000,2035023,397708,99427,87730,584865
2026-06,HX-C0432,0,0,1,68554956,285,85000,2038816,395399,98849,87222,581470
2026-07,HX-C0432,0,0,1,70226620,285,85000,2086458,401517,100379,88571,590467
2026-02,HX-C0433,10,0,1,7273822,235,85000,255934,51165,12791,11288,75244
2026-03,HX-C0433,10,0,1,7490570,235,85000,261028,51793,12948,11426,76167
2026-04,HX-C0433,10,0,1,7581056,235,85000,263154,51822,12955,11432,76209
2026-05,HX-C0433,10,0,1,7803315,235,85000,268377,52449,13112,11570,77131
2026-06,HX-C0433,10,0,1,7951976,235,85000,271871,52725,13181,11631,77537
2026-07,HX-C0433,10,0,1,8134858,235,85000,276169,53145,13286,11724,78155
2024-11,HX-C0434,5,0,1,6681767,285,85000,275430,61244,15311,13510,90065
2024-12,HX-C0434,5,0,1,6875268,285,85000,280945,62050,15512,13688,91250
2025-01,HX-C0434,5,0,1,7003535,285,85000,284600,62431,15607,13773,91811
2025-02,HX-C0434,5,0,1,7151676,285,85000,288822,62925,15731,13882,92538
2025-03,HX-C0434,5,0,1,7268379,285,85000,292148,63213,15803,13945,92961
2025-04,HX-C0434,5,0,1,7515645,285,85000,299195,64290,16072,14183,94545
2025-05,HX-C0434,5,0,1,7632591,285,85000,302528,64554,16138,14241,94933
2025-06,HX-C0434,5,0,1,7736368,285,85000,305486,64728,16182,14279,95189
2025-07,HX-C0434,5,0,1,7855336,285,85000,308877,64984,16246,14336,95566
2025-08,HX-C0434,5,0,1,7879661,285,85000,309570,64667,16166,14266,95099
2025-09,HX-C0434,5,0,1,8093955,285,85000,315677,65471,16367,14443,96281
2025-10,HX-C0434,5,0,1,8213206,285,85000,319076,65698,16424,14494,96616
2025-11,HX-C0434,5,0,1,8443435,285,85000,325637,66562,16640,14684,97886
2025-12,HX-C0434,5,0,1,8588291,285,85000,329766,66913,16728,14761,98402
2026-01,HX-C0434,5,0,1,8829148,285,85000,336630,67802,16950,14957,99709
2026-02,HX-C0434,5,0,1,9028642,285,85000,342316,68435,17108,15097,100640
2026-03,HX-C0434,5,0,1,9386909,285,85000,352526,69949,17487,15431,102867
2026-04,HX-C0434,5,0,1,9515991,285,85000,356205,70146,17536,15474,103156
2026-05,HX-C0434,5,0,1,9713101,285,85000,361823,70711,17677,15599,103987
2026-06,HX-C0434,5,0,1,9906309,285,85000,367329,71238,17809,15715,104762
2026-07,HX-C0434,5,0,1,10220779,285,85000,376292,72413,18103,15974,106490
2024-08,HX-C0435,4,0,1,18852627,235,85000,528036,119783,29945,26424,176152
2024-09,HX-C0435,4,0,1,19567614,235,85000,544838,122780,30695,27084,180559
2024-10,HX-C0435,4,0,1,19832557,235,85000,551065,123358,30839,27213,181410
2024-11,HX-C0435,4,0,1,20225805,235,85000,560306,124589,31147,27484,183220
2024-12,HX-C0435,4,0,1,20238679,235,85000,560608,123817,30954,27314,182085
2025-01,HX-C0435,4,0,1,20587468,235,85000,568805,124777,31194,27525,183496
2025-02,HX-C0435,4,0,1,21222803,235,85000,583735,127179,31794,28055,187028
2025-03,HX-C0435,4,0,1,22194151,235,85000,606562,131245,32811,28952,193008
2025-04,HX-C0435,4,0,1,22872706,235,85000,622508,133764,33441,29507,196712
2025-05,HX-C0435,4,0,1,23603172,235,85000,639674,136495,34123,30111,200729
2025-06,HX-C0435,4,0,1,23838329,235,85000,645200,136709,34177,30158,201044
2025-07,HX-C0435,4,0,1,24838412,235,85000,668702,140689,35172,31035,206896
2025-08,HX-C0435,4,0,1,24902160,235,85000,670200,140001,35000,30884,205885
2025-09,HX-C0435,4,0,1,25788883,235,85000,691038,143320,35830,31616,210766
2025-10,HX-C0435,4,0,1,26378620,235,85000,704897,145140,36285,32017,213442
2025-11,HX-C0435,4,0,1,27743584,235,85000,736974,150643,37660,33231,221534
2025-12,HX-C0435,4,0,1,28361010,235,85000,751483,152484,38121,33637,224242
2026-01,HX-C0435,4,0,1,29131501,235,85000,769590,155007,38751,34194,227952
2026-02,HX-C0435,4,0,1,29820693,235,85000,785786,157094,39273,34654,231021
2026-03,HX-C0435,4,0,1,30735772,235,85000,807290,160185,40046,35336,235567
2026-04,HX-C0435,4,0,1,31361335,235,85000,821991,161872,40468,35708,238048
2026-05,HX-C0435,4,0,1,31804761,235,85000,832411,162679,40669,35886,239234
2026-06,HX-C0435,4,0,1,32571710,235,85000,850435,164929,41232,36383,242544
2026-07,HX-C0435,4,0,1,32941911,235,85000,859134,165331,41332,36471,243134
2026-02,HX-C0436,10,0,1,6856740,235,85000,246133,49206,12301,10856,72363
2026-03,HX-C0436,10,0,1,7105855,235,85000,251987,49999,12499,11031,73529
2026-04,HX-C0436,10,0,1,7248136,235,85000,255331,50281,12570,11092,73943
2026-05,HX-C0436,10,0,1,7371191,235,85000,258222,50464,12616,11133,74213
2026-06,HX-C0436,10,0,1,7437174,235,85000,259773,50379,12594,11114,74087
2026-07,HX-C0436,10,0,1,7592291,235,85000,263418,50691,12672,11184,74547
2024-05,HX-C0437,3,0,1,14213591,285,85000,490087,113374,28343,25010,166727
2024-06,HX-C0437,3,0,1,14624788,285,85000,501806,115334,28833,25443,169610
2024-07,HX-C0437,3,0,1,15277100,285,85000,520397,118829,29707,26213,174749
2024-08,HX-C0437,3,0,1,15637409,285,85000,530666,120380,30095,26555,177030
2024-09,HX-C0437,3,0,1,15780117,285,85000,534733,120502,30125,26583,177210
2024-10,HX-C0437,3,0,1,16074392,285,85000,543120,121580,30395,26820,178795
2024-11,HX-C0437,3,0,1,16684228,285,85000,560500,124632,31158,27493,183283
2024-12,HX-C0437,3,0,1,17277632,285,85000,577412,127529,31882,28132,187543
2025-01,HX-C0437,3,0,1,17749140,285,85000,590850,129613,32403,28592,190608
2025-02,HX-C0437,3,0,1,17812882,285,85000,592667,129125,32281,28484,189890
2025-03,HX-C0437,3,0,1,18446352,285,85000,610721,132145,33036,29150,194331
2025-04,HX-C0437,3,0,1,18976294,285,85000,625824,134476,33619,29665,197760
2025-05,HX-C0437,3,0,1,19646205,285,85000,644916,137614,34403,30357,202374
2025-06,HX-C0437,3,0,1,20196962,285,85000,660613,139975,34993,30879,205847
2025-07,HX-C0437,3,0,1,20345610,285,85000,664849,139878,34969,30857,205704
2025-08,HX-C0437,3,0,1,20765472,285,85000,676815,141383,35345,31189,207917
2025-09,HX-C0437,3,0,1,21084910,285,85000,685919,142259,35564,31382,209205
2025-10,HX-C0437,3,0,1,21870615,285,85000,708312,145843,36460,32173,214476
2025-11,HX-C0437,3,0,1,22351539,285,85000,722018,147585,36896,32557,217038
2025-12,HX-C0437,3,0,1,22383682,285,85000,722934,146691,36672,32360,215723
2026-01,HX-C0437,3,0,1,22654136,285,85000,730642,147162,36790,32464,216416
2026-02,HX-C0437,3,0,1,23062111,285,85000,742270,148394,37098,32735,218227
2026-03,HX-C0437,3,0,1,23512528,285,85000,755107,149831,37457,33052,220340
2026-04,HX-C0437,3,0,1,24308928,285,85000,777804,153171,38292,33789,225252
2026-05,HX-C0437,3,0,1,25280945,285,85000,805506,157421,39355,34726,231502
2026-06,HX-C0437,3,0,1,25528495,285,85000,812562,157584,39396,34762,231742
2026-07,HX-C0437,3,0,1,26180696,285,85000,831149,159946,39986,35283,235215
2023-08,HX-C0438,0,0,1,49534146,285,85000,1496723,366397,91599,80824,538820
2023-09,HX-C0438,0,0,1,51478695,285,85000,1552142,377642,94410,83304,555356
2023-10,HX-C0438,0,0,1,52722748,285,85000,1587598,383893,95973,84683,564549
2023-11,HX-C0438,0,0,1,53456323,285,85000,1608505,386542,96635,85268,568445
2023-12,HX-C0438,0,0,1,55708505,285,85000,1672692,399465,99866,88118,587449
2024-01,HX-C0438,0,0,1,56213178,285,85000,1687075,400376,100094,88319,588789
2024-02,HX-C0438,0,0,1,56759650,285,85000,1702650,401525,100381,88573,590479
2024-03,HX-C0438,0,0,1,57607475,285,85000,1726813,404640,101160,89259,595059
2024-04,HX-C0438,0,0,1,59798020,285,85000,1789243,416592,104148,91896,612636
2024-05,HX-C0438,0,0,1,60281658,285,85000,1803027,417104,104276,92009,613389
2024-06,HX-C0438,0,0,1,60345173,285,85000,1804837,414823,103705,91506,610034
2024-07,HX-C0438,0,0,1,61658407,285,85000,1842264,420669,105167,92796,618632
2024-08,HX-C0438,0,0,1,63310741,285,85000,1889356,428596,107149,94544,630289
2024-09,HX-C0438,0,0,1,66096935,285,85000,1968762,443663,110915,97869,652447
2024-10,HX-C0438,0,0,1,69027025,285,85000,2052270,459412,114853,101342,675607
2024-11,HX-C0438,0,0,1,69233524,285,85000,2058155,457650,114412,100954,673016
2024-12,HX-C0438,0,0,1,72876460,285,85000,2161979,477502,119375,105333,702210
2025-01,HX-C0438,0,0,1,74223795,285,85000,2200378,482691,120672,106478,709841
2025-02,HX-C0438,0,0,1,74665044,285,85000,2212953,482140,120535,106355,709030
2025-03,HX-C0438,0,0,1,75147449,285,85000,2226702,481804,120451,106281,708536
2025-04,HX-C0438,0,0,1,76453267,285,85000,2263918,486470,121617,107311,715398
2025-05,HX-C0438,0,0,1,78551698,285,85000,2323723,495845,123961,109378,729184
2025-06,HX-C0438,0,0,1,77986608,285,85000,2307618,488956,122239,107858,719053
2025-07,HX-C0438,0,0,1,80949568,285,85000,2392062,503270,125817,111016,740103
2025-08,HX-C0438,0,0,1,83356370,285,85000,2460656,514020,128505,113388,755913
2025-09,HX-C0438,0,0,1,85185993,285,85000,2512800,521154,130288,114962,766404
2025-10,HX-C0438,0,0,1,87492623,285,85000,2578539,530931,132732,117118,780781
2025-11,HX-C0438,0,0,1,89005336,285,85000,2621652,535886,133971,118211,788068
2025-12,HX-C0438,0,0,1,91018142,285,85000,2679017,543604,135901,119913,799418
2026-01,HX-C0438,0,0,1,93329015,285,85000,2744876,552861,138215,121956,813032
2026-02,HX-C0438,0,0,1,94977497,285,85000,2791858,558148,139537,123121,820806
2026-03,HX-C0438,0,0,1,95784303,285,85000,2814852,558533,139633,123207,821373
2026-04,HX-C0438,0,0,1,97046288,285,85000,2850819,561405,140351,123841,825597
2026-05,HX-C0438,0,0,1,102265622,285,85000,2999570,586211,146552,129313,862076
2026-06,HX-C0438,0,0,1,105741803,285,85000,3098641,600937,150234,132561,883732
2026-07,HX-C0438,0,0,1,108670223,285,85000,3182101,612363,153090,135081,900534
2025-02,HX-C0439,6,0,1,27622839,285,85000,872250,190038,47509,41921,279468
2025-03,HX-C0439,6,0,1,28567035,285,85000,899160,194556,48639,42917,286112
2025-04,HX-C0439,6,0,1,28655084,285,85000,901669,193750,48437,42740,284927
2025-05,HX-C0439,6,0,1,28533368,285,85000,898200,191661,47915,42279,281855
2025-06,HX-C0439,6,0,1,29300295,285,85000,920058,194949,48737,43004,286690
2025-07,HX-C0439,6,0,1,30016084,285,85000,940458,197864,49466,43647,290977
2025-08,HX-C0439,6,0,1,31178773,285,85000,973595,203379,50844,44865,299088
2025-09,HX-C0439,6,0,1,32483689,285,85000,1010785,209636,52409,46244,308289
2025-10,HX-C0439,6,0,1,32412021,285,85000,1008742,207703,51925,45819,305447
2025-11,HX-C0439,6,0,1,33505389,285,85000,1039903,212563,53140,46891,312594
2025-12,HX-C0439,6,0,1,35182965,285,85000,1087714,220709,55177,48687,324573
2026-01,HX-C0439,6,0,1,35188869,285,85000,1087882,219116,54779,48335,322230
2026-02,HX-C0439,6,0,1,35489269,285,85000,1096444,219200,54800,48354,322354
2026-03,HX-C0439,6,0,1,36200916,285,85000,1116726,221584,55396,48880,325860
2026-04,HX-C0439,6,0,1,37120961,285,85000,1142947,225077,56269,49651,330997
2026-05,HX-C0439,6,0,1,37737989,285,85000,1160532,226804,56701,50031,333536
2026-06,HX-C0439,6,0,1,38025866,285,85000,1168737,226659,56664,50000,333323
2026-07,HX-C0439,6,0,1,39008796,285,85000,1196750,230302,57575,50803,338680
2024-02,HX-C0440,2,0,1,44379537,285,85000,1349816,318318,79579,70219,468116
2024-03,HX-C0440,2,0,1,45026037,285,85000,1368242,320617,80154,70725,471496
2024-04,HX-C0440,2,0,1,45892495,285,85000,1392936,324319,81079,71543,476941
2024-05,HX-C0440,2,0,1,46945671,285,85000,1422951,329179,82294,72614,484087
2024-06,HX-C0440,2,0,1,48504256,285,85000,1467371,337260,84315,74396,495971
2024-07,HX-C0440,2,0,1,49511334,285,85000,1496073,341619,85404,75358,502381
2024-08,HX-C0440,2,0,1,51074546,285,85000,1540624,349487,87371,77094,513952
2024-09,HX-C0440,2,0,1,53330988,285,85000,1604933,361674,90418,79782,531874
2024-10,HX-C0440,2,0,1,54862589,285,85000,1648583,369044,92261,81408,542713
2024-11,HX-C0440,2,0,1,57309477,285,85000,1718320,382085,95521,84284,561890
2024-12,HX-C0440,2,0,1,58849592,285,85000,1762213,389208,97302,85856,572366
2025-01,HX-C0440,2,0,1,59426497,285,85000,1778655,390179,97544,86071,573794
2025-02,HX-C0440,2,0,1,60873985,285,85000,1819908,396506,99126,87466,583098
2025-03,HX-C0440,2,0,1,61133943,285,85000,1827317,395387,98846,87219,581452
2025-04,HX-C0440,2,0,1,62038522,285,85000,1853097,398193,99548,87837,585578
2025-05,HX-C0440,2,0,1,64325310,285,85000,1918271,409328,102332,90293,601953
2025-06,HX-C0440,2,0,1,66986224,285,85000,1994107,422526,105631,93206,621363
2025-07,HX-C0440,2,0,1,68668566,285,85000,2042054,429631,107407,94773,631811
2025-08,HX-C0440,2,0,1,71007958,285,85000,2108726,440504,110126,97170,647800
2025-09,HX-C0440,2,0,1,71713998,285,85000,2128848,441522,110380,97396,649298
2025-10,HX-C0440,2,0,1,72774351,285,85000,2159069,444560,111140,98066,653766
2025-11,HX-C0440,2,0,1,75581196,285,85000,2239064,457682,114420,100960,673062
2025-12,HX-C0440,2,0,1,77893478,285,85000,2304964,467704,116926,103171,687801
2026-01,HX-C0440,2,0,1,80560441,285,85000,2380972,479565,119891,105787,705243
2026-02,HX-C0440,2,0,1,82421153,285,85000,2434002,486605,121651,107340,715596
2026-03,HX-C0440,2,0,1,85524690,285,85000,2522453,500514,125128,110409,736051
2026-04,HX-C0440,2,0,1,89036736,285,85000,2622546,516452,129113,113924,759489
2026-05,HX-C0440,2,0,1,92013005,285,85000,2707370,529106,132276,116716,778098
2026-06,HX-C0440,2,0,1,94518271,285,85000,2778770,538903,134725,118877,792505
2026-07,HX-C0440,2,0,1,97123044,285,85000,2853006,549032,137258,121110,807400
2023-08,HX-C0441,0,0,1,28168195,235,85000,746952,182853,45713,40336,268902
2023-09,HX-C0441,0,0,1,28806774,235,85000,761959,185387,46346,40895,272628
2023-10,HX-C0441,0,0,1,28989020,235,85000,766241,185283,46320,40872,272475
2023-11,HX-C0441,0,0,1,29553275,235,85000,779501,187323,46830,41322,275475
2023-12,HX-C0441,0,0,1,30519263,235,85000,802202,191578,47894,42261,281733
2024-01,HX-C0441,0,0,1,31543267,235,85000,826266,196088,49022,43256,288366
2024-02,HX-C0441,0,0,1,32034624,235,85000,837813,197576,49394,43583,290553
2024-03,HX-C0441,0,0,1,33039540,235,85000,861429,201856,50464,44528,296848
2024-04,HX-C0441,0,0,1,34413835,235,85000,893725,208087,52021,45903,306011
2024-05,HX-C0441,0,0,1,35177949,235,85000,911681,210904,52726,46523,310153
2024-06,HX-C0441,0,0,1,36072401,235,85000,932701,214371,53592,47289,315252
2024-07,HX-C0441,0,0,1,36971976,235,85000,953841,217803,54450,48046,320299
2024-08,HX-C0441,0,0,1,38080891,235,85000,979900,222287,55571,49036,326894
2024-09,HX-C0441,0,0,1,39399527,235,85000,1010888,227805,56951,50252,335008
2024-10,HX-C0441,0,0,1,40439087,235,85000,1035318,231761,57940,51125,340826
2024-11,HX-C0441,0,0,1,41551168,235,85000,1061452,236023,59005,52066,347094
2024-12,HX-C0441,0,0,1,42809811,235,85000,1091030,240968,60242,53156,354366
2025-01,HX-C0441,0,0,1,44255836,235,85000,1125012,246791,61697,54440,362928
2025-02,HX-C0441,0,0,1,45949939,235,85000,1164823,253782,63445,55982,373209
2025-03,HX-C0441,0,0,1,47846983,235,85000,1209404,261685,65421,57726,384832
2025-04,HX-C0441,0,0,1,49374464,235,85000,1245299,267589,66897,59028,393514
2025-05,HX-C0441,0,0,1,50621734,235,85000,1274610,271980,67995,59997,399972
2025-06,HX-C0441,0,0,1,52417680,235,85000,1316815,279016,69754,61549,410319
2025-07,HX-C0441,0,0,1,53630901,235,85000,1345326,283045,70761,62437,416243
2025-08,HX-C0441,0,0,1,55270339,235,85000,1383852,289080,72270,63769,425119
2025-09,HX-C0441,0,0,1,57351292,235,85000,1432755,297153,74288,65549,436990
2025-10,HX-C0441,0,0,1,59182584,235,85000,1475790,303870,75967,67032,446869
2025-11,HX-C0441,0,0,1,60150829,235,85000,1498544,306314,76578,67570,450462
2025-12,HX-C0441,0,0,1,61420754,235,85000,1528387,310127,77531,68412,456070
2026-01,HX-C0441,0,0,1,63346759,235,85000,1573648,316957,79239,69918,466114
2026-02,HX-C0441,0,0,1,65257095,235,85000,1618541,323578,80894,71379,475851
2026-03,HX-C0441,0,0,1,67838977,235,85000,1679215,333195,83298,73501,489994
2026-04,HX-C0441,0,0,0,0,235,0,0,0,0,0,0
2026-05,HX-C0441,0,0,0,0,235,0,0,0,0,0,0
2026-06,HX-C0441,0,0,0,0,235,0,0,0,0,0,0
2026-07,HX-C0441,0,0,0,0,235,0,0,0,0,0,0
2025-08,HX-C0442,8,0,1,1989414,285,85000,141698,29599,7399,6531,43529
2025-09,HX-C0442,8,0,1,2018483,285,85000,142526,29559,7389,6522,43470
2025-10,HX-C0442,8,0,1,2061016,285,85000,143738,29595,7398,6530,43523
2025-11,HX-C0442,8,0,1,2097711,285,85000,144784,29594,7398,6530,43522
2025-12,HX-C0442,8,0,1,2178373,285,85000,147083,29844,7461,6584,43889
2026-01,HX-C0442,8,0,1,2271304,285,85000,149732,30158,7539,6653,44350
2026-02,HX-C0442,8,0,1,2357476,285,85000,152188,30425,7606,6712,44743
2026-03,HX-C0442,8,0,1,2410212,285,85000,153691,30495,7623,6729,44847
2026-04,HX-C0442,8,0,1,2477996,285,85000,155622,30646,7661,6761,45068
2026-05,HX-C0442,8,0,1,2526173,285,85000,156995,30681,7670,6769,45120
2026-06,HX-C0442,8,0,1,2616866,285,85000,159580,30948,7737,6827,45512
2026-07,HX-C0442,8,0,1,2736680,285,85000,162995,31366,7841,6920,46127
2024-08,HX-C0443,4,0,1,15070516,285,85000,514509,116715,29178,25747,171640
2024-09,HX-C0443,4,0,1,15743224,285,85000,533681,120265,30066,26530,176861
2024-10,HX-C0443,4,0,1,16257612,285,85000,548341,122748,30687,27078,180513
2024-11,HX-C0443,4,0,1,16943656,285,85000,567894,126276,31569,27856,185701
2024-12,HX-C0443,4,0,1,17658293,285,85000,588261,129925,32481,28661,191067
2025-01,HX-C0443,4,0,1,17961927,285,85000,596914,130943,32735,28886,192564
2025-02,HX-C0443,4,0,1,18248279,285,85000,605075,131828,32957,29081,193866
2025-03,HX-C0443,4,0,1,18767099,285,85000,619862,134123,33530,29587,197240
2025-04,HX-C0443,4,0,1,19225708,285,85000,632932,136004,34001,30001,200006
2025-05,HX-C0443,4,0,1,19044495,285,85000,627768,133955,33488,29550,196993
2025-06,HX-C0443,4,0,1,19050689,285,85000,627944,133053,33263,29351,195667
2025-07,HX-C0443,4,0,1,19700068,285,85000,646451,136007,34001,30003,200011
2025-08,HX-C0443,4,0,1,20275890,285,85000,662862,138469,34617,30545,203631
2025-09,HX-C0443,4,0,1,20679989,285,85000,674379,139865,34966,30854,205685
2025-10,HX-C0443,4,0,1,21288124,285,85000,691711,142426,35606,31418,209450
2025-11,HX-C0443,4,0,1,21953630,285,85000,710678,145267,36316,32046,213629
2025-12,HX-C0443,4,0,1,22571265,285,85000,728281,147776,36944,32599,217319
2026-01,HX-C0443,4,0,1,23085841,285,85000,742946,149640,37410,33010,220060
2026-02,HX-C0443,4,0,1,24108787,285,85000,772100,154357,38589,34051,226997
2026-03,HX-C0443,4,0,1,24401662,285,85000,780447,154859,38714,34161,227734
2026-04,HX-C0443,4,0,1,24846061,285,85000,793112,156185,39046,34454,229685
2026-05,HX-C0443,4,0,1,25266986,285,85000,805109,157343,39335,34710,231388
2026-06,HX-C0443,4,0,1,25432963,285,85000,809839,157056,39264,34646,230966
2026-07,HX-C0443,4,0,1,25877532,285,85000,822509,158283,39570,34917,232770
2025-02,HX-C0444,6,0,1,7773420,285,85000,306542,66786,16696,14734,98216
2025-03,HX-C0444,6,0,1,7934813,285,85000,311142,67323,16830,14852,99005
2025-04,HX-C0444,6,0,1,8105207,285,85000,315998,67901,16975,14979,99855
2025-05,HX-C0444,6,0,1,8243920,285,85000,319951,68272,17068,15060,100400
2025-06,HX-C0444,6,0,1,8409760,285,85000,324678,68794,17198,15177,101169
2025-07,HX-C0444,6,0,1,8647948,285,85000,331466,69737,17434,15384,102555
2025-08,HX-C0444,6,0,1,8915318,285,85000,339086,70833,17708,15626,104167
2025-09,HX-C0444,6,0,1,9032073,285,85000,342414,71016,17754,15666,104436
2025-10,HX-C0444,6,0,1,9401973,285,85000,352956,72675,18168,16032,106875
2025-11,HX-C0444,6,0,1,9426911,285,85000,353666,72291,18072,15948,106311
2025-12,HX-C0444,6,0,1,9618118,285,85000,359116,72868,18217,16075,107160
2026-01,HX-C0444,6,0,1,9690940,285,85000,361191,72749,18187,16048,106984
2026-02,HX-C0444,6,0,1,10160593,285,85000,374576,74885,18721,16519,110125
2026-03,HX-C0444,6,0,1,10351896,285,85000,380029,75406,18851,16635,110892
2026-04,HX-C0444,6,0,1,10435433,285,85000,382409,75306,18826,16613,110745
2026-05,HX-C0444,6,0,1,10678384,285,85000,389333,76087,19021,16786,111894
2026-06,HX-C0444,6,0,1,10851740,285,85000,394274,76463,19115,16868,112446
2026-07,HX-C0444,6,0,1,10974729,285,85000,397779,76548,19137,16886,112571
2026-05,HX-C0445,11,0,1,9720479,235,85000,313431,61254,15313,13513,90080
2026-06,HX-C0445,11,0,1,9932381,235,85000,318410,61750,15437,13623,90810
2026-07,HX-C0445,11,0,1,10063621,235,85000,321495,61868,15467,13648,90983
2024-02,HX-C0446,2,0,1,11059209,285,85000,400187,94373,23593,20818,138784
2024-03,HX-C0446,2,0,1,11099801,285,85000,401344,94046,23511,20746,138303
2024-04,HX-C0446,2,0,1,11368047,285,85000,408989,95225,23806,21006,140037
2024-05,HX-C0446,2,0,1,11736962,285,85000,419503,97045,24261,21408,142714
2024-06,HX-C0446,2,0,1,12084924,285,85000,429420,98697,24674,21772,145143
2024-07,HX-C0446,2,0,1,12318943,285,85000,436089,99577,24894,21967,146438
2024-08,HX-C0446,2,0,1,12660400,285,85000,445821,101133,25283,22309,148725
2024-09,HX-C0446,2,0,1,13049307,285,85000,456905,102964,25741,22713,151418
2024-10,HX-C0446,2,0,1,13403868,285,85000,467010,104542,26135,23062,153739
2024-11,HX-C0446,2,0,1,13782823,285,85000,477810,106245,26561,23437,156243
2024-12,HX-C0446,2,0,1,14046266,285,85000,485318,107189,26797,23645,157631
2025-01,HX-C0446,2,0,1,14157242,285,85000,488481,107156,26789,23638,157583
2025-02,HX-C0446,2,0,1,14674886,285,85000,503234,109640,27410,24186,161236
2025-03,HX-C0446,2,0,1,15290089,285,85000,520767,112681,28170,24857,165708
2025-04,HX-C0446,2,0,1,15781585,285,85000,534775,114911,28727,25350,168988
2025-05,HX-C0446,2,0,1,15989743,285,85000,540707,115377,28844,25452,169673
2025-06,HX-C0446,2,0,1,16295581,285,85000,549424,116416,29104,25680,171200
2025-07,HX-C0446,2,0,1,16546701,285,85000,556580,117099,29274,25832,172205
2025-08,HX-C0446,2,0,1,17274653,285,85000,577327,120600,30150,26604,177354
2025-09,HX-C0446,2,0,1,17948312,285,85000,596526,123719,30929,27292,181940
2025-10,HX-C0446,2,0,1,18116829,285,85000,601329,123815,30953,27314,182082
2025-11,HX-C0446,2,0,1,18469316,285,85000,611375,124969,31242,27568,183779
2025-12,HX-C0446,2,0,1,18851068,285,85000,622255,126262,31565,27853,185680
2026-01,HX-C0446,2,0,1,19711921,285,85000,646789,130273,32568,28737,191578
2026-02,HX-C0446,2,0,1,19743352,285,85000,647685,129484,32371,28564,190419
2026-03,HX-C0446,2,0,1,20136362,285,85000,658886,130738,32684,28840,192262
2026-04,HX-C0446,2,0,1,20365087,285,85000,665404,131036,32759,28905,192700
2026-05,HX-C0446,2,0,1,21249735,285,85000,690617,134968,33742,29773,198483
2026-06,HX-C0446,2,0,1,21939492,285,85000,710275,137747,34436,30387,202570
2026-07,HX-C0446,2,0,1,22424110,285,85000,724087,139342,34835,30739,204916
2025-11,HX-C0447,9,0,1,9129820,235,85000,299550,61229,15307,13508,90044
2025-12,HX-C0447,9,0,1,9252444,235,85000,302432,61366,15341,13538,90245
2026-01,HX-C0447,9,0,1,9493816,235,85000,308104,62056,15514,13690,91260
2026-02,HX-C0447,9,0,1,9543052,235,85000,309261,61826,15456,13640,90922
2026-03,HX-C0447,9,0,1,10050235,235,85000,321180,63729,15932,14059,93720
2026-04,HX-C0447,9,0,1,10312740,235,85000,327349,64464,16116,14220,94800
2026-05,HX-C0447,9,0,1,10603550,235,85000,334183,65309,16327,14408,96044
2026-06,HX-C0447,9,0,1,10860151,235,85000,340213,65979,16494,14555,97028
2026-07,HX-C0447,9,0,1,11101273,235,85000,345879,66560,16640,14683,97883
2023-11,HX-C0448,1,0,1,24631103,285,85000,786986,189121,47280,41719,278120
2023-12,HX-C0448,1,0,1,25853867,285,85000,821835,196267,49066,43295,288628
2024-01,HX-C0448,1,0,1,26748036,285,85000,847319,201085,50271,44358,295714
2024-02,HX-C0448,1,0,1,27372128,285,85000,865105,204012,51003,45003,300018
2024-03,HX-C0448,1,0,1,27760989,285,85000,876188,205315,51328,45291,301934
2024-04,HX-C0448,1,0,1,27913642,285,85000,880538,205017,51254,45225,301496
2024-05,HX-C0448,1,0,1,29393821,285,85000,922723,213458,53364,47088,313910
2024-06,HX-C0448,1,0,1,29748362,285,85000,932828,214400,53600,47295,315295
2024-07,HX-C0448,1,0,1,30121528,285,85000,943463,215433,53858,47523,316814
2024-08,HX-C0448,1,0,1,30971893,285,85000,967698,219520,54880,48424,322824
2024-09,HX-C0448,1,0,1,31116113,285,85000,971809,218998,54749,48310,322057
2024-10,HX-C0448,1,0,1,32164182,285,85000,1001679,224231,56057,49464,329752
2024-11,HX-C0448,1,0,1,33527077,285,85000,1040521,231370,57842,51038,340250
2024-12,HX-C0448,1,0,1,34453168,285,85000,1066915,235642,58910,51981,346533
2025-01,HX-C0448,1,0,1,35831109,285,85000,1106186,242661,60665,53529,356855
2025-02,HX-C0448,1,0,1,37297308,285,85000,1147973,250110,62527,55173,367810
2025-03,HX-C0448,1,0,1,38067788,285,85000,1169931,253144,63286,55842,372272
2025-04,HX-C0448,1,0,1,38768304,285,85000,1189896,255684,63921,56402,376007
2025-05,HX-C0448,1,0,1,39639380,285,85000,1214722,259201,64800,57178,381179
2025-06,HX-C0448,1,0,1,40739773,285,85000,1246083,264029,66007,58243,388279
2025-07,HX-C0448,1,0,1,41606432,285,85000,1270783,267362,66840,58978,393180
2025-08,HX-C0448,1,0,1,43349607,285,85000,1320463,275839,68959,60848,405646
2025-09,HX-C0448,1,0,1,44397912,285,85000,1350340,280060,70015,61778,411853
2025-10,HX-C0448,1,0,1,45448341,285,85000,1380277,284203,71050,62694,417947
2025-11,HX-C0448,1,0,1,47242540,285,85000,1431412,292591,73147,64544,430282
2025-12,HX-C0448,1,0,1,48446899,285,85000,1465736,297415,74353,65607,437375
2026-01,HX-C0448,1,0,1,49512057,285,85000,1496093,301336,75334,66472,443142
2026-02,HX-C0448,1,0,1,49390410,285,85000,1492626,298405,74601,65826,438832
2026-03,HX-C0448,1,0,1,50467071,285,85000,1523311,302261,75565,66676,444502
2026-04,HX-C0448,1,0,1,52296727,285,85000,1575456,310251,77562,68439,456252
2026-05,HX-C0448,1,0,1,53107517,285,85000,1598564,312410,78102,68915,459427
2026-06,HX-C0448,1,0,1,54935872,285,85000,1650672,320124,80031,70616,470771
2026-07,HX-C0448,1,0,1,57245442,285,85000,1716495,330322,82580,72866,485768
2024-02,HX-C0449,2,0,1,38366140,285,85000,1178434,277902,69475,61303,408680
2024-03,HX-C0449,2,0,1,39340579,285,85000,1206206,282647,70661,62350,415658
2024-04,HX-C0449,2,0,1,40680051,285,85000,1244381,289731,72432,63913,426076
2024-05,HX-C0449,2,0,1,40883089,285,85000,1250168,289208,72302,63797,425307
2024-06,HX-C0449,2,0,1,42585947,285,85000,1298699,298492,74623,65845,438960
2024-07,HX-C0449,2,0,1,43760864,285,85000,1332184,304195,76048,67104,447347
2024-08,HX-C0449,2,0,1,45118397,285,85000,1370874,310979,77744,68600,457323
2024-09,HX-C0449,2,0,1,45831569,285,85000,1391199,313509,78377,69157,461043
2024-10,HX-C0449,2,0,1,47154451,285,85000,1428901,319867,79966,70561,470394
2024-11,HX-C0449,2,0,1,47709503,285,85000,1444720,321247,80311,70865,472423
2024-12,HX-C0449,2,0,1,47976346,285,85000,1452325,320766,80191,70758,471715
2025-01,HX-C0449,2,0,1,48998284,285,85000,1481451,324982,81245,71689,477916
2025-02,HX-C0449,2,0,1,48982807,285,85000,1481009,322670,80667,71178,474515
2025-03,HX-C0449,2,0,1,49433347,285,85000,1493850,323233,80808,71302,475343
2025-04,HX-C0449,2,0,1,50167923,285,85000,1514785,325496,81374,71802,478672
2025-05,HX-C0449,2,0,1,52097940,285,85000,1569791,334968,83742,73890,492600
2025-06,HX-C0449,2,0,1,54195004,285,85000,1629557,345282,86320,76167,507769
2025-07,HX-C0449,2,0,1,56070675,285,85000,1683014,354092,88523,78109,520724
2025-08,HX-C0449,2,0,1,57213288,285,85000,1715578,358377,89594,79054,527025
2025-09,HX-C0449,2,0,1,60545987,285,85000,1810560,375509,93877,82834,552220
2025-10,HX-C0449,2,0,1,60860720,285,85000,1819530,374648,93662,82643,550953
2025-11,HX-C0449,2,0,1,62263569,285,85000,1859511,380098,95024,83847,558969
2025-12,HX-C0449,2,0,1,64679130,285,85000,1928355,391286,97821,86314,575421
2026-01,HX-C0449,2,0,1,67529396,285,85000,2009587,404762,101190,89287,595239
2026-02,HX-C0449,2,0,1,67079951,285,85000,1996778,399195,99798,88059,587052
2026-03,HX-C0449,2,0,1,67485348,285,85000,2008332,398501,99625,87905,586031
2026-04,HX-C0449,2,0,1,69572082,285,85000,2067804,407208,101802,89826,598836
2026-05,HX-C0449,2,0,1,71004562,285,85000,2108630,412093,103023,90904,606020
2026-06,HX-C0449,2,0,1,71423036,285,85000,2120556,411251,102812,90719,604782
2026-07,HX-C0449,2,0,1,73989095,285,85000,2193689,422152,105538,93123,620813
2024-08,HX-C0450,4,0,1,6197781,235,85000,230647,52321,13080,11542,76943
2024-09,HX-C0450,4,0,1,6286161,235,85000,232724,52444,13111,11569,77124
2024-10,HX-C0450,4,0,1,6414640,235,85000,235744,52772,13193,11641,77606
2024-11,HX-C0450,4,0,1,6579908,235,85000,239627,53283,13320,11755,78358
2024-12,HX-C0450,4,0,1,6857165,235,85000,246143,54363,13590,11994,79947
2025-01,HX-C0450,4,0,1,7024667,235,85000,250079,54859,13714,12102,80675
2025-02,HX-C0450,4,0,1,7261364,235,85000,255642,55696,13924,12287,81907
2025-03,HX-C0450,4,0,1,7449635,235,85000,260066,56272,14068,12413,82753
2025-04,HX-C0450,4,0,1,7618042,235,85000,264023,56733,14183,12515,83431
2025-05,HX-C0450,4,0,1,7866825,235,85000,269870,57585,14396,12704,84685
2025-06,HX-C0450,4,0,1,8002450,235,85000,273057,57857,14464,12763,85084
2025-07,HX-C0450,4,0,1,8172188,235,85000,277046,58288,14572,12858,85718
2025-08,HX-C0450,4,0,1,8391758,235,85000,282206,58951,14737,13005,86693
2025-09,HX-C0450,4,0,1,8612326,235,85000,287389,59604,14901,13148,87653
2025-10,HX-C0450,4,0,1,8763458,235,85000,290941,59905,14976,13215,88096
2025-11,HX-C0450,4,0,1,8846010,235,85000,292881,59867,14966,13207,88040
2025-12,HX-C0450,4,0,1,9119978,235,85000,299319,60734,15183,13399,89316
2026-01,HX-C0450,4,0,1,9502677,235,85000,308312,62098,15524,13700,91322
2026-02,HX-C0450,4,0,1,9681645,235,85000,312518,62478,15619,13783,91880
2026-03,HX-C0450,4,0,1,10140622,235,85000,323304,64151,16037,14152,94340
2026-04,HX-C0450,4,0,1,10325239,235,85000,327643,64521,16130,14234,94885
2026-05,HX-C0450,4,0,1,10916341,235,85000,341534,66746,16686,14724,98156
2026-06,HX-C0450,4,0,1,11285230,235,85000,350202,67916,16979,14982,99877
2026-07,HX-C0450,4,0,1,11399585,235,85000,352890,67909,16977,14981,99867
2025-08,HX-C0451,8,0,1,5495657,235,85000,214147,44733,11183,9869,65785
2025-09,HX-C0451,8,0,1,5705829,235,85000,219086,45438,11359,10024,66821
2025-10,HX-C0451,8,0,1,5805246,235,85000,221423,45591,11397,10058,67046
2025-11,HX-C0451,8,0,1,5925207,235,85000,224242,45836,11459,10112,67407
2025-12,HX-C0451,8,0,1,6160581,235,85000,229773,46623,11655,10286,68564
2026-01,HX-C0451,8,0,1,6443566,235,85000,236423,47619,11904,10505,70028
2026-02,HX-C0451,8,0,1,6616715,235,85000,240492,48078,12019,10607,70704
2026-03,HX-C0451,8,0,1,6791234,235,85000,244593,48532,12133,10707,71372
2026-04,HX-C0451,8,0,1,6795981,235,85000,244705,48188,12047,10631,70866
2026-05,HX-C0451,8,0,1,7017791,235,85000,249918,48841,12210,10775,71826
2026-06,HX-C0451,8,0,1,7188322,235,85000,253925,49244,12311,10864,72419
2026-07,HX-C0451,8,0,1,7399768,235,85000,258894,49821,12455,10991,73267
2026-02,HX-C0452,10,0,1,12838157,285,85000,450887,90140,22535,19885,132560
2026-03,HX-C0452,10,0,1,13112018,285,85000,458692,91015,22753,20078,133846
2026-04,HX-C0452,10,0,1,13528161,285,85000,470552,92664,23166,20441,136271
2026-05,HX-C0452,10,0,1,13913428,285,85000,481532,94106,23526,20760,138392
2026-06,HX-C0452,10,0,1,14223349,285,85000,490365,95099,23774,20979,139852
2026-07,HX-C0452,10,0,1,14467969,285,85000,497337,95707,23926,21113,140746
2026-05,HX-C0453,11,0,1,55132871,285,85000,1656286,323690,80922,71404,476016
2026-06,HX-C0453,11,0,1,56308245,285,85000,1689784,327709,81927,72290,481926
2026-07,HX-C0453,11,0,1,57420358,285,85000,1721480,331281,82820,73077,487178
2025-11,HX-C0454,9,0,1,26136725,285,85000,829896,169636,42409,37421,249466
2025-12,HX-C0454,9,0,1,26499564,285,85000,840237,170493,42623,37610,250726
2026-01,HX-C0454,9,0,1,27252307,285,85000,861690,173557,43389,38286,255232
2026-02,HX-C0454,9,0,1,28443448,285,85000,895638,179055,44763,39499,263317
2026-03,HX-C0454,9,0,1,29494977,285,85000,925606,183661,45915,40515,270091
2026-04,HX-C0454,9,0,1,29616621,285,85000,929073,182960,45740,40359,269059
2026-05,HX-C0454,9,0,1,30112150,285,85000,943196,184330,46082,40662,271074
2026-06,HX-C0454,9,0,0,0,285,0,0,0,0,0,0
2026-07,HX-C0454,9,0,0,0,285,0,0,0,0,0,0
2023-08,HX-C0455,0,0,1,31630419,285,85000,986466,241486,60371,53270,355127
2023-09,HX-C0455,0,0,1,31677207,285,85000,987800,240335,60083,53016,353434
2023-10,HX-C0455,0,0,1,31992022,285,85000,996772,241027,60256,53169,354452
2023-11,HX-C0455,0,0,1,32938715,285,85000,1023753,246019,61504,54271,361794
2023-12,HX-C0455,0,0,1,33873124,285,85000,1050384,250847,62711,55336,368894
2024-01,HX-C0455,0,0,1,35159734,285,85000,1087052,257979,64494,56908,379381
2024-02,HX-C0455,0,0,1,36537352,285,85000,1126314,265611,66402,58592,390605
2024-03,HX-C0455,0,0,1,37600553,285,85000,1156615,271026,67756,59787,398569
2024-04,HX-C0455,0,0,1,38370331,285,85000,1178554,274404,68601,60531,403536
2024-05,HX-C0455,0,0,1,40006242,285,85000,1225177,283427,70856,62522,416805
2024-06,HX-C0455,0,0,1,41015732,285,85000,1253948,288207,72051,63576,423834
2024-07,HX-C0455,0,0,1,42016489,285,85000,1282469,292844,73211,64598,430653
2024-08,HX-C0455,0,0,1,42776338,285,85000,1304125,295838,73959,65259,435056
2024-09,HX-C0455,0,0,1,44127004,285,85000,1342619,302561,75640,66742,444943
2024-10,HX-C0455,0,0,1,45080620,285,85000,1369797,306637,76659,67641,450937
2024-11,HX-C0455,0,0,1,46177384,285,85000,1401055,311537,77884,68723,458144
2024-12,HX-C0455,0,0,1,47342373,285,85000,1434257,316775,79193,69878,465846
2025-01,HX-C0455,0,0,1,48202162,285,85000,1458761,320005,80001,70590,470596
2025-02,HX-C0455,0,0,1,49500314,285,85000,1495758,325883,81470,71887,479240
2025-03,HX-C0455,0,0,1,50673318,285,85000,1529189,330879,82719,72989,486587
2025-04,HX-C0455,0,0,1,51854587,285,85000,1562855,335826,83956,74080,493862
2025-05,HX-C0455,0,0,1,52129186,285,85000,1570681,335157,83789,73933,492879
2025-06,HX-C0455,0,0,1,53955702,285,85000,1622737,343837,85959,75848,505644
2025-07,HX-C0455,0,0,1,54443620,285,85000,1636643,344336,86084,75957,506377
2025-08,HX-C0455,0,0,1,55464183,285,85000,1665729,347963,86990,76758,511711
2025-09,HX-C0455,0,0,1,56696388,285,85000,1700847,352755,88188,77815,518758
2025-10,HX-C0455,0,0,1,58628784,285,85000,1755920,361550,90387,79755,531692
2025-11,HX-C0455,0,0,1,59818960,285,85000,1789840,365857,91464,80704,538025
2025-12,HX-C0455,0,0,1,62141064,285,85000,1856020,376608,94152,83076,553836
2026-01,HX-C0455,0,0,1,62670792,285,85000,1871117,376872,94218,83134,554224
2026-02,HX-C0455,0,0,1,64967127,285,85000,1936563,387157,96789,85403,569349
2026-03,HX-C0455,0,0,1,65756451,285,85000,1959058,388724,97181,85748,571653
2026-04,HX-C0455,0,0,1,67937888,285,85000,2021229,398035,99508,87804,585347
2026-05,HX-C0455,0,0,1,70582026,285,85000,2096587,409740,102435,90384,602559
2026-06,HX-C0455,0,0,1,72711060,285,85000,2157265,418370,104592,92289,615251
2026-07,HX-C0455,0,0,1,74732459,285,85000,2214875,426230,106557,94022,626809
2024-05,HX-C0456,3,0,1,37076629,285,85000,1141683,264112,66028,58260,388400
2024-06,HX-C0456,3,0,1,37812999,285,85000,1162670,267227,66806,58949,392982
2024-07,HX-C0456,3,0,1,38728569,285,85000,1188764,271446,67861,59879,399186
2024-08,HX-C0456,3,0,1,39551488,285,85000,1212217,274988,68747,60660,404395
2024-09,HX-C0456,3,0,1,40150142,285,85000,1229279,277020,69255,61108,407383
2024-10,HX-C0456,3,0,1,41791534,285,85000,1276058,285653,71413,63012,420078
2024-11,HX-C0456,3,0,1,42962434,285,85000,1309429,291164,72791,64228,428183
2024-12,HX-C0456,3,0,1,43795277,285,85000,1333165,294447,73611,64953,433011
2025-01,HX-C0456,3,0,1,44667970,285,85000,1358037,297909,74477,65716,438102
2025-02,HX-C0456,3,0,1,46520019,285,85000,1410820,307377,76844,67805,452026
2025-03,HX-C0456,3,0,1,48005231,285,85000,1453149,314426,78606,69360,462392
2025-04,HX-C0456,3,0,1,48891938,285,85000,1478420,317682,79420,70078,467180
2025-05,HX-C0456,3,0,1,50343234,285,85000,1519782,324296,81074,71537,476907
2025-06,HX-C0456,3,0,1,50913400,285,85000,1536031,325466,81366,71795,478627
2025-07,HX-C0456,3,0,1,52588983,285,85000,1583786,333215,83303,73505,490023
2025-08,HX-C0456,3,0,1,54119896,285,85000,1627417,339960,84990,74992,499942
2025-09,HX-C0456,3,0,1,56023310,285,85000,1681664,348776,87194,76937,512907
2025-10,HX-C0456,3,0,1,57926595,285,85000,1735907,357429,89357,78846,525632
2025-11,HX-C0456,3,0,1,58915054,285,85000,1764079,360591,90147,79544,530282
2025-12,HX-C0456,3,0,1,60129805,285,85000,1798699,364977,91244,80510,536731
2026-01,HX-C0456,3,0,1,61919526,285,85000,1849706,372559,93139,82184,547882
2026-02,HX-C0456,3,0,1,64615996,285,85000,1926555,385156,96289,84962,566407
2026-03,HX-C0456,3,0,1,66548068,285,85000,1981619,393200,98300,86736,578236
2026-04,HX-C0456,3,0,1,67155852,285,85000,1998941,393647,98411,86835,578893
2026-05,HX-C0456,3,0,1,69731324,285,85000,2072342,405001,101250,89340,595591
2026-06,HX-C0456,3,0,1,72302478,285,85000,2145620,416112,104028,91790,611930
2026-07,HX-C0456,3,0,1,74827524,285,85000,2217584,426751,106687,94138,627576
2024-02,HX-C0457,2,0,1,7861569,285,85000,309054,72881,18220,16078,107179
2024-03,HX-C0457,2,0,1,8234344,285,85000,319678,74909,18727,16525,110161
2024-04,HX-C0457,2,0,1,8312826,285,85000,321915,74951,18737,16535,110223
2024-05,HX-C0457,2,0,1,8501606,285,85000,327295,75714,18928,16703,111345
2024-06,HX-C0457,2,0,1,8805209,285,85000,335948,77214,19303,17033,113550
2024-07,HX-C0457,2,0,1,9223483,285,85000,347869,79433,19858,17523,116814
2024-08,HX-C0457,2,0,1,9348854,285,85000,351442,79723,19930,17588,117241
2024-09,HX-C0457,2,0,1,9467900,285,85000,354835,79962,19990,17640,117592
2024-10,HX-C0457,2,0,1,9580607,285,85000,358047,80150,20037,17682,117869
2024-11,HX-C0457,2,0,1,9620961,285,85000,359197,79870,19967,17620,117457
2024-12,HX-C0457,2,0,1,9863131,285,85000,366099,80857,20214,17837,118908
2025-01,HX-C0457,2,0,1,10160825,285,85000,374583,82171,20542,18127,120840
2025-02,HX-C0457,2,0,1,10357348,285,85000,380184,82830,20707,18273,121810
2025-03,HX-C0457,2,0,1,10722999,285,85000,390605,84517,21129,18644,124290
2025-04,HX-C0457,2,0,1,11006834,285,85000,398694,85671,21417,18899,125987
2025-05,HX-C0457,2,0,1,11300060,285,85000,407051,86857,21714,19161,127732
2025-06,HX-C0457,2,0,1,11557538,285,85000,414389,87803,21950,19370,129123
2025-07,HX-C0457,2,0,1,11615628,285,85000,416045,87532,21883,19309,128724
2025-08,HX-C0457,2,0,1,11512791,285,85000,413114,86297,21574,19037,126908
2025-09,HX-C0457,2,0,1,11706214,285,85000,418627,86823,21705,19153,127681
2025-10,HX-C0457,2,0,1,11951213,285,85000,425609,87634,21908,19332,128874
2025-11,HX-C0457,2,0,1,12280035,285,85000,434980,88912,22228,19614,130754
2025-12,HX-C0457,2,0,1,12678325,285,85000,446332,90565,22641,19979,133185
2026-01,HX-C0457,2,0,1,12689316,285,85000,446645,89961,22490,19845,132296
2026-02,HX-C0457,2,0,1,12964667,285,85000,454493,90861,22715,20044,133620
2026-03,HX-C0457,2,0,1,13395396,285,85000,466768,92617,23154,20431,136202
2026-04,HX-C0457,2,0,1,13599977,285,85000,472599,93067,23266,20531,136864
2026-05,HX-C0457,2,0,1,14018625,285,85000,484530,94692,23673,20888,139253
2026-06,HX-C0457,2,0,1,14427823,285,85000,496192,96228,24057,21228,141513
2026-07,HX-C0457,2,0,1,14565778,285,85000,500124,96243,24060,21232,141535
2025-08,HX-C0458,8,0,1,61797554,285,85000,1846230,385669,96417,85075,567161
2025-09,HX-C0458,8,0,1,63409560,285,85000,1892172,392436,98109,86567,577112
2025-10,HX-C0458,8,0,1,64079441,285,85000,1911264,393536,98384,86810,578730
2025-11,HX-C0458,8,0,1,64285174,285,85000,1917127,391875,97968,86445,576288
2025-12,HX-C0458,8,0,1,67141240,285,85000,1998525,405524,101381,89454,596359
2026-01,HX-C0458,8,0,1,68350026,285,85000,2032975,409473,102368,90326,602167
2026-02,HX-C0458,8,0,1,70557138,285,85000,2095878,419007,104751,92430,616188
2026-03,HX-C0458,8,0,1,72340408,285,85000,2146701,425956,106489,93962,626407
2026-04,HX-C0458,8,0,1,73564780,285,85000,2181596,429617,107404,94769,631790
2026-05,HX-C0458,8,0,1,76109761,285,85000,2254128,440528,110132,97176,647836
2026-06,HX-C0458,8,0,1,77678772,285,85000,2298845,445828,111457,98345,655630
2026-07,HX-C0458,8,0,1,78714319,285,85000,2328358,448069,112017,98839,658925
2024-11,HX-C0459,5,0,1,16759083,235,85000,478838,106474,26618,23488,156580
2024-12,HX-C0459,5,0,1,16832306,235,85000,480559,106137,26534,23414,156085
2025-01,HX-C0459,5,0,1,17532276,235,85000,497008,109027,27256,24051,160334
2025-02,HX-C0459,5,0,1,18169275,235,85000,511977,111545,27886,24606,164037
2025-03,HX-C0459,5,0,1,18598697,235,85000,522069,112962,28240,24920,166122
2025-04,HX-C0459,5,0,1,19202355,235,85000,536255,115230,28807,25419,169456
2025-05,HX-C0459,5,0,1,19456033,235,85000,542216,115699,28924,25524,170147
2025-06,HX-C0459,5,0,1,19521872,235,85000,543763,115216,28804,25416,169436
2025-07,HX-C0459,5,0,1,19996271,235,85000,554912,116748,29187,25754,171689
2025-08,HX-C0459,5,0,1,20530394,235,85000,567464,118540,29635,26149,174324
2025-09,HX-C0459,5,0,1,20956164,235,85000,577469,119767,29941,26420,176128
2025-10,HX-C0459,5,0,1,22048899,235,85000,603149,124190,31047,27396,182633
2025-11,HX-C0459,5,0,1,22420693,235,85000,611886,125073,31268,27591,183932
2025-12,HX-C0459,5,0,1,23159941,235,85000,629258,127683,31920,28167,187770
2026-01,HX-C0459,5,0,1,23677195,235,85000,641414,129190,32297,28499,189986
2026-02,HX-C0459,5,0,1,24146132,235,85000,652434,130434,32608,28773,191815
2026-03,HX-C0459,5,0,1,25054858,235,85000,673789,133695,33423,29493,196611
2026-04,HX-C0459,5,0,1,25340448,235,85000,680500,134008,33502,29562,197072
2026-05,HX-C0459,5,0,1,25725134,235,85000,689540,134757,33689,29727,198173
2026-06,HX-C0459,5,0,1,26347227,235,85000,704159,136561,34140,30125,200826
2026-07,HX-C0459,5,0,1,27581646,235,85000,733168,141090,35272,31124,207486
2024-02,HX-C0460,2,0,1,26065693,285,85000,827872,195232,48808,43066,287106
2024-03,HX-C0460,2,0,1,27000733,285,85000,854520,200237,50059,44171,294467
2024-04,HX-C0460,2,0,1,28254487,285,85000,890252,207278,51819,45725,304822
2024-05,HX-C0460,2,0,1,28616818,285,85000,900579,208335,52083,45958,306376
2024-06,HX-C0460,2,0,1,29508464,285,85000,925991,212829,53207,46948,312984
2024-07,HX-C0460,2,0,1,29838140,285,85000,935386,213589,53397,47116,314102
2024-08,HX-C0460,2,0,1,30294167,285,85000,948383,215138,53784,47458,316380
2024-09,HX-C0460,2,0,1,31274091,285,85000,976311,220013,55003,48533,323549
2024-10,HX-C0460,2,0,1,31854824,285,85000,992862,222258,55564,49028,326850
2024-11,HX-C0460,2,0,1,33604120,285,85000,1042717,231858,57964,51146,340968
2024-12,HX-C0460,2,0,1,34212562,285,85000,1060058,234128,58532,51646,344306
2025-01,HX-C0460,2,0,1,35137194,285,85000,1086410,238323,59580,52572,350475
2025-02,HX-C0460,2,0,1,35784118,285,85000,1104847,240714,60178,53100,353992
2025-03,HX-C0460,2,0,1,36685924,285,85000,1130548,244623,61155,53962,359740
2025-04,HX-C0460,2,0,1,37956095,285,85000,1166748,250710,62677,55305,368692
2025-05,HX-C0460,2,0,1,39278207,285,85000,1204428,257005,64251,56693,377949
2025-06,HX-C0460,2,0,1,40740225,285,85000,1246096,264032,66008,58243,388283
2025-07,HX-C0460,2,0,1,40692474,285,85000,1244735,261882,65470,57769,385121
2025-08,HX-C0460,2,0,1,41773856,285,85000,1275554,266458,66614,58778,391850
2025-09,HX-C0460,2,0,1,42834621,285,85000,1305786,270819,67704,59741,398264
2025-10,HX-C0460,2,0,1,43743961,285,85000,1331702,274202,68550,60487,403239
2025-11,HX-C0460,2,0,1,44729514,285,85000,1359791,277952,69488,61313,408753
2025-12,HX-C0460,2,0,1,45395936,285,85000,1378784,279771,69942,61716,411429
2026-01,HX-C0460,2,0,1,46563354,285,85000,1412055,284410,71102,62738,418250
2026-02,HX-C0460,2,0,1,47666244,285,85000,1443487,288581,72145,63659,424385
2026-03,HX-C0460,2,0,1,48706168,285,85000,1473125,292302,73075,64480,429857
2026-04,HX-C0460,2,0,1,49934055,285,85000,1508120,296990,74247,65514,436751
2026-05,HX-C0460,2,0,1,50884410,285,85000,1535205,300027,75006,66184,441217
2026-06,HX-C0460,2,0,1,52311040,285,85000,1575864,305616,76404,67416,449436
2026-07,HX-C0460,2,0,1,53665369,285,85000,1614463,310687,77671,68535,456893
2024-08,HX-C0461,4,0,1,23516693,285,85000,755225,171321,42830,37792,251943
2024-09,HX-C0461,4,0,1,24071175,285,85000,771028,173752,43438,38328,255518
2024-10,HX-C0461,4,0,1,24822319,285,85000,792436,177390,44347,39132,260869
2024-11,HX-C0461,4,0,1,25023528,285,85000,798170,177480,44370,39151,261001
2024-12,HX-C0461,4,0,1,25571134,285,85000,813777,179733,44933,39648,264314
2025-01,HX-C0461,4,0,1,26345652,285,85000,835851,183358,45839,40448,269645
2025-02,HX-C0461,4,0,1,27211974,285,85000,860541,187487,46871,41359,275717
2025-03,HX-C0461,4,0,1,28134233,285,85000,886825,191887,47971,42329,282187
2025-04,HX-C0461,4,0,1,28296439,285,85000,891448,191553,47888,42256,281697
2025-05,HX-C0461,4,0,1,28855017,285,85000,907367,193617,48404,42710,284731
2025-06,HX-C0461,4,0,1,29412902,285,85000,923267,195628,48907,43154,287689
2025-07,HX-C0461,4,0,1,30015331,285,85000,940436,197859,49464,43647,290970
2025-08,HX-C0461,4,0,1,30766443,285,85000,961843,200925,50231,44322,295478
2025-09,HX-C0461,4,0,1,31863815,285,85000,993118,205972,51493,45435,302900
2025-10,HX-C0461,4,0,1,32201645,285,85000,1002746,206469,51617,45545,303631
2025-11,HX-C0461,4,0,1,33065087,285,85000,1027354,209998,52499,46325,308822
2025-12,HX-C0461,4,0,1,34121103,285,85000,1057451,214569,53642,47332,315543
2026-01,HX-C0461,4,0,1,34800548,285,85000,1076815,216887,54221,47844,318952
2026-02,HX-C0461,4,0,1,36216496,285,85000,1117170,223343,55835,49269,328447
2026-03,HX-C0461,4,0,1,37196245,285,85000,1145092,227213,56803,50121,334137
2026-04,HX-C0461,4,0,1,37451431,285,85000,1152365,226932,56733,50059,333724
2026-05,HX-C0461,4,0,1,38404912,285,85000,1179539,230519,57629,50851,338999
2026-06,HX-C0461,4,0,1,38958548,285,85000,1195318,231814,57953,51137,340904
2026-07,HX-C0461,4,0,1,39619365,285,85000,1214151,233650,58412,51542,343604
2026-05,HX-C0462,11,0,1,8075213,285,85000,315143,61588,15397,13587,90572
2026-06,HX-C0462,11,0,1,8150473,285,85000,317288,61533,15383,13574,90490
2026-07,HX-C0462,11,0,1,8322806,285,85000,322199,62003,15500,13679,91182
2023-11,HX-C0463,1,0,1,14153225,285,85000,488366,117359,29339,25890,172588
2023-12,HX-C0463,1,0,1,14454204,285,85000,496944,118677,29669,26180,174526
2024-01,HX-C0463,1,0,1,15012869,285,85000,512866,121713,30428,26849,178990
2024-02,HX-C0463,1,0,1,15082773,285,85000,514859,121416,30354,26783,178553
2024-03,HX-C0463,1,0,1,15469103,285,85000,525869,123225,30806,27183,181214
2024-04,HX-C0463,1,0,1,15774706,285,85000,534579,124466,31116,27457,183039
2024-05,HX-C0463,1,0,1,16244373,285,85000,547964,126763,31690,27964,186417
2024-06,HX-C0463,1,0,1,16841481,285,85000,564982,129854,32463,28646,190963
2024-07,HX-C0463,1,0,1,16967099,285,85000,568562,129827,32456,28640,190923
2024-08,HX-C0463,1,0,1,17367514,285,85000,579974,131565,32891,29023,193479
2024-09,HX-C0463,1,0,1,17895487,285,85000,595021,134088,33522,29579,197189
2024-10,HX-C0463,1,0,1,18199205,285,85000,603677,135136,33784,29810,198730
2024-11,HX-C0463,1,0,1,18922215,285,85000,624283,138815,34703,30622,204140
2024-12,HX-C0463,1,0,1,19443908,285,85000,639151,141165,35291,31140,207596
2025-01,HX-C0463,1,0,1,19573990,285,85000,642858,141021,35255,31109,207385
2025-02,HX-C0463,1,0,1,20232340,285,85000,661621,144148,36037,31798,211983
2025-03,HX-C0463,1,0,1,20952650,285,85000,682150,147600,36900,32560,217060
2025-04,HX-C0463,1,0,1,21944448,285,85000,710416,152653,38163,33675,224491
2025-05,HX-C0463,1,0,1,22087236,285,85000,714486,152459,38114,33632,224205
2025-06,HX-C0463,1,0,1,22626582,285,85000,729857,154647,38661,34115,227423
2025-07,HX-C0463,1,0,1,23274687,285,85000,748328,157441,39360,34731,231532
2025-08,HX-C0463,1,0,1,23689500,285,85000,760150,158792,39698,35028,233518
2025-09,HX-C0463,1,0,1,24962699,285,85000,796436,165180,41295,36437,242912
2025-10,HX-C0463,1,0,1,25733824,285,85000,818413,168514,42128,37173,247815
2025-11,HX-C0463,1,0,1,26373512,285,85000,836645,171016,42754,37725,251495
2025-12,HX-C0463,1,0,1,27158635,285,85000,859021,174305,43576,38450,256331
2026-01,HX-C0463,1,0,1,28106197,285,85000,886026,178459,44614,39367,262440
2026-02,HX-C0463,1,0,1,28788648,285,85000,905476,181022,45255,39932,266209
2026-03,HX-C0463,1,0,1,29842301,285,85000,935505,185626,46406,40948,272980
2026-04,HX-C0463,1,0,1,30846640,285,85000,964129,189863,47465,41883,279211
2026-05,HX-C0463,1,0,1,31690165,285,85000,988169,193119,48279,42601,283999
2026-06,HX-C0463,1,0,1,32029086,285,85000,997828,193514,48378,42688,284580
2026-07,HX-C0463,1,0,1,33309039,285,85000,1034307,199041,49760,43907,292708
2026-05,HX-C0464,11,0,1,15159605,285,85000,517048,101047,25261,22291,148599
2026-06,HX-C0464,11,0,1,15516711,285,85000,527226,102247,25561,22556,150364
2026-07,HX-C0464,11,0,1,15866619,285,85000,537198,103378,25844,22805,152027
2024-08,HX-C0465,4,0,1,111239619,285,85000,3255329,738464,184616,162897,1085977
2024-09,HX-C0465,4,0,1,114005304,285,85000,3334151,751357,187839,165741,1104937
2024-10,HX-C0465,4,0,1,116423360,285,85000,3403065,761795,190448,168045,1120288
2024-11,HX-C0465,4,0,1,119140344,285,85000,3480499,773923,193480,170720,1138123
2024-12,HX-C0465,4,0,1,121012505,285,85000,3533856,780501,195125,172170,1147796
2025-01,HX-C0465,4,0,1,122059414,285,85000,3563693,781759,195439,172449,1149647
2025-02,HX-C0465,4,0,1,124508729,285,85000,3633498,791636,197909,174627,1164172
2025-03,HX-C0465,4,0,1,128491772,285,85000,3747015,810764,202691,178845,1192300
2025-04,HX-C0465,4,0,1,130120814,285,85000,3793443,815134,203783,179810,1198727
2025-05,HX-C0465,4,0,1,130929684,285,85000,3816495,814378,203594,179644,1197616
2025-06,HX-C0465,4,0,1,133485379,285,85000,3889333,824102,206025,181789,1211916
2025-07,HX-C0465,4,0,1,137549177,285,85000,4005151,842651,210662,185880,1239193
2025-08,HX-C0465,4,0,1,138635487,285,85000,4036111,843127,210781,185985,1239893
2025-09,HX-C0465,4,0,1,143027078,285,85000,4161271,863047,215761,190379,1269187
2025-10,HX-C0465,4,0,1,149366486,285,85000,4341944,894023,223505,197212,1314740
2025-11,HX-C0465,4,0,1,155290337,285,85000,4510774,922037,230509,203392,1355938
2025-12,HX-C0465,4,0,1,155625293,285,85000,4520320,917226,229306,202331,1348863
2026-01,HX-C0465,4,0,1,158818651,285,85000,4611331,928795,232198,204883,1365876
2026-02,HX-C0465,4,0,1,161585095,285,85000,4690175,937659,234414,206838,1378911
2026-03,HX-C0465,4,0,1,167336572,285,85000,4854092,963168,240792,212464,1416424
2026-04,HX-C0465,4,0,1,171343486,285,85000,4968289,978394,244598,215824,1438816
2026-05,HX-C0465,4,0,1,174662373,285,85000,5062877,989447,247361,218262,1455070
2026-06,HX-C0465,4,0,1,178416561,285,85000,5169871,1002623,250655,221169,1474447
2026-07,HX-C0465,4,0,1,181315912,285,85000,5252503,1010791,252697,222970,1486458
2024-02,HX-C0466,2,0,1,13432583,285,85000,467828,110324,27581,24337,162242
2024-03,HX-C0466,2,0,1,13935809,285,85000,482170,112985,28246,24924,166155
2024-04,HX-C0466,2,0,1,14452784,285,85000,496904,115694,28923,25522,170139
2024-05,HX-C0466,2,0,1,14813809,285,85000,507193,117331,29332,25884,172547
2024-06,HX-C0466,2,0,1,15350141,285,85000,522479,120085,30021,26491,176597
2024-07,HX-C0466,2,0,1,15908979,285,85000,538405,122941,30735,27120,180796
2024-08,HX-C0466,2,0,1,16074138,285,85000,543112,123203,30800,27179,181182
2024-09,HX-C0466,2,0,1,16316918,285,85000,550032,123950,30987,27343,182280
2024-10,HX-C0466,2,0,1,16654115,285,85000,559642,125279,31319,27636,184234
2024-11,HX-C0466,2,0,1,17166414,285,85000,574242,127688,31922,28167,187777
2024-12,HX-C0466,2,0,1,17293823,285,85000,577873,127631,31907,28155,187693
2025-01,HX-C0466,2,0,1,17484594,285,85000,583310,127959,31989,28227,188175
2025-02,HX-C0466,2,0,1,18642107,285,85000,616300,134274,33568,29620,197462
2025-03,HX-C0466,2,0,1,19090845,285,85000,629089,136119,34029,30028,200176
2025-04,HX-C0466,2,0,1,19952857,285,85000,653656,140457,35114,30984,206555
2025-05,HX-C0466,2,0,1,20617980,285,85000,672612,143524,35881,31660,211065
2025-06,HX-C0466,2,0,1,21313217,285,85000,692426,146716,36679,32364,215759
2025-07,HX-C0466,2,0,1,21836055,285,85000,707327,148815,37203,32828,218846
2025-08,HX-C0466,2,0,1,22616246,285,85000,729563,152402,38100,33619,224121
2025-09,HX-C0466,2,0,1,23006706,285,85000,740691,153618,38404,33888,225910
2025-10,HX-C0466,2,0,1,23550640,285,85000,756193,155703,38925,34347,228975
2025-11,HX-C0466,2,0,1,23592336,285,85000,757381,154814,38703,34151,227668
2025-12,HX-C0466,2,0,0,0,285,0,0,0,0,0,0
2026-01,HX-C0466,2,0,0,0,285,0,0,0,0,0,0
2026-02,HX-C0466,2,0,0,0,285,0,0,0,0,0,0
2026-03,HX-C0466,2,0,0,0,285,0,0,0,0,0,0
2026-04,HX-C0466,2,0,0,0,285,0,0,0,0,0,0
2026-05,HX-C0466,2,0,0,0,285,0,0,0,0,0,0
2026-06,HX-C0466,2,0,0,0,285,0,0,0,0,0,0
2026-07,HX-C0466,2,0,0,0,285,0,0,0,0,0,0
2024-08,HX-C0467,4,0,1,26623350,285,85000,843765,191406,47851,42223,281480
2024-09,HX-C0467,4,0,1,27018933,285,85000,855039,192684,48171,42504,283359
2024-10,HX-C0467,4,0,1,27768033,285,85000,876388,196184,49046,43276,288506
2024-11,HX-C0467,4,0,1,28332757,285,85000,892483,198451,49612,43778,291841
2024-12,HX-C0467,4,0,1,29515220,285,85000,926183,204560,51140,45124,300824
2025-01,HX-C0467,4,0,1,29824996,285,85000,935012,205111,51277,45246,301634
2025-02,HX-C0467,4,0,1,30064494,285,85000,941838,205199,51299,45266,301764
2025-03,HX-C0467,4,0,1,31347597,285,85000,978406,211703,52925,46700,311328
2025-04,HX-C0467,4,0,1,32195178,285,85000,1002562,215430,53857,47522,316809
2025-05,HX-C0467,4,0,1,33141213,285,85000,1029524,219683,54920,48461,323064
2025-06,HX-C0467,4,0,1,33302153,285,85000,1034111,219115,54778,48335,322228
2025-07,HX-C0467,4,0,1,34185795,285,85000,1059295,222866,55716,49163,327745
2025-08,HX-C0467,4,0,1,35166461,285,85000,1087244,227120,56780,50101,334001
2025-09,HX-C0467,4,0,1,35991777,285,85000,1110765,230372,57593,50818,338783
2025-10,HX-C0467,4,0,1,37174364,285,85000,1144469,235650,58912,51983,346545
2025-11,HX-C0467,4,0,1,38223793,285,85000,1174378,240052,60013,52953,353018
2025-12,HX-C0467,4,0,1,38650907,285,85000,1186550,240764,60191,53111,354066
2026-01,HX-C0467,4,0,1,39489697,285,85000,1210456,243805,60951,53781,358537
2026-02,HX-C0467,4,0,1,40564579,285,85000,1241090,248118,62029,54733,364880
2026-03,HX-C0467,4,0,1,41503148,285,85000,1267839,251569,62892,55494,369955
2026-04,HX-C0467,4,0,1,42035348,285,85000,1283007,252659,63164,55735,371558
2026-05,HX-C0467,4,0,1,43658631,285,85000,1329270,259781,64945,57306,382032
2026-06,HX-C0467,4,0,1,44708809,285,85000,1359201,263597,65899,58148,387644
2026-07,HX-C0467,4,0,1,46770266,285,85000,1417952,272870,68217,60193,401280
2025-05,HX-C0468,7,0,1,61551908,285,85000,1839229,392462,98115,86573,577150
2025-06,HX-C0468,7,0,1,62683193,285,85000,1871471,396542,99135,87473,583150
2025-07,HX-C0468,7,0,1,63505545,285,85000,1894908,398673,99668,87943,586284
2025-08,HX-C0468,7,0,1,64661751,285,85000,1927859,402721,100680,88837,592238
2025-09,HX-C0468,7,0,1,65539533,285,85000,1952876,405026,101256,89345,595627
2025-10,HX-C0468,7,0,1,67305503,285,85000,2003206,412467,103116,90987,606570
2025-11,HX-C0468,7,0,1,68116468,285,85000,2026319,414195,103548,91368,609111
2025-12,HX-C0468,7,0,1,69328630,285,85000,2060865,418174,104543,92245,614962
2026-01,HX-C0468,7,0,1,71170962,285,85000,2113372,425666,106416,93898,625980
2026-02,HX-C0468,7,0,1,74353886,285,85000,2204085,440640,110160,97200,648000
2026-03,HX-C0468,7,0,1,75550644,285,85000,2238193,444110,111027,97967,653104
2026-04,HX-C0468,7,0,1,77217904,285,85000,2285710,450119,112529,99293,661941
2026-05,HX-C0468,7,0,1,79296977,285,85000,2344963,458280,114570,101092,673942
2026-06,HX-C0468,7,0,1,81225527,285,85000,2399927,465432,116358,102669,684459
2026-07,HX-C0468,7,0,1,83146579,285,85000,2454677,472377,118094,104202,694673
2023-08,HX-C0469,0,0,1,31855410,285,85000,992879,243056,60764,53616,357436
2023-09,HX-C0469,0,0,1,32404170,285,85000,1008518,245375,61343,54129,360847
2023-10,HX-C0469,0,0,1,32744403,285,85000,1018215,246212,61553,54312,362077
2023-11,HX-C0469,0,0,1,33204606,285,85000,1031331,247840,61960,54672,364472
2023-12,HX-C0469,0,0,1,33809926,285,85000,1048582,250417,62604,55240,368261
2024-01,HX-C0469,0,0,1,34210280,285,85000,1059992,251557,62889,55491,369937
2024-02,HX-C0469,0,0,1,35216516,285,85000,1088670,256734,64183,56633,377550
2024-03,HX-C0469,0,0,1,36076032,285,85000,1113166,260845,65211,57541,383597
2024-04,HX-C0469,0,0,1,36820766,285,85000,1134391,264122,66030,58263,388415
2024-05,HX-C0469,0,0,1,36484368,285,85000,1124804,260207,65051,57400,382658
2024-06,HX-C0469,0,0,1,37402965,285,85000,1150984,264541,66135,58356,389032
2024-07,HX-C0469,0,0,1,37917457,285,85000,1165647,266168,66542,58714,391424
2024-08,HX-C0469,0,0,1,39447342,285,85000,1209249,274315,68578,60512,403405
2024-09,HX-C0469,0,0,1,40968046,285,85000,1252589,282272,70568,62267,415107
2024-10,HX-C0469,0,0,1,42287425,285,85000,1290191,288816,72204,63710,424730
2024-11,HX-C0469,0,0,1,43802675,285,85000,1333376,296488,74122,65403,436013
2024-12,HX-C0469,0,0,1,45761944,285,85000,1389215,306827,76706,67684,451217
2025-01,HX-C0469,0,0,1,46588707,285,85000,1412778,309918,77479,68365,455762
2025-02,HX-C0469,0,0,1,47631450,285,85000,1442496,314279,78569,69327,462175
2025-03,HX-C0469,0,0,1,48737501,285,85000,1474018,318941,79735,70356,469032
2025-04,HX-C0469,0,0,1,49703625,285,85000,1501553,322653,80663,71174,474490
2025-05,HX-C0469,0,0,1,50811353,285,85000,1533123,327143,81785,72165,481093
2025-06,HX-C0469,0,0,1,52343345,285,85000,1576785,334101,83525,73700,491326
2025-07,HX-C0469,0,0,1,51672399,285,85000,1557663,327719,81929,72292,481940
2025-08,HX-C0469,0,0,1,52809937,285,85000,1590083,332161,83040,73272,488473
2025-09,HX-C0469,0,0,1,53562109,285,85000,1611520,334228,83557,73728,491513
2025-10,HX-C0469,0,0,1,55225051,285,85000,1658913,341576,85394,75348,502318
2025-11,HX-C0469,0,0,1,56259360,285,85000,1688391,345120,86280,76130,507530
2025-12,HX-C0469,0,0,1,57498039,285,85000,1723694,349758,87439,77153,514350
2026-01,HX-C0469,0,0,1,58942120,285,85000,1764850,355468,88867,78413,522748
2026-02,HX-C0469,0,0,1,60853645,285,85000,1819328,363719,90929,80234,534882
2026-03,HX-C0469,0,0,1,63007854,285,85000,1880723,373179,93294,82321,548794
2026-04,HX-C0469,0,0,1,64526474,285,85000,1924004,378889,94722,83580,557191
2026-05,HX-C0469,0,0,1,65334423,285,85000,1947031,380511,95127,83938,559576
2026-06,HX-C0469,0,0,1,65810810,285,85000,1960608,380232,95058,83875,559165
2026-07,HX-C0469,0,0,1,66987505,285,85000,1994143,383752,95938,84652,564342
2026-05,HX-C0470,11,0,0,0,235,0,0,0,0,0,0
2026-06,HX-C0470,11,0,0,0,235,0,0,0,0,0,0
2026-07,HX-C0470,11,0,0,0,235,0,0,0,0,0,0
2025-11,HX-C0471,9,0,1,5461277,235,85000,213340,43608,10902,9620,64130
2025-12,HX-C0471,9,0,1,5539993,235,85000,215189,43664,10916,9632,64212
2026-01,HX-C0471,9,0,1,5735203,235,85000,219777,44265,11066,9766,65097
2026-02,HX-C0471,9,0,1,5909065,235,85000,223863,44754,11188,9873,65815
2026-03,HX-C0471,9,0,1,6057725,235,85000,227356,45112,11278,9952,66342
2026-04,HX-C0471,9,0,1,6356362,235,85000,234374,46154,11538,10182,67874
2026-05,HX-C0471,9,0,1,6649547,235,85000,241264,47150,11787,10402,69339
2026-06,HX-C0471,9,0,1,6719881,235,85000,242917,47109,11777,10393,69279
2026-07,HX-C0471,9,0,1,6857527,235,85000,246151,47368,11842,10450,69660
2024-11,HX-C0472,5,0,1,5992449,285,85000,255784,56875,14218,12548,83641
2024-12,HX-C0472,5,0,1,6253119,285,85000,263213,58133,14533,12825,85491
2025-01,HX-C0472,5,0,1,6320843,285,85000,265144,58163,14540,12832,85535
2025-02,HX-C0472,5,0,1,6406991,285,85000,267599,58301,14575,12862,85738
2025-03,HX-C0472,5,0,1,6448286,285,85000,268776,58156,14539,12829,85524
2025-04,HX-C0472,5,0,1,6518053,285,85000,270764,58181,14545,12835,85561
2025-05,HX-C0472,5,0,1,6731013,285,85000,276833,59071,14767,13032,86870
2025-06,HX-C0472,5,0,1,7063074,285,85000,286297,60662,15165,13383,89210
2025-07,HX-C0472,5,0,1,7234355,285,85000,291179,61261,15315,13514,90090
2025-08,HX-C0472,5,0,1,7298370,285,85000,293003,61206,15301,13503,90010
2025-09,HX-C0472,5,0,1,7478204,285,85000,298128,61831,15457,13641,90929
2025-10,HX-C0472,5,0,1,7504733,285,85000,298884,61541,15385,13576,90502
2025-11,HX-C0472,5,0,1,7677648,285,85000,303812,62101,15525,13699,91325
2025-12,HX-C0472,5,0,1,7978482,285,85000,312386,63386,15846,13983,93215
2026-01,HX-C0472,5,0,1,8007483,285,85000,313213,63085,15771,13917,92773
2026-02,HX-C0472,5,0,1,8097814,285,85000,315787,63131,15782,13928,92841
2026-03,HX-C0472,5,0,1,8177880,285,85000,318069,63112,15778,13922,92812
2026-04,HX-C0472,5,0,1,8379326,285,85000,323810,63767,15941,14067,93775
2026-05,HX-C0472,5,0,1,8502518,285,85000,327321,63968,15992,14112,94072
2026-06,HX-C0472,5,0,1,8810398,285,85000,336096,65180,16295,14379,95854
2026-07,HX-C0472,5,0,1,8851417,285,85000,337265,64902,16225,14318,95445
2024-11,HX-C0473,5,0,1,15297032,285,85000,520965,115841,28960,25554,170355
2024-12,HX-C0473,5,0,1,15548127,285,85000,528121,116642,29160,25731,171533
2025-01,HX-C0473,5,0,1,15898831,285,85000,538116,118045,29511,26040,173596
2025-02,HX-C0473,5,0,1,16247358,285,85000,548049,119403,29850,26341,175594
2025-03,HX-C0473,5,0,1,16650227,285,85000,559531,121068,30267,26707,178042
2025-04,HX-C0473,5,0,1,17232077,285,85000,576114,123795,30948,27309,182052
2025-05,HX-C0473,5,0,1,17687789,285,85000,589101,125704,31426,27729,184859
2025-06,HX-C0473,5,0,1,18226611,285,85000,604458,128077,32019,28253,188349
2025-07,HX-C0473,5,0,1,18712749,285,85000,618313,130088,32522,28696,191306
2025-08,HX-C0473,5,0,1,19538340,285,85000,641842,134077,33519,29577,197173
2025-09,HX-C0473,5,0,1,20078340,285,85000,657232,136309,34077,30069,200455
2025-10,HX-C0473,5,0,1,20566129,285,85000,671134,138188,34547,30484,203219
2025-11,HX-C0473,5,0,1,21125558,285,85000,687078,140443,35110,30982,206535
2025-12,HX-C0473,5,0,1,21709331,285,85000,703715,142791,35697,31500,209988
2026-01,HX-C0473,5,0,1,21820438,285,85000,706882,142377,35594,31407,209378
2026-02,HX-C0473,5,0,1,22791346,285,85000,734553,146851,36712,32395,215958
2026-03,HX-C0473,5,0,1,23365742,285,85000,750923,149000,37250,32869,219119
2026-04,HX-C0473,5,0,1,23903480,285,85000,766249,150895,37723,33287,221905
2026-05,HX-C0473,5,0,1,23873196,285,85000,765386,149580,37395,32996,219971
2026-06,HX-C0473,5,0,1,24356362,285,85000,779156,151106,37776,33333,222215
2026-07,HX-C0473,5,0,1,24990453,285,85000,797227,153418,38354,33843,225615
2023-11,HX-C0474,1,0,1,47066285,235,85000,1191057,286224,71556,63139,420919
2023-12,HX-C0474,1,0,1,47940935,235,85000,1211611,289351,72337,63829,425517
2024-01,HX-C0474,1,0,1,50438346,235,85000,1270301,301467,75366,66502,443335
2024-02,HX-C0474,1,0,1,52106512,235,85000,1309503,308811,77202,68122,454135
2024-03,HX-C0474,1,0,1,53056633,235,85000,1331830,312084,78021,68843,458948
2024-04,HX-C0474,1,0,1,54061274,235,85000,1355439,315589,78897,69616,464102
2024-05,HX-C0474,1,0,1,55677639,235,85000,1393424,322348,80587,71107,474042
2024-06,HX-C0474,1,0,1,58288362,235,85000,1454776,334365,83591,73758,491714
2024-07,HX-C0474,1,0,1,60425830,235,85000,1505007,343659,85914,75808,505381
2024-08,HX-C0474,1,0,1,61854900,235,85000,1538590,349025,87256,76992,513273
2024-09,HX-C0474,1,0,1,62641353,235,85000,1557071,350888,87722,77403,516013
2024-10,HX-C0474,1,0,1,64454972,235,85000,1599691,358100,89525,78993,526618
2024-11,HX-C0474,1,0,1,64576236,235,85000,1602541,356340,89085,78605,524030
2024-12,HX-C0474,1,0,1,66178321,235,85000,1640190,362258,90564,79911,532733
2025-01,HX-C0474,1,0,1,67552429,235,85000,1672482,366888,91722,80932,539542
2025-02,HX-C0474,1,0,1,69178729,235,85000,1710700,372713,93178,82217,548108
2025-03,HX-C0474,1,0,1,70327865,235,85000,1737704,375997,93999,82941,552937
2025-04,HX-C0474,1,0,1,71658338,235,85000,1768970,380115,95028,83851,558994
2025-05,HX-C0474,1,0,1,74201586,235,85000,1828737,390222,97555,86080,573857
2025-06,HX-C0474,1,0,1,76663319,235,85000,1886587,399744,99936,88180,587860
2025-07,HX-C0474,1,0,1,78153121,235,85000,1921598,404288,101072,89182,594542
2025-08,HX-C0474,1,0,1,80373575,235,85000,1973779,412313,103078,90953,606344
2025-09,HX-C0474,1,0,1,81813497,235,85000,2007617,416379,104094,91850,612323
2025-10,HX-C0474,1,0,1,83510072,235,85000,2047486,421585,105396,92997,619978
2025-11,HX-C0474,1,0,1,86533466,235,85000,2118536,433045,108261,95525,636831
2025-12,HX-C0474,1,0,1,88209085,235,85000,2157913,437866,109466,96589,643921
2026-01,HX-C0474,1,0,1,90170980,235,85000,2204018,443924,110981,97925,652830
2026-02,HX-C0474,1,0,1,91980745,235,85000,2246547,449129,112282,99073,660484
2026-03,HX-C0474,1,0,1,94064904,235,85000,2295525,455487,113871,100476,669834
2026-04,HX-C0474,1,0,1,95368724,235,85000,2326165,458086,114521,101050,673657
2026-05,HX-C0474,1,0,1,99004030,235,85000,2411594,471302,117825,103965,693092
2026-06,HX-C0474,1,0,1,103203814,235,85000,2510289,486835,121708,107391,715934
2026-07,HX-C0474,1,0,1,105197177,235,85000,2557133,492094,123023,108551,723668
2024-08,HX-C0475,4,0,1,45816436,235,85000,1161686,263525,65881,58132,387538
2024-09,HX-C0475,4,0,1,46539724,235,85000,1178683,265618,66404,58593,390615
2024-10,HX-C0475,4,0,1,46100602,235,85000,1168364,261545,65386,57694,384625
2024-11,HX-C0475,4,0,1,47276586,235,85000,1195999,265941,66485,58665,391091
2024-12,HX-C0475,4,0,1,48943245,235,85000,1235166,272803,68200,60178,401181
2025-01,HX-C0475,4,0,1,49658863,235,85000,1251983,274644,68661,60584,403889
2025-02,HX-C0475,4,0,1,50677617,235,85000,1275923,277987,69496,61322,408805
2025-03,HX-C0475,4,0,1,52147977,235,85000,1310477,283555,70888,62550,416993
2025-04,HX-C0475,4,0,1,53260738,235,85000,1336627,287214,71803,63357,422374
2025-05,HX-C0475,4,0,1,54407682,235,85000,1363580,290965,72741,64185,427891
2025-06,HX-C0475,4,0,1,57135076,235,85000,1427674,302506,75626,66731,444863
2025-07,HX-C0475,4,0,1,59171662,235,85000,1475534,310440,77610,68480,456530
2025-08,HX-C0475,4,0,1,60264109,235,85000,1501206,313595,78398,69177,461170
2025-09,HX-C0475,4,0,1,61742973,235,85000,1535959,318557,79639,70271,468467
2025-10,HX-C0475,4,0,1,63159808,235,85000,1569255,323115,80778,71277,475170
2025-11,HX-C0475,4,0,1,63851413,235,85000,1585508,324090,81022,71491,476603
2025-12,HX-C0475,4,0,1,65025163,235,85000,1613091,327315,81828,72203,481346
2026-01,HX-C0475,4,0,1,66444769,235,85000,1646452,331621,82905,73153,487679
2026-02,HX-C0475,4,0,1,68047324,235,85000,1684112,336687,84171,74270,495128
2026-03,HX-C0475,4,0,1,69720380,235,85000,1723428,341969,85492,75435,502896
2026-04,HX-C0475,4,0,1,71477782,235,85000,1764727,347523,86880,76661,511064
2026-05,HX-C0475,4,0,1,73729110,235,85000,1817634,355223,88805,78360,522388
2026-06,HX-C0475,4,0,1,74924687,235,85000,1845730,357953,89488,78961,526402
2026-07,HX-C0475,4,0,1,77225538,235,85000,1899800,365597,91399,80647,537643
2024-02,HX-C0476,2,0,1,19060839,285,85000,628233,148152,37038,32681,217871
2024-03,HX-C0476,2,0,1,19926992,285,85000,652919,152996,38249,33750,224995
2024-04,HX-C0476,2,0,1,20205071,285,85000,660844,153864,38466,33942,226272
2024-05,HX-C0476,2,0,1,21010609,285,85000,683802,158187,39546,34896,232629
2024-06,HX-C0476,2,0,1,21100469,285,85000,686363,157753,39438,34799,231990
2024-07,HX-C0476,2,0,1,21638173,285,85000,701687,160225,40056,35345,235626
2024-08,HX-C0476,2,0,1,22159085,285,85000,716533,162543,40635,35857,239035
2024-09,HX-C0476,2,0,1,22876155,285,85000,736970,166077,41519,36635,244231
2024-10,HX-C0476,2,0,1,23516602,285,85000,755223,169060,42265,37294,248619
2024-11,HX-C0476,2,0,1,24189197,285,85000,774392,172193,43048,37985,253226
2024-12,HX-C0476,2,0,1,24618811,285,85000,786636,173739,43434,38326,255499
2025-01,HX-C0476,2,0,1,25007157,285,85000,797703,174989,43747,38602,257338
2025-02,HX-C0476,2,0,1,25837673,285,85000,821373,178953,44738,39476,263167
2025-03,HX-C0476,2,0,1,26773536,285,85000,848045,183495,45873,40479,269847
2025-04,HX-C0476,2,0,1,27128971,285,85000,858175,184404,46101,40678,271183
2025-05,HX-C0476,2,0,1,27359381,285,85000,864742,184522,46130,40704,271356
2025-06,HX-C0476,2,0,1,28102878,285,85000,885932,187718,46929,41409,276056
2025-07,HX-C0476,2,0,1,28654666,285,85000,901657,189700,47425,41847,278972
2025-08,HX-C0476,2,0,1,29168396,285,85000,916299,191411,47852,42224,281487
2025-09,HX-C0476,2,0,1,29622855,285,85000,929251,192726,48181,42514,283421
2025-10,HX-C0476,2,0,1,29610026,285,85000,928885,191260,47815,42191,281266
2025-11,HX-C0476,2,0,1,30360231,285,85000,950266,194241,48560,42848,285649
2025-12,HX-C0476,2,0,1,30901310,285,85000,965687,195949,48987,43225,288161
2026-01,HX-C0476,2,0,1,31874114,285,85000,993412,200088,50022,44138,294248
2026-02,HX-C0476,2,0,1,32313584,285,85000,1005937,201106,50276,44363,295745
2026-03,HX-C0476,2,0,1,33052804,285,85000,1027004,203781,50945,44953,299679
2026-04,HX-C0476,2,0,1,33616313,285,85000,1043064,205408,51352,45311,302071
2026-05,HX-C0476,2,0,1,34809515,285,85000,1077071,210494,52623,46433,309550
2026-06,HX-C0476,2,0,1,35906509,285,85000,1108335,214945,53736,47416,316097
2026-07,HX-C0476,2,0,1,36726140,285,85000,1131694,217782,54445,48042,320269
2024-02,HX-C0477,2,0,1,22261823,285,85000,719461,169666,42416,37427,249509
2024-03,HX-C0477,2,0,1,23329922,285,85000,749902,175722,43930,38764,258416
2024-04,HX-C0477,2,0,1,23967114,285,85000,768062,178829,44707,39448,262984
2024-05,HX-C0477,2,0,1,24582884,285,85000,785612,181740,45435,40090,267265
2024-06,HX-C0477,2,0,1,25661436,285,85000,816350,187629,46907,41390,275926
2024-07,HX-C0477,2,0,1,26316498,285,85000,835020,190671,47667,42061,280399
2024-08,HX-C0477,2,0,1,27264682,285,85000,862043,195552,48888,43137,287577
2024-09,HX-C0477,2,0,1,28016758,285,85000,883477,199093,49773,43918,292784
2024-10,HX-C0477,2,0,1,28563985,285,85000,899073,201262,50315,44397,295974
2024-11,HX-C0477,2,0,1,29414140,285,85000,923302,205304,51326,45289,301919
2024-12,HX-C0477,2,0,1,29795080,285,85000,934159,206321,51580,45513,303414
2025-01,HX-C0477,2,0,1,30957840,285,85000,967298,212194,53048,46808,312050
2025-02,HX-C0477,2,0,1,31694960,285,85000,988306,215324,53831,47498,316653
2025-03,HX-C0477,2,0,1,32562533,285,85000,1013032,219195,54798,48353,322346
2025-04,HX-C0477,2,0,1,33359311,285,85000,1035740,222559,55639,49095,327293
2025-05,HX-C0477,2,0,1,34209255,285,85000,1059963,226178,56544,49894,332616
2025-06,HX-C0477,2,0,1,35928499,285,85000,1108962,234975,58743,51834,345552
2025-07,HX-C0477,2,0,1,36547200,285,85000,1126595,237026,59256,52286,348568
2025-08,HX-C0477,2,0,1,37801330,285,85000,1162337,242806,60701,53562,357069
2025-09,HX-C0477,2,0,1,38022458,285,85000,1168640,242375,60593,53467,356435
2025-10,HX-C0477,2,0,1,38851187,285,85000,1192258,245490,61372,54153,361015
2025-11,HX-C0477,2,0,1,39561393,285,85000,1212499,247844,61961,54672,364477
2025-12,HX-C0477,2,0,1,40870955,285,85000,1249822,253603,63400,55943,372946
2026-01,HX-C0477,2,0,1,42210838,285,85000,1288008,259424,64856,57227,381507
2026-02,HX-C0477,2,0,1,43579596,285,85000,1327018,265297,66324,58522,390143
2026-03,HX-C0477,2,0,1,44638578,285,85000,1357199,269300,67325,59405,396030
2026-04,HX-C0477,2,0,1,46576878,285,85000,1412441,278148,69537,61357,409042
2026-05,HX-C0477,2,0,1,47849206,285,85000,1448702,283122,70780,62454,416356
2026-06,HX-C0477,2,0,1,49361042,285,85000,1491789,289311,72327,63820,425458
2026-07,HX-C0477,2,0,1,50953260,285,85000,1537167,295812,73953,65253,435018
2023-08,HX-C0478,0,0,1,55834219,285,85000,1676275,410352,102588,90519,603459
2023-09,HX-C0478,0,0,1,58100322,285,85000,1740859,423557,105889,93433,622879
2023-10,HX-C0478,0,0,1,59753583,285,85000,1787977,432346,108086,95372,635804
2023-11,HX-C0478,0,0,1,61743251,285,85000,1844682,443298,110824,97788,651910
2023-12,HX-C0478,0,0,1,63884665,285,85000,1905712,455114,113778,100394,669286
2024-01,HX-C0478,0,0,1,66152829,285,85000,1970355,467604,116901,103148,687653
2024-02,HX-C0478,0,0,1,67897057,285,85000,2020066,476379,119094,105085,700558
2024-03,HX-C0478,0,0,1,69085690,285,85000,2053942,481295,120323,106170,707788
2024-04,HX-C0478,0,0,1,69753449,285,85000,2072973,482653,120663,106469,709785
2024-05,HX-C0478,0,0,1,70748129,285,85000,2101321,486110,121527,107232,714869
2024-06,HX-C0478,0,0,1,73263306,285,85000,2173004,499443,124860,110172,734475
2024-07,HX-C0478,0,0,1,74560030,285,85000,2209960,504630,126157,111317,742104
2024-08,HX-C0478,0,0,1,77234654,285,85000,2286187,518616,129654,114401,762671
2024-09,HX-C0478,0,0,1,78852446,285,85000,2332294,525586,131396,115940,772922
2024-10,HX-C0478,0,0,1,80068778,285,85000,2366960,529858,132464,116881,779203
2024-11,HX-C0478,0,0,1,81919207,285,85000,2419697,538043,134510,118687,791240
2024-12,HX-C0478,0,0,1,84121047,285,85000,2482449,548283,137070,120946,806299
2025-01,HX-C0478,0,0,1,87367036,285,85000,2574960,564863,141215,124604,830682
2025-02,HX-C0478,0,0,1,88987872,285,85000,2621154,571075,142768,125974,839817
2025-03,HX-C0478,0,0,1,90223008,285,85000,2656355,574771,143692,126789,845252
2025-04,HX-C0478,0,0,1,93554902,285,85000,2751314,591202,147800,130413,869415
2025-05,HX-C0478,0,0,1,95948851,285,85000,2819542,601644,150411,132717,884772
2025-06,HX-C0478,0,0,1,100968462,285,85000,2962601,627739,156934,138473,923146
2025-07,HX-C0478,0,0,1,102143133,285,85000,2996079,630350,157587,139049,926986
2025-08,HX-C0478,0,0,1,104803760,285,85000,3071907,641708,160427,141554,943689
2025-09,HX-C0478,0,0,1,107350370,285,85000,3144485,652165,163041,143861,959067
2025-10,HX-C0478,0,0,1,110087311,285,85000,3222488,663522,165880,146367,975769
2025-11,HX-C0478,0,0,1,112142131,285,85000,3281050,670672,167668,147943,986283
2025-12,HX-C0478,0,0,1,115225917,285,85000,3368938,683597,170899,150795,1005291
2026-01,HX-C0478,0,0,1,118467915,285,85000,3461335,697167,174291,153789,1025247
2026-02,HX-C0478,0,0,1,120566078,285,85000,3521133,703944,175986,155283,1035213
2026-03,HX-C0478,0,0,1,126685700,285,85000,3695542,733284,183321,161754,1078359
2026-04,HX-C0478,0,0,1,132413797,285,85000,3858793,759904,189976,167626,1117506
2026-05,HX-C0478,0,0,1,135645693,285,85000,3950902,772132,193033,170324,1135489
2026-06,HX-C0478,0,0,1,138922314,285,85000,4044285,784332,196083,173015,1153430
2026-07,HX-C0478,0,0,1,143912841,285,85000,4186515,805652,201413,177718,1184783
2025-02,HX-C0479,6,0,1,3955532,285,85000,197732,43080,10770,9503,63353
2025-03,HX-C0479,6,0,1,4031019,285,85000,199884,43250,10812,9541,63603
2025-04,HX-C0479,6,0,1,4082557,285,85000,201352,43266,10816,9545,63627
2025-05,HX-C0479,6,0,1,4225016,285,85000,205412,43831,10957,9670,64458
2025-06,HX-C0479,6,0,1,4247541,285,85000,206054,43660,10915,9631,64206
2025-07,HX-C0479,6,0,1,4376641,285,85000,209734,44125,11031,9735,64891
2025-08,HX-C0479,6,0,1,4586019,285,85000,215701,45058,11264,9941,66263
2025-09,HX-C0479,6,0,1,4812480,285,85000,222155,46074,11518,10165,67757
2025-10,HX-C0479,6,0,1,4949618,285,85000,226064,46547,11636,10269,68452
2025-11,HX-C0479,6,0,1,5078151,285,85000,229727,46957,11739,10359,69055
2025-12,HX-C0479,6,0,1,5350642,285,85000,237493,48189,12047,10631,70867
2026-01,HX-C0479,6,0,1,5532115,285,85000,242665,48876,12219,10782,71877
2026-02,HX-C0479,6,0,1,5594043,285,85000,244430,48866,12216,10780,71862
2026-03,HX-C0479,6,0,1,5699255,285,85000,247428,49095,12273,10831,72199
2026-04,HX-C0479,6,0,1,5761899,285,85000,249214,49076,12269,10827,72172
2026-05,HX-C0479,6,0,1,5938847,285,85000,254257,49689,12422,10962,73073
2026-06,HX-C0479,6,0,1,6081343,285,85000,258318,50096,12524,11052,73672
2026-07,HX-C0479,6,0,1,6210972,285,85000,262012,50421,12605,11123,74149
2026-05,HX-C0480,11,0,1,48487061,235,85000,1224445,239295,59823,52787,351905
2026-06,HX-C0480,11,0,1,49661169,235,85000,1252037,242814,60703,53563,357080
2026-07,HX-C0480,11,0,1,51479151,235,85000,1294760,249163,62290,54964,366417
